id,config,split,cd,drag_area,cl,cl_f,cl_r,frontal_area,convex_hull_volume,bbox_volume,length_x,width_y,height_z,raw_stl_path,normalized_stl_path,pointcloud_path,B_Ramp_Angle,B_Diffusor_Angle,B_Trunklid_Angle,C_Side_Mirrors_Rotation,D_Rear_Window_Inclination,D_Winscreen_Inclination,C_Side_Mirrors_Translate_X,C_Side_Mirrors_Translate_Z,D_Winscreen_Length,D_Rear_Window_Length,E_A_B_C_Pillar_Thickness,G_Trunklid_Curvature,G_Trunklid_Length,H_Front_Bumper_Curvature,H_Front_Bumper_Length,F_Door_Handles_Thickness,F_Door_Handles_Z_Position,E_Fenders_Arch_Offset,A_Car_Length,F_Door_Handles_X_Position,A_Car_Width,A_Car_Roof_Height,A_Car_Green_House_Angle
F_S_WWC_WM_001,F_S_WWC_WM,train,0.273907096139534,0.026514206906306893,0.0214177362578405,-0.0528388160913621,0.0742565523457807,0.0968,0.0807972119500663,0.1268076118110725,0.9999558003134018,0.4252440331693232,0.298212807291813,raw_stl/F_S_WWC_WM/F_S_WWC_WM_001.stl,normalized/F_S_WWC_WM/F_S_WWC_WM_001_norm.stl,pointclouds/F_S_WWC_WM/F_S_WWC_WM_001_pc.ply,10.1099,11.4064,-6.22147,-12.0162,2.26,-0.5,-5.53895,0.988306,-14.4631,88.4825,-12.8101,0.7,-15.4682,-0.3,-9.34836,24.939,1.58493,21.2484,103.785,-25.4121,-15.0242,28.4813,16.4525
F_S_WWC_WM_002,F_S_WWC_WM,test,0.224396346109634,0.022664030957073034,-0.0256373203995297,-0.0720878109225913,0.0464504905222591,0.101,0.085959269230777,0.1350210522300167,0.9999361721530496,0.4392391972213203,0.3074171698186261,raw_stl/F_S_WWC_WM/F_S_WWC_WM_002.stl,normalized/F_S_WWC_WM/F_S_WWC_WM_002_norm.stl,pointclouds/F_S_WWC_WM/F_S_WWC_WM_002_pc.ply,1.03776,-2.50048,7.12164,-13.0736,0.43,2.0,-2.40291,2.64545,-23.748,105.888,4.40581,0.7,-6.34908,-0.4,-1.07422,-16.9495,8.157,8.14634,45.08,-36.497,-16.9201,47.0299,125.643
F_S_WWC_WM_003,F_S_WWC_WM,train,0.231947357109634,0.021026027921988318,-0.016399076293981,-0.0305644820827574,0.0141654057932857,0.09065,0.0723079460182023,0.1159404498001629,0.99981681536537,0.405406273896379,0.2860382279876094,raw_stl/F_S_WWC_WM/F_S_WWC_WM_003.stl,normalized/F_S_WWC_WM/F_S_WWC_WM_003_norm.stl,pointclouds/F_S_WWC_WM/F_S_WWC_WM_003_pc.ply,10.4231,7.9281,1.25661,-11.5463,-0.55,1.27,-5.84264,7.94372,49.2193,-33.3192,-5.88646,0.4,11.756,0.6,41.8471,17.3775,1.7845,-14.6882,127.773,35.0857,3.74546,64.5279,-56.1091
F_S_WWC_WM_004,F_S_WWC_WM,train,0.237202027946843,0.026827549360787944,0.0257004403328504,-0.0375489268488372,0.0632493671803986,0.1131,0.0973730191512475,0.1461490114002127,0.9999135882272896,0.483211575081985,0.3024795949102773,raw_stl/F_S_WWC_WM/F_S_WWC_WM_004.stl,normalized/F_S_WWC_WM/F_S_WWC_WM_004_norm.stl,pointclouds/F_S_WWC_WM/F_S_WWC_WM_004_pc.ply,14.5334,-1.17721,4.83007,-9.7897,1.41,2.33,12.9959,6.12042,-40.6043,-11.8186,-5.66616,-0.3,31.3316,0.3,9.76643,28.9669,5.58192,40.9572,30.6317,-40.4925,96.1223,21.3611,15.7273
F_S_WWC_WM_005,F_S_WWC_WM,val,0.265396598568106,0.02931305431184731,0.0682594357704983,-0.021924520526372,0.090183956317176,0.11045,0.09505183810331,0.1401200006519835,0.999990688865242,0.4855926995909176,0.2885572733247095,raw_stl/F_S_WWC_WM/F_S_WWC_WM_005.stl,normalized/F_S_WWC_WM/F_S_WWC_WM_005_norm.stl,pointclouds/F_S_WWC_WM/F_S_WWC_WM_005_pc.ply,12.4013,14.4599,-7.42478,1.53958,1.61,1.63,9.68012,1.45601,-42.2052,-84.3797,1.01613,-0.2,21.7387,0.0,24.237,-12.3992,-6.84681,35.6022,93.1151,-10.7627,125.788,-23.9256,94.305
F_S_WWC_WM_006,F_S_WWC_WM,train,0.238106296827242,0.02599525495611414,-0.0178844620204527,-0.153796644518272,0.13591218245681,0.109175,0.0939910323597638,0.1448739796809935,0.9999645308341758,0.4836482467888638,0.2995547267758756,raw_stl/F_S_WWC_WM/F_S_WWC_WM_006.stl,normalized/F_S_WWC_WM/F_S_WWC_WM_006_norm.stl,pointclouds/F_S_WWC_WM/F_S_WWC_WM_006_pc.ply,-1.18239,-4.10419,-5.55715,-12.5462,-0.02,-0.16,15.3545,-4.72003,-15.7586,-78.7228,-8.19869,0.4,30.444,0.3,13.9644,-10.9339,-28.0959,0.11702,46.9778,-6.3394,145.416,68.9509,-101.955
F_S_WWC_WM_007,F_S_WWC_WM,train,0.234740071747508,0.022693496436190334,-0.0850318119627907,-0.113574892598671,0.0285430806422531,0.096675,0.082094136772224,0.1217741258731956,0.9998000364264212,0.4534010796091268,0.2686329755494646,raw_stl/F_S_WWC_WM/F_S_WWC_WM_007.stl,normalized/F_S_WWC_WM/F_S_WWC_WM_007_norm.stl,pointclouds/F_S_WWC_WM/F_S_WWC_WM_007_pc.ply,-3.54572,3.7762,7.85474,10.048,-1.11,2.45,10.4281,3.52759,10.0366,139.572,-3.17983,0.5,-30.7598,0.8,36.0917,24.216,-3.12102,10.687,105.616,4.99401,135.069,-48.7666,-23.5455
F_S_WWC_WM_008,F_S_WWC_WM,train,0.22642839433887,0.02231451826209564,0.0136679795580259,-0.0116119246979169,0.0252799042560598,0.09855,0.0829055910317048,0.1266595733242591,0.9999294406659356,0.456993381425174,0.2771779988913914,raw_stl/F_S_WWC_WM/F_S_WWC_WM_008.stl,normalized/F_S_WWC_WM/F_S_WWC_WM_008_norm.stl,pointclouds/F_S_WWC_WM/F_S_WWC_WM_008_pc.ply,12.633,-7.61369,17.1409,5.99832,-0.13,-0.49,-8.88564,-1.46593,13.8096,54.7081,-7.33866,0.6,-8.4669,1.0,-14.025,-5.04874,-12.8986,-2.24489,20.6727,-30.2447,107.968,-30.7289,38.0441
F_S_WWC_WM_009,F_S_WWC_WM,train,0.245227904940199,0.027686230467748468,-0.0284634037009833,-0.134844741305647,0.10638133757475,0.1129,0.0982954795852037,0.1479582823392583,0.9999236252793958,0.4878944489325352,0.3032819573959018,raw_stl/F_S_WWC_WM/F_S_WWC_WM_009.stl,normalized/F_S_WWC_WM/F_S_WWC_WM_009_norm.stl,pointclouds/F_S_WWC_WM/F_S_WWC_WM_009_pc.ply,-3.21032,-5.6486,19.5418,-13.942,0.32,1.33,-9.58623,-1.39111,-32.8516,74.847,-6.86976,-0.1,32.6224,0.0,-17.4558,17.9963,-12.1105,37.9954,47.7272,-34.6912,90.9158,29.8537,146.229
F_S_WWC_WM_010,F_S_WWC_WM,train,0.263076827980066,0.029208104826486826,-0.021384283421316,-0.0667386488332226,0.0453543654123063,0.111025,0.0963984401195269,0.1472489837885235,0.999907331838716,0.4584866747334345,0.3211928251378788,raw_stl/F_S_WWC_WM/F_S_WWC_WM_010.stl,normalized/F_S_WWC_WM/F_S_WWC_WM_010_norm.stl,pointclouds/F_S_WWC_WM/F_S_WWC_WM_010_pc.ply,6.97352,-2.88655,9.75021,-11.8799,0.19,-0.01,-6.24626,8.85415,27.9209,-25.1838,-14.9975,-0.3,7.71707,-0.3,1.80588,-2.36095,-24.5383,15.6597,20.4083,37.1007,0.165822,61.3787,9.76996
F_S_WWC_WM_011,F_S_WWC_WM,train,0.244151125408637,0.025403924598768682,-0.0678499433664451,-0.0549735364275747,-0.0128764069379637,0.10405,0.0878084366155559,0.1344301062312886,0.9999705791906232,0.4254014989889197,0.3160168962960897,raw_stl/F_S_WWC_WM/F_S_WWC_WM_011.stl,normalized/F_S_WWC_WM/F_S_WWC_WM_011_norm.stl,pointclouds/F_S_WWC_WM/F_S_WWC_WM_011_pc.ply,6.57949,6.66561,18.5067,5.45106,-1.03,1.7,-2.58923,3.07084,35.2706,36.4613,2.9379,-0.1,19.5965,-0.3,-12.0307,22.9391,-9.10648,21.4199,-38.8848,-32.4435,-58.1035,11.9651,-191.549
F_S_WWC_WM_012,F_S_WWC_WM,train,0.240690970976744,0.022077379312841844,-0.0993621015850498,-0.0668257917049833,-0.0325363098792026,0.091725,0.0744023100713489,0.1180329976918719,0.9996603491118988,0.4220425590283012,0.2797658643655422,raw_stl/F_S_WWC_WM/F_S_WWC_WM_012.stl,normalized/F_S_WWC_WM/F_S_WWC_WM_012_norm.stl,pointclouds/F_S_WWC_WM/F_S_WWC_WM_012_pc.ply,6.44534,13.862,-1.1711,4.30775,-0.22,0.75,-8.17002,-0.122375,13.6006,113.506,-4.48472,0.7,-9.41029,1.0,44.1145,-19.9608,8.75904,-1.53181,17.8193,29.3918,39.919,-12.4171,-174.869
F_S_WWC_WM_013,F_S_WWC_WM,train,0.256251187212624,0.02629777808769554,-0.0384459131478651,-0.0676460038325581,0.0292000906838106,0.102625,0.0863220194585725,0.1301352127549161,0.99976651407026,0.4657444225000546,0.2794786116673448,raw_stl/F_S_WWC_WM/F_S_WWC_WM_013.stl,normalized/F_S_WWC_WM/F_S_WWC_WM_013_norm.stl,pointclouds/F_S_WWC_WM/F_S_WWC_WM_013_pc.ply,1.12961,5.62857,9.94859,-16.5333,-1.64,-0.11,-8.74561,2.76618,9.70142,-82.2163,-13.0838,0.2,19.0303,0.8,44.8196,26.8822,-3.40121,23.3798,65.5835,-3.82065,137.84,0.33236,-151.535
F_S_WWC_WM_014,F_S_WWC_WM,test,0.259772941777408,0.029107558126158565,0.0163309467524584,-0.108459693899003,0.124790640688039,0.11205,0.0992641264138985,0.1434818891516885,0.999981585222948,0.4822007601974041,0.2975618108287605,raw_stl/F_S_WWC_WM/F_S_WWC_WM_014.stl,normalized/F_S_WWC_WM/F_S_WWC_WM_014_norm.stl,pointclouds/F_S_WWC_WM/F_S_WWC_WM_014_pc.ply,-2.96256,-7.55522,0.399867,7.48649,1.81,-0.72,-6.57662,9.95368,-46.6874,-59.3641,-11.6008,-0.2,20.9111,0.0,30.1805,4.22348,18.7686,28.5819,-14.1449,12.8771,94.6877,-38.9676,-26.1092
F_S_WWC_WM_015,F_S_WWC_WM,val,0.245423002392026,0.02899059215755807,-0.119889814415282,-0.0751077103511627,-0.044782104057391,0.118125,0.1016641471929212,0.1557614155161749,0.9999293600407366,0.5035645887406397,0.3093395023329512,raw_stl/F_S_WWC_WM/F_S_WWC_WM_015.stl,normalized/F_S_WWC_WM/F_S_WWC_WM_015_norm.stl,pointclouds/F_S_WWC_WM/F_S_WWC_WM_015_pc.ply,13.8832,12.4585,13.4468,-17.006,-1.55,1.29,16.2663,3.56231,44.9859,114.335,-1.04122,0.2,-11.6541,-0.3,0.642986,6.19208,-2.41841,-0.873207,39.4812,5.72965,120.126,32.523,53.4
F_S_WWC_WM_016,F_S_WWC_WM,train,0.262139826993355,0.02766885873914862,-0.0256849797324335,-0.102078484234883,0.0763935044591362,0.10555,0.089079850327284,0.1347646243183088,0.9999573780357434,0.4374238174810373,0.3081002065050566,raw_stl/F_S_WWC_WM/F_S_WWC_WM_016.stl,normalized/F_S_WWC_WM/F_S_WWC_WM_016_norm.stl,pointclouds/F_S_WWC_WM/F_S_WWC_WM_016_pc.ply,-0.405066,13.7781,-7.15801,15.3269,-0.85,-0.17,6.27646,-4.20453,-20.2767,56.2908,-7.36818,-0.3,-17.7253,0.0,8.74272,25.3704,18.2868,12.8457,-15.9314,12.1756,-17.3021,-16.5856,-88.3032
F_S_WWC_WM_017,F_S_WWC_WM,train,0.234343390754152,0.021325248558627833,-0.0854447365385382,-0.0737382895292358,-0.0117064470017508,0.091,0.0770874111962361,0.1185583455154529,0.9998117962583312,0.4120047136772277,0.2878138499473268,raw_stl/F_S_WWC_WM/F_S_WWC_WM_017.stl,normalized/F_S_WWC_WM/F_S_WWC_WM_017_norm.stl,pointclouds/F_S_WWC_WM/F_S_WWC_WM_017_pc.ply,1.97793,-6.34605,6.55712,-4.85708,-0.86,-0.36,7.38657,-3.73617,-45.6278,-43.1497,1.79762,0.7,-3.73027,0.4,1.69229,1.99823,19.2095,25.4256,-14.5115,45.9524,-37.3922,-28.46,-184.179
F_S_WWC_WM_018,F_S_WWC_WM,train,0.26995776061794,0.02652334998071261,-0.0063266890483255,-0.0116683495211262,0.0053416604689069,0.09825,0.0843310416757541,0.1241266000200638,0.9998068513149828,0.4393461448941075,0.2825803321232499,raw_stl/F_S_WWC_WM/F_S_WWC_WM_018.stl,normalized/F_S_WWC_WM/F_S_WWC_WM_018_norm.stl,pointclouds/F_S_WWC_WM/F_S_WWC_WM_018_pc.ply,8.42412,13.4793,3.00788,2.44136,-0.36,-0.29,-7.37007,1.82983,-36.1622,19.0177,-11.6486,0.3,7.30238,-0.2,23.015,18.6451,-28.74,40.5623,77.7317,-32.8365,40.3494,-56.188,-188.105
F_S_WWC_WM_019,F_S_WWC_WM,train,0.273111902594684,0.025781763604938168,-0.0932910418504983,-0.140152320176079,0.046861278310299,0.0944,0.0814651663476059,0.1194825243847742,0.9997797441727478,0.4092263804609672,0.2920360284937988,raw_stl/F_S_WWC_WM/F_S_WWC_WM_019.stl,normalized/F_S_WWC_WM/F_S_WWC_WM_019_norm.stl,pointclouds/F_S_WWC_WM/F_S_WWC_WM_019_pc.ply,-7.3255,2.8285,4.73723,13.5171,-0.51,0.38,1.71146,-0.474428,11.7326,-55.0455,-4.03375,-0.2,11.2327,-0.3,48.6114,-15.9121,3.99588,44.8749,84.115,4.74663,-46.5623,-15.0785,94.766
F_S_WWC_WM_020,F_S_WWC_WM,train,0.251142074186046,0.025032586244494136,-0.0004946573728073,-0.0530898970106312,0.0525952396393488,0.099675,0.0838813412536332,0.1278937819516124,0.9997685482415892,0.4354617714371612,0.293764914479158,raw_stl/F_S_WWC_WM/F_S_WWC_WM_020.stl,normalized/F_S_WWC_WM/F_S_WWC_WM_020_norm.stl,pointclouds/F_S_WWC_WM/F_S_WWC_WM_020_pc.ply,7.94051,-3.16809,5.39829,-7.96629,0.36,1.39,14.2488,6.66055,25.8901,55.8636,-3.91464,0.3,-38.9589,1.0,28.3864,24.3715,-11.3817,53.1882,-3.18943,37.6009,35.4897,17.73,-172.043
F_S_WWC_WM_021,F_S_WWC_WM,test,0.266910300880398,0.028986458675611226,-0.075978601441196,-0.165963127810631,0.0899845263518272,0.1086,0.0941909762214399,0.1413324696500315,0.9999752152350578,0.478642829469989,0.2952848427404527,raw_stl/F_S_WWC_WM/F_S_WWC_WM_021.stl,normalized/F_S_WWC_WM/F_S_WWC_WM_021_norm.stl,pointclouds/F_S_WWC_WM/F_S_WWC_WM_021_pc.ply,-6.86378,5.51033,-0.685933,-0.0671004,-0.26,-0.1,9.60067,5.42122,34.4282,-11.3987,-0.010091,-0.3,-1.46415,0.3,-23.0138,-0.756505,-1.08802,14.7459,-9.08559,21.2528,46.111,-57.1347,142.137
F_S_WWC_WM_022,F_S_WWC_WM,test,0.233497528807308,0.02444719126612515,-0.0646950151109634,-0.0770296764023255,0.0123346612897873,0.1047,0.0911992450067634,0.1357628341782642,0.999862441882018,0.4753492946157661,0.2856457631587953,raw_stl/F_S_WWC_WM/F_S_WWC_WM_022.stl,normalized/F_S_WWC_WM/F_S_WWC_WM_022_norm.stl,pointclouds/F_S_WWC_WM/F_S_WWC_WM_022_pc.ply,3.52084,-2.83567,18.3826,-19.5256,1.46,-0.28,11.3657,3.54719,22.7839,-53.719,-11.7221,0.2,37.7065,-0.1,39.8712,-17.7849,-25.9193,3.79363,6.0343,-27.9975,95.4318,-55.1658,-119.453
F_S_WWC_WM_023,F_S_WWC_WM,train,0.212362759900332,0.02299888689720595,-0.102797608734551,-0.170726034488372,0.0679284257328903,0.1083,0.0888428811408663,0.1403026444205876,0.9999576348789408,0.4669150857125195,0.3005012964976634,raw_stl/F_S_WWC_WM/F_S_WWC_WM_023.stl,normalized/F_S_WWC_WM/F_S_WWC_WM_023_norm.stl,pointclouds/F_S_WWC_WM/F_S_WWC_WM_023_pc.ply,-4.87858,5.45388,-3.42238,-12.2633,-1.46,-1.34,-2.91008,8.30006,-22.051,113.641,2.37814,-0.3,18.4138,0.9,34.6579,-17.6361,-11.9337,-10.1461,-22.3522,15.2236,64.442,24.2438,24.6809
F_S_WWC_WM_024,F_S_WWC_WM,train,0.253767862249169,0.027444994302247623,0.0626179806421926,-0.0768401544737541,0.139458135126245,0.10815,0.0932865124662576,0.1397429759878848,0.9999414298130606,0.4590881624985625,0.3044102912149498,raw_stl/F_S_WWC_WM/F_S_WWC_WM_024.stl,normalized/F_S_WWC_WM/F_S_WWC_WM_024_norm.stl,pointclouds/F_S_WWC_WM/F_S_WWC_WM_024_pc.ply,4.4463,-4.57939,2.54147,-10.6458,1.69,-0.94,5.6076,7.44182,16.9014,136.853,3.14941,-0.3,-32.7334,0.8,-3.39338,-3.84612,9.96939,54.9885,66.2325,-30.3773,87.0861,53.6408,-152.546
F_S_WWC_WM_025,F_S_WWC_WM,train,0.272816927504983,0.03184455586301914,-0.0004916929592126,-0.13149647961794,0.131004786672093,0.116725,0.098351144439367,0.1477559906799001,0.999734913995044,0.4864983901285067,0.3037937475431151,raw_stl/F_S_WWC_WM/F_S_WWC_WM_025.stl,normalized/F_S_WWC_WM/F_S_WWC_WM_025_norm.stl,pointclouds/F_S_WWC_WM/F_S_WWC_WM_025_pc.ply,-4.39241,10.2037,8.72984,3.39793,-0.71,1.63,10.4966,0.0918085,1.13379,-29.2698,0.587417,-0.2,-21.98,0.9,18.493,11.379,-3.76446,51.7605,38.3587,-48.862,149.105,75.2262,-46.0773
F_S_WWC_WM_026,F_S_WWC_WM,train,0.220793264176079,0.02062209087404578,-0.070024131733887,-0.134337298870431,0.0643131671425249,0.0934,0.0746087350212233,0.1192650831969517,0.9995282975928906,0.3960602742723595,0.301270728533373,raw_stl/F_S_WWC_WM/F_S_WWC_WM_026.stl,normalized/F_S_WWC_WM/F_S_WWC_WM_026_norm.stl,pointclouds/F_S_WWC_WM/F_S_WWC_WM_026_pc.ply,-6.31272,13.3011,5.68266,15.9415,0.85,1.51,12.7882,-2.07286,-28.7895,149.3,3.28345,0.1,-15.9103,0.8,6.3967,-8.4709,-12.189,-15.6113,66.0353,14.989,-34.0072,68.7317,19.6924
F_S_WWC_WM_027,F_S_WWC_WM,train,0.285024257289036,0.03064010765857137,-0.0674916391535947,-0.111501098504983,0.0440094593677375,0.1075,0.0931859610566737,0.1382594711957344,0.9998943299626902,0.4645810849372745,0.2976317527905237,raw_stl/F_S_WWC_WM/F_S_WWC_WM_027.stl,normalized/F_S_WWC_WM/F_S_WWC_WM_027_norm.stl,pointclouds/F_S_WWC_WM/F_S_WWC_WM_027_pc.ply,-3.10985,5.92065,17.0092,-11.2134,1.43,1.6,10.69,3.86315,19.9555,137.495,-11.303,-0.1,-12.0609,0.2,-20.4407,25.9192,-0.932244,27.7268,-6.61818,-40.3024,48.7746,-48.0673,-148.771
F_S_WWC_WM_028,F_S_WWC_WM,val,0.264082182415282,0.0282105791365125,-0.0753258691488372,-0.155767368843853,0.0804414996880398,0.106825,0.092066597620043,0.1387533454963493,0.9998129278798904,0.4551310812782056,0.3049216213619792,raw_stl/F_S_WWC_WM/F_S_WWC_WM_028.stl,normalized/F_S_WWC_WM/F_S_WWC_WM_028_norm.stl,pointclouds/F_S_WWC_WM/F_S_WWC_WM_028_pc.ply,-5.56375,11.3824,17.3038,8.7727,-1.62,1.89,13.4901,6.24127,7.1409,-47.2417,-10.2319,-0.3,-5.37119,-0.1,41.0484,24.4482,28.9555,-4.40516,52.2688,-1.99856,61.8086,35.5504,-182.001
F_S_WWC_WM_029,F_S_WWC_WM,train,0.230276026940199,0.02305063029671392,-0.0221476605742192,-0.0460396775923588,0.0238920170167169,0.1001,0.083685980526041,0.1255404838473511,0.999944100225704,0.4264902921474292,0.2943736451590154,raw_stl/F_S_WWC_WM/F_S_WWC_WM_029.stl,normalized/F_S_WWC_WM/F_S_WWC_WM_029_norm.stl,pointclouds/F_S_WWC_WM/F_S_WWC_WM_029_pc.ply,12.9335,-4.0526,6.26527,13.7199,0.94,2.45,0.772729,9.37148,-14.0135,147.634,2.42086,0.2,16.8725,0.7,-9.81795,0.555643,4.94047,53.5322,30.7721,-4.53353,22.2615,13.7652,49.6413
F_S_WWC_WM_030,F_S_WWC_WM,train,0.243422859089701,0.02771369250736246,-0.0132939354569933,-0.119711852924916,0.106417917461794,0.11385,0.0973889479675699,0.1472007586148492,0.9997728122272932,0.4641606567171223,0.317205274286007,raw_stl/F_S_WWC_WM/F_S_WWC_WM_030.stl,normalized/F_S_WWC_WM/F_S_WWC_WM_030_norm.stl,pointclouds/F_S_WWC_WM/F_S_WWC_WM_030_pc.ply,-4.61031,-3.5626,7.19624,12.2256,-1.53,2.47,0.596081,-1.61839,31.3813,-67.2589,-3.39965,0.0,-29.5612,0.1,46.8148,-7.35808,-4.09663,17.2496,-35.5609,31.1653,55.6087,62.8302,-154.038
F_S_WWC_WM_031,F_S_WWC_WM,train,0.216066482039867,0.021287950142977897,-0.0413393859223222,-0.0590372934737541,0.017697907547897,0.098525,0.0843925082411183,0.1284518286271167,0.9997695958803984,0.4544061613407693,0.2827457948613168,raw_stl/F_S_WWC_WM/F_S_WWC_WM_031.stl,normalized/F_S_WWC_WM/F_S_WWC_WM_031_norm.stl,pointclouds/F_S_WWC_WM/F_S_WWC_WM_031_pc.ply,7.43103,5.77852,8.83336,2.56593,1.77,-1.09,-6.68081,-3.63749,34.4601,76.493,3.01195,0.5,-28.456,0.2,-6.6081,-7.30691,-13.1767,-17.9121,121.107,45.674,91.8386,-17.9835,-2.20381
F_S_WWC_WM_032,F_S_WWC_WM,train,0.277488239724252,0.025785594676376117,-0.0382052119459634,-0.0228481215074817,-0.0153570904361322,0.092925,0.0774345842538262,0.1197521497070243,0.9996039375467456,0.4183985291596157,0.2863289172413344,raw_stl/F_S_WWC_WM/F_S_WWC_WM_032.stl,normalized/F_S_WWC_WM/F_S_WWC_WM_032_norm.stl,pointclouds/F_S_WWC_WM/F_S_WWC_WM_032_pc.ply,9.01404,6.63156,6.23093,-14.1893,0.58,2.39,5.72979,-1.95351,-38.5537,37.864,-14.2378,0.2,-24.6054,0.7,-12.8077,-14.2347,15.9841,44.4371,26.3825,18.933,-43.3371,-37.1463,40.0421
F_S_WWC_WM_033,F_S_WWC_WM,val,0.237503121196013,0.023489058686285685,-0.0848957130498339,-0.192303449700996,0.10740773660897,0.0989,0.0835409941640805,0.126867419127226,0.9999267090233156,0.4393622508974881,0.2887747360785733,raw_stl/F_S_WWC_WM/F_S_WWC_WM_033.stl,normalized/F_S_WWC_WM/F_S_WWC_WM_033_norm.stl,pointclouds/F_S_WWC_WM/F_S_WWC_WM_033_pc.ply,-6.59056,5.21053,-2.28445,16.3777,0.26,1.35,7.85351,4.10143,-30.938,105.464,-1.69803,0.8,-2.86719,0.1,27.1462,11.6582,-28.8417,-2.08886,67.9503,46.5323,85.6384,14.2271,-134.24
F_S_WWC_WM_034,F_S_WWC_WM,train,0.230831116275747,0.02289267595664721,-0.055226814907073,-0.103121267319269,0.0478944524219269,0.099175,0.0845643170599409,0.1302093955043712,0.9997888096546704,0.4275988515191427,0.3045772920521644,raw_stl/F_S_WWC_WM/F_S_WWC_WM_034.stl,normalized/F_S_WWC_WM/F_S_WWC_WM_034_norm.stl,pointclouds/F_S_WWC_WM/F_S_WWC_WM_034_pc.ply,1.78754,-6.93043,14.263,9.98018,0.83,1.52,-0.108049,-2.63363,-27.6149,-57.2714,-6.16182,0.4,10.0594,-0.1,-18.2871,17.3151,29.7656,-12.3409,-26.0983,-13.4829,-33.2747,1.40551,33.2938
F_S_WWC_WM_035,F_S_WWC_WM,test,0.265537737953488,0.02944813513904182,-0.021158054098382,-0.0462933944172757,0.0251353403162192,0.1109,0.0920078695345032,0.1423959066519724,0.999924728221172,0.458861241468822,0.3103479069100963,raw_stl/F_S_WWC_WM/F_S_WWC_WM_035.stl,normalized/F_S_WWC_WM/F_S_WWC_WM_035_norm.stl,pointclouds/F_S_WWC_WM/F_S_WWC_WM_035_pc.ply,6.69669,10.2843,19.2933,5.84961,0.89,1.68,1.07035,5.37716,-21.5282,-73.9516,-4.96107,0.2,-38.5239,0.1,16.7989,-14.587,-9.35402,17.6741,-20.4865,43.8277,28.2571,40.5237,123.512
F_S_WWC_WM_036,F_S_WWC_WM,val,0.235987451990033,0.02697336576246077,0.0849377599528239,-0.0723958209122923,0.157333580837209,0.1143,0.0973195938645451,0.151163282125755,0.9999528156010676,0.4856431447208245,0.3112787993699057,raw_stl/F_S_WWC_WM/F_S_WWC_WM_036.stl,normalized/F_S_WWC_WM/F_S_WWC_WM_036_norm.stl,pointclouds/F_S_WWC_WM/F_S_WWC_WM_036_pc.ply,5.20527,-7.05529,-6.98621,-2.83808,0.22,0.08,0.698215,0.178346,15.1586,142.078,-3.83046,-0.4,-11.9176,0.4,14.4584,18.4153,-0.85356,-5.65076,17.3291,11.6634,77.0161,41.3316,147.043
F_S_WWC_WM_037,F_S_WWC_WM,train,0.240806258890365,0.026735514893302774,-0.0284925387310897,-0.0789853915754152,0.0504928528459857,0.111025,0.0920459380575215,0.1409865845559529,0.999946319759408,0.4696854394784379,0.3001884693563915,raw_stl/F_S_WWC_WM/F_S_WWC_WM_037.stl,normalized/F_S_WWC_WM/F_S_WWC_WM_037_norm.stl,pointclouds/F_S_WWC_WM/F_S_WWC_WM_037_pc.ply,6.05617,9.80279,1.41006,7.70639,0.55,-1.71,-9.34656,-2.24316,19.7967,-65.8647,-0.89665,0.3,-0.559962,0.5,27.2264,17.9151,-29.3865,10.445,69.2763,-25.483,144.935,83.6234,-151.397
F_S_WWC_WM_038,F_S_WWC_WM,train,0.21768253954485,0.0225355849063806,0.0504067866826578,-0.0270604239232754,0.0774672106,0.103525,0.0870449859487184,0.137043572948091,0.9999483873820484,0.4505711186682943,0.3041709528471654,raw_stl/F_S_WWC_WM/F_S_WWC_WM_038.stl,normalized/F_S_WWC_WM/F_S_WWC_WM_038_norm.stl,pointclouds/F_S_WWC_WM/F_S_WWC_WM_038_pc.ply,14.3719,3.37511,-3.45133,-8.35168,0.01,1.74,-9.66225,0.754837,41.0307,-66.2037,1.13868,0.1,-31.7043,0.2,6.91594,-19.719,-14.5817,-18.4117,95.0554,-20.3612,53.1141,73.5296,-88.8425
F_S_WWC_WM_039,F_S_WWC_WM,train,0.241699530624584,0.024254547898177003,0.0338429131966956,-0.0842810291149501,0.118123942302325,0.10035,0.0821926178021343,0.1267593964662854,0.9999105353826664,0.426668385948016,0.2971177198427157,raw_stl/F_S_WWC_WM/F_S_WWC_WM_039.stl,normalized/F_S_WWC_WM/F_S_WWC_WM_039_norm.stl,pointclouds/F_S_WWC_WM/F_S_WWC_WM_039_pc.ply,0.352927,4.27399,-3.73338,17.2916,0.1,-1.64,4.04963,0.789449,-7.53291,30.1667,4.96599,0.6,17.7352,0.1,40.021,29.7907,27.0799,7.4309,82.09,20.0841,45.6146,72.3531,66.1779
F_S_WWC_WM_040,F_S_WWC_WM,train,0.237092059039867,0.025481469045309704,0.0031364734965647,-0.0160920014008671,0.0192284748979468,0.107475,0.0882272099531212,0.1389952648613175,0.9999789971048628,0.4718297519904752,0.2945939369851587,raw_stl/F_S_WWC_WM/F_S_WWC_WM_040.stl,normalized/F_S_WWC_WM/F_S_WWC_WM_040_norm.stl,pointclouds/F_S_WWC_WM/F_S_WWC_WM_040_pc.ply,11.5596,3.03627,-2.04842,-18.6151,-1.77,2.3,-0.215358,4.46855,-2.52196,104.738,-1.14567,0.4,-2.79636,1.0,38.5593,24.5908,2.33707,38.2728,-33.1039,-4.92039,83.4428,25.2022,136.714
F_S_WWC_WM_041,F_S_WWC_WM,val,0.258492803355481,0.026107773138903584,0.0129648081231827,-0.0591210052421926,0.0720858133631229,0.101,0.0849702538709683,0.1282525268101811,0.9999138295433864,0.4484002858893933,0.2860470507661954,raw_stl/F_S_WWC_WM/F_S_WWC_WM_041.stl,normalized/F_S_WWC_WM/F_S_WWC_WM_041_norm.stl,pointclouds/F_S_WWC_WM/F_S_WWC_WM_041_pc.ply,4.09642,7.97004,14.1943,9.78241,2.0,-0.66,-9.79986,0.15979,24.5197,-21.7386,-12.015,0.6,26.8853,0.0,55.3732,5.81572,27.2336,22.3623,98.6354,11.9421,96.7248,27.6344,77.0761
F_S_WWC_WM_042,F_S_WWC_WM,train,0.230170234166112,0.02081889768032483,-0.0551401971425571,-0.0594599760425249,0.0043197789078538,0.09045,0.0729605861046287,0.1131393117187257,0.9999404590867966,0.4111953683700268,0.2751637232352362,raw_stl/F_S_WWC_WM/F_S_WWC_WM_042.stl,normalized/F_S_WWC_WM/F_S_WWC_WM_042_norm.stl,pointclouds/F_S_WWC_WM/F_S_WWC_WM_042_pc.ply,6.39585,6.92739,0.457716,10.9882,-1.37,-1.69,14.7947,7.56156,-39.3882,-28.3226,-0.585328,0.5,2.78356,0.8,-23.4437,21.44,-6.27271,0.994433,125.836,31.8473,19.5392,-1.10282,109.13
F_S_WWC_WM_043,F_S_WWC_WM,train,0.222465226136212,0.02467139357850591,-0.0861841950403289,-0.104126610954485,0.017942415884372,0.1109,0.0915125379492333,0.1429500470468008,0.9997274605568832,0.471634509120917,0.3031775971195088,raw_stl/F_S_WWC_WM/F_S_WWC_WM_043.stl,normalized/F_S_WWC_WM/F_S_WWC_WM_043_norm.stl,pointclouds/F_S_WWC_WM/F_S_WWC_WM_043_pc.ply,1.31979,13.6947,9.42833,2.03442,0.89,-0.4,-2.50209,5.16144,-49.7657,83.9049,2.66687,0.1,27.0032,0.7,20.3743,-11.657,18.3606,-16.1725,32.8735,20.4385,139.896,73.8565,-173.595
F_S_WWC_WM_044,F_S_WWC_WM,train,0.23514870557475,0.029546434855467343,0.0020109014949355,-0.10066974033289,0.102680641848504,0.12565,0.1066527814865655,0.1633505061429666,0.9998292961518188,0.5007559353502073,0.3262635226670295,raw_stl/F_S_WWC_WM/F_S_WWC_WM_044.stl,normalized/F_S_WWC_WM/F_S_WWC_WM_044_norm.stl,pointclouds/F_S_WWC_WM/F_S_WWC_WM_044_pc.ply,4.40908,-3.07673,16.4215,9.38687,2.14,0.73,12.6016,6.95339,-42.4619,-6.37813,-8.96833,0.3,-13.8493,-0.2,29.7575,23.3228,-6.74542,-8.5401,-59.1558,-31.9442,109.725,78.0195,84.2819
F_S_WWC_WM_045,F_S_WWC_WM,train,0.293296529800664,0.03334048302509048,0.0017082963777338,-0.0918997449295681,0.0936080413096345,0.113675,0.0971194209194349,0.1455634902145278,0.9998959198212952,0.4552995055486065,0.3197425876625909,raw_stl/F_S_WWC_WM/F_S_WWC_WM_045.stl,normalized/F_S_WWC_WM/F_S_WWC_WM_045_norm.stl,pointclouds/F_S_WWC_WM/F_S_WWC_WM_045_pc.ply,-1.54275,8.26849,8.02276,-14.6896,0.19,-0.84,10.3785,3.60404,-20.7554,-55.5229,-14.7152,-0.2,-28.9246,-0.3,31.9796,22.4257,-27.3962,52.865,-4.13193,1.80785,0.943952,45.055,-136.784
F_S_WWC_WM_046,F_S_WWC_WM,train,0.221566308837209,0.02373529083418601,-0.116759380740863,-0.128585040262458,0.0118256594925215,0.107125,0.0890682188368569,0.1380539616922163,0.9996299374903094,0.4727036038549249,0.2921599667835638,raw_stl/F_S_WWC_WM/F_S_WWC_WM_046.stl,normalized/F_S_WWC_WM/F_S_WWC_WM_046_norm.stl,pointclouds/F_S_WWC_WM/F_S_WWC_WM_046_pc.ply,0.0703992,-0.233712,6.56576,3.67604,-1.28,-1.16,-8.94106,7.38831,-40.27,30.9418,-0.795495,0.7,9.4827,0.8,49.3001,13.2654,21.849,7.00691,-46.2112,-26.0759,112.593,19.7153,76.8045
F_S_WWC_WM_047,F_S_WWC_WM,train,0.220918849156146,0.02469320436442822,-0.0041551984194584,-0.0235375433611893,0.0193823449441727,0.111775,0.0979838731192915,0.1437788519601994,0.999913720371926,0.4849755084922479,0.2964917932938815,raw_stl/F_S_WWC_WM/F_S_WWC_WM_047.stl,normalized/F_S_WWC_WM/F_S_WWC_WM_047_norm.stl,pointclouds/F_S_WWC_WM/F_S_WWC_WM_047_pc.ply,10.7475,-1.88573,6.85358,1.20524,-1.07,-0.91,11.66,8.09691,-7.7568,-92.998,-5.76663,0.0,7.63005,0.1,-6.36764,24.0717,18.0311,0.43422,5.93888,15.3816,122.096,-27.6029,-194.365
F_S_WWC_WM_048,F_S_WWC_WM,val,0.236926737591362,0.021388561236060203,-0.0541049873760797,-0.0185083157109302,-0.0355966716644518,0.090275,0.0726884726319707,0.1177199671146245,0.9996119436972498,0.406659237118697,0.2895929959891929,raw_stl/F_S_WWC_WM/F_S_WWC_WM_048.stl,normalized/F_S_WWC_WM/F_S_WWC_WM_048_norm.stl,pointclouds/F_S_WWC_WM/F_S_WWC_WM_048_pc.ply,8.87437,9.5542,19.8196,-11.3892,-1.03,-0.38,-2.16796,3.99054,-29.468,146.33,-6.22511,0.5,-23.8553,0.5,59.0362,-4.00774,12.5042,-10.5057,70.0449,7.06585,-4.26026,49.6234,-110.053
F_S_WWC_WM_049,F_S_WWC_WM,train,0.233154911398671,0.026702066227932798,0.0354148762380132,-0.163316188528239,0.198731064794019,0.114525,0.1008966350057196,0.1493927958857472,0.9999864777810368,0.4948351911177157,0.3019082286724879,raw_stl/F_S_WWC_WM/F_S_WWC_WM_049.stl,normalized/F_S_WWC_WM/F_S_WWC_WM_049_norm.stl,pointclouds/F_S_WWC_WM/F_S_WWC_WM_049_pc.ply,-3.78489,-5.5895,-5.57345,9.59035,0.79,0.84,-4.67783,3.96676,-21.1336,95.5069,1.53689,0.0,-38.9717,-0.3,18.1899,5.75139,27.8176,-10.129,95.8695,-7.12425,143.377,17.0441,87.1995
F_S_WWC_WM_050,F_S_WWC_WM,train,0.266097661531561,0.030854023854584498,0.106968278764784,-0.0097295178956475,0.116697796625581,0.11595,0.0944572486542242,0.1452356919330192,0.99983112057699,0.4810950179698991,0.3019366610959609,raw_stl/F_S_WWC_WM/F_S_WWC_WM_050.stl,normalized/F_S_WWC_WM/F_S_WWC_WM_050_norm.stl,pointclouds/F_S_WWC_WM/F_S_WWC_WM_050_pc.ply,12.7292,8.3514,-6.93812,6.1202,0.45,1.66,11.325,-2.81128,-38.9001,8.37807,-11.9864,0.7,-6.78611,0.4,32.711,0.683829,-7.2127,52.7046,-17.5864,-27.62,114.124,44.9356,133.68
F_S_WWC_WM_051,F_S_WWC_WM,train,0.232847435760797,0.026858951715007934,0.0102931674464704,-0.0515503298581395,0.0618434973033222,0.11535,0.0990442279357512,0.1476715879449932,0.9997256687509324,0.5018190732554106,0.2943533194830339,raw_stl/F_S_WWC_WM/F_S_WWC_WM_051.stl,normalized/F_S_WWC_WM/F_S_WWC_WM_051_norm.stl,pointclouds/F_S_WWC_WM/F_S_WWC_WM_051_pc.ply,4.01519,1.78951,3.97158,8.68468,0.75,-1.12,-8.04017,4.31784,-2.88838,30.3365,-11.4571,-0.3,-18.7737,0.8,10.5327,13.1763,-26.2913,-12.9201,-42.1535,-15.2952,147.512,-48.9059,-59.4077
F_S_WWC_WM_052,F_S_WWC_WM,train,0.25700666120598,0.030782972845946253,-0.0587829245165448,-0.168280719700996,0.109497795173089,0.119775,0.1005369594430457,0.1551573163281417,0.9999536343773467,0.4917723147971961,0.3155210367856506,raw_stl/F_S_WWC_WM/F_S_WWC_WM_052.stl,normalized/F_S_WWC_WM/F_S_WWC_WM_052_norm.stl,pointclouds/F_S_WWC_WM/F_S_WWC_WM_052_pc.ply,-6.06268,4.02723,0.876975,-18.9561,0.29,-1.73,16.5415,-1.56345,-43.1796,-49.2291,-4.35783,0.2,2.67565,0.3,24.4472,22.0625,-5.43766,36.2583,-35.8355,-35.8973,99.9447,76.8117,-1.24425
F_S_WWC_WM_053,F_S_WWC_WM,val,0.250474903156146,0.025360583944559787,-0.136324851746843,-0.134549439408637,-0.0017754123268036,0.10125,0.0851405714281955,0.1322482061643111,0.999911874887851,0.4653455455100685,0.2842186045521822,raw_stl/F_S_WWC_WM/F_S_WWC_WM_053.stl,normalized/F_S_WWC_WM/F_S_WWC_WM_053_norm.stl,pointclouds/F_S_WWC_WM/F_S_WWC_WM_053_pc.ply,-3.64647,11.6744,19.2246,-13.3196,-0.29,2.08,0.0795703,1.81397,-46.3118,3.68666,-9.01439,-0.2,3.59731,1.0,13.0789,1.05082,11.2466,-19.7039,57.099,-8.83084,112.34,-0.641698,-65.1885
F_S_WWC_WM_054,F_S_WWC_WM,train,0.228721300455149,0.019921625269643476,-0.0889684475332226,-0.0886000549710963,-0.0003683925488338,0.0871,0.0713872616405985,0.1135041998415294,0.99986880300426,0.3934641491919243,0.288511910014309,raw_stl/F_S_WWC_WM/F_S_WWC_WM_054.stl,normalized/F_S_WWC_WM/F_S_WWC_WM_054_norm.stl,pointclouds/F_S_WWC_WM/F_S_WWC_WM_054_pc.ply,4.26423,4.82081,-0.0237125,12.9125,2.33,-0.77,-0.638662,-0.0671311,36.9819,16.2219,-6.03981,0.5,26.7122,0.8,-3.00514,15.5079,-11.4415,-19.0879,63.7381,-47.553,-13.8043,36.772,-198.922
F_S_WWC_WM_055,F_S_WWC_WM,train,0.248740587827242,0.023381615255760747,-0.103928305720598,-0.0445613264706976,-0.0593669792335548,0.094,0.0821779416097219,0.1231427613244117,0.9999782032489296,0.4426820102939786,0.2781803701787059,raw_stl/F_S_WWC_WM/F_S_WWC_WM_055.stl,normalized/F_S_WWC_WM/F_S_WWC_WM_055_norm.stl,pointclouds/F_S_WWC_WM/F_S_WWC_WM_055_pc.ply,13.1353,0.0283161,9.46763,-10.9935,0.59,-1.13,-1.64344,-4.92366,14.5829,-61.2858,-7.48999,0.3,8.32843,-0.1,9.89929,-7.68389,-26.8854,23.6259,104.28,-45.9744,21.6572,-57.8694,85.6533
F_S_WWC_WM_056,F_S_WWC_WM,train,0.249633379727574,0.028920027041439447,-0.0730134694668106,-0.127714097983388,0.0547006284890365,0.11585,0.0956530261104959,0.1457325162885512,0.999487694119466,0.4759018698748588,0.3063808390165429,raw_stl/F_S_WWC_WM/F_S_WWC_WM_056.stl,normalized/F_S_WWC_WM/F_S_WWC_WM_056_norm.stl,pointclouds/F_S_WWC_WM/F_S_WWC_WM_056_pc.ply,-0.0388756,7.41232,12.3098,16.6153,1.09,0.95,-9.55242,6.90909,10.2509,46.4007,-12.5634,0.1,23.2907,0.6,-24.9286,12.1821,18.2327,0.679624,-55.6252,-10.1332,86.0909,12.9676,126.022
F_S_WWC_WM_057,F_S_WWC_WM,train,0.241525592355481,0.025903619780125335,-0.132814647396677,-0.195177168787375,0.0623625213857142,0.10725,0.0917671690412275,0.13638731478515,0.999960067933874,0.4637945162264536,0.2940801507090589,raw_stl/F_S_WWC_WM/F_S_WWC_WM_057.stl,normalized/F_S_WWC_WM/F_S_WWC_WM_057_norm.stl,pointclouds/F_S_WWC_WM/F_S_WWC_WM_057_pc.ply,-5.98851,4.07936,19.7971,18.6016,0.72,-1.23,1.48677,1.84382,45.866,4.22485,-8.37552,0.0,-21.6,0.4,38.3261,-15.4442,-21.8855,4.0334,-4.87615,14.6786,90.8275,-14.2313,59.9834
F_S_WWC_WM_058,F_S_WWC_WM,train,0.244820661877076,0.026746657310070553,-0.0994045308382059,-0.20131211578073,0.101907584917275,0.10925,0.0932537641324044,0.139520155502951,0.9995675976791136,0.4835501746294372,0.28865776037943,raw_stl/F_S_WWC_WM/F_S_WWC_WM_058.stl,normalized/F_S_WWC_WM/F_S_WWC_WM_058_norm.stl,pointclouds/F_S_WWC_WM/F_S_WWC_WM_058_pc.ply,-6.8927,1.55394,5.08488,2.95786,0.44,-1.36,-2.67982,5.09923,-33.9468,-86.4654,-2.27495,0.6,29.165,0.5,8.59919,-12.4803,-3.45668,48.9472,45.9269,1.12825,148.312,30.386,137.382
F_S_WWC_WM_059,F_S_WWC_WM,test,0.235380338916943,0.025727071043621867,-0.110729527349169,-0.125524603328903,0.014795075961093,0.1093,0.0936733592566436,0.1430293908823511,0.9997850989970938,0.4845131813012195,0.2952657227292713,raw_stl/F_S_WWC_WM/F_S_WWC_WM_059.stl,normalized/F_S_WWC_WM/F_S_WWC_WM_059_norm.stl,pointclouds/F_S_WWC_WM/F_S_WWC_WM_059_pc.ply,1.16844,8.81047,7.91095,-3.98225,-0.61,-0.13,9.98959,3.75343,-43.0258,70.4447,-5.71221,0.2,-12.4045,-0.1,-24.4181,8.45809,27.5041,-13.1739,43.9449,-47.0876,80.607,-29.3383,113.353
F_S_WWC_WM_060,F_S_WWC_WM,train,0.233055498946843,0.023101626333105814,-0.0655743280099667,-0.161306384760797,0.0957320567541528,0.099125,0.086972275250167,0.1295222826871914,0.9998757174520252,0.4477185677292852,0.2893299304166868,raw_stl/F_S_WWC_WM/F_S_WWC_WM_060.stl,normalized/F_S_WWC_WM/F_S_WWC_WM_060_norm.stl,pointclouds/F_S_WWC_WM/F_S_WWC_WM_060_pc.ply,-6.70991,-6.24441,6.3333,1.3463,-0.58,-1.5,13.4125,2.1444,21.9391,-8.04368,-2.28827,0.5,38.5761,-0.1,40.6825,1.12416,9.69321,23.7555,113.983,-46.3008,96.9151,45.4771,-90.8983
F_S_WWC_WM_061,F_S_WWC_WM,train,0.262644630481727,0.02397288864721963,-0.0034868698681627,-0.10156283276877,0.0980759629079734,0.091275,0.0760380563431935,0.1157549580603429,0.9998994576871696,0.4210288377318413,0.274961207230982,raw_stl/F_S_WWC_WM/F_S_WWC_WM_061.stl,normalized/F_S_WWC_WM/F_S_WWC_WM_061_norm.stl,pointclouds/F_S_WWC_WM/F_S_WWC_WM_061_pc.ply,-3.95586,2.86378,-0.669415,-16.6812,0.06,2.29,-1.84489,4.78959,-5.77822,-50.1428,-8.07586,0.7,-23.2956,0.9,-17.8994,3.72529,20.2116,39.4137,99.5412,-14.486,42.0532,-7.94132,-138.19
F_S_WWC_WM_062,F_S_WWC_WM,train,0.253127513803986,0.02567345808756928,0.0203060159855548,-0.0346708866166445,0.0549769026055481,0.101425,0.0837901188690365,0.1301581551797204,0.9999777927700246,0.4481357997258599,0.2904500059482416,raw_stl/F_S_WWC_WM/F_S_WWC_WM_062.stl,normalized/F_S_WWC_WM/F_S_WWC_WM_062_norm.stl,pointclouds/F_S_WWC_WM/F_S_WWC_WM_062_pc.ply,14.309,6.54768,-6.35709,-9.66101,-1.33,1.18,13.3778,-1.22066,-26.9623,71.2527,-7.85074,0.2,-4.37526,0.6,-3.82904,28.2051,-13.8843,18.3368,49.5375,44.6226,51.4212,3.73091,-27.9658
F_S_WWC_WM_063,F_S_WWC_WM,val,0.28542649036877,0.0359209238129097,0.115902849111627,-0.0389666084325581,0.154869457558139,0.12585,0.1072669556296001,0.1612121326736713,0.9999684192119388,0.4906116931846249,0.3286045283474054,raw_stl/F_S_WWC_WM/F_S_WWC_WM_063.stl,normalized/F_S_WWC_WM/F_S_WWC_WM_063_norm.stl,pointclouds/F_S_WWC_WM/F_S_WWC_WM_063_pc.ply,12.6839,12.234,-5.32359,6.92844,1.16,-1.59,-1.9296,-2.04512,20.5853,-48.2582,-10.3974,-0.1,-34.8116,-0.4,-8.13199,15.4381,-0.180289,29.7391,8.79057,23.333,75.0177,70.1269,-25.4477
F_S_WWC_WM_064,F_S_WWC_WM,train,0.236263663305647,0.024565514392204644,-0.0049093968684136,-0.0436037186122923,0.0386943217455016,0.103975,0.084411852182332,0.1361143242233163,0.9998169855778531,0.4513013314491773,0.3016592909895431,raw_stl/F_S_WWC_WM/F_S_WWC_WM_064.stl,normalized/F_S_WWC_WM/F_S_WWC_WM_064_norm.stl,pointclouds/F_S_WWC_WM/F_S_WWC_WM_064_pc.ply,11.485,3.0891,-0.156867,-10.4207,-1.34,0.88,5.11886,-2.25905,47.2631,140.652,-13.2002,0.7,0.962912,0.4,47.9245,-10.5186,22.5224,-20.9739,26.8025,-23.0547,72.6185,77.9713,-98.6488
F_S_WWC_WM_065,F_S_WWC_WM,val,0.262906617428571,0.026829620308585673,0.0849439122395348,-0.0322049722478405,0.117148884501993,0.10205,0.0855895221076867,0.1311507507214111,0.9999719430528206,0.4398114378001606,0.2982060475060537,raw_stl/F_S_WWC_WM/F_S_WWC_WM_065.stl,normalized/F_S_WWC_WM/F_S_WWC_WM_065_norm.stl,pointclouds/F_S_WWC_WM/F_S_WWC_WM_065_pc.ply,3.68679,3.21829,-5.85023,-12.2034,-1.08,0.21,-6.36673,6.64293,-44.1067,-79.4199,0.120779,-0.2,-19.4659,0.9,0.36407,18.8088,-17.3213,46.3782,51.6223,19.2904,37.765,51.8599,-109.935
F_S_WWC_WM_066,F_S_WWC_WM,train,0.213651612279069,0.022898111546009223,-0.0004706565505963,-0.0424971383734219,0.042026481820598,0.107175,0.0903605589188446,0.1382152130353765,0.9998829097139112,0.4765264892675472,0.2900812477431309,raw_stl/F_S_WWC_WM/F_S_WWC_WM_066.stl,normalized/F_S_WWC_WM/F_S_WWC_WM_066_norm.stl,pointclouds/F_S_WWC_WM/F_S_WWC_WM_066_pc.ply,5.2301,1.38006,-7.47713,-12.9914,-1.55,1.91,11.2614,2.00545,-42.2904,-49.1283,-2.42039,0.6,-24.6934,0.0,27.8351,22.8886,12.1077,-1.9036,-14.9876,17.6989,73.4172,-48.3214,14.8278
F_S_WWC_WM_067,F_S_WWC_WM,train,0.258641993870431,0.026297424726776073,-0.0237879146486544,-0.103618973580066,0.0798310589468438,0.101675,0.0838731119051342,0.1283898442049305,0.9997347663679804,0.452458528016718,0.2838357519904149,raw_stl/F_S_WWC_WM/F_S_WWC_WM_067.stl,normalized/F_S_WWC_WM/F_S_WWC_WM_067_norm.stl,pointclouds/F_S_WWC_WM/F_S_WWC_WM_067_pc.ply,1.49218,8.4468,2.79728,0.958303,1.92,-0.78,-5.37821,3.33305,3.07468,143.336,-1.86766,0.7,34.8825,0.7,-0.856744,26.9475,-8.05447,30.1461,95.5656,42.4647,129.561,30.161,-84.0097
F_S_WWC_WM_068,F_S_WWC_WM,train,0.227990703392026,0.023967522694086734,-0.0917942350784053,-0.0710157311611295,-0.0207785039069302,0.105125,0.086362927545646,0.134636036885336,0.9999590479233568,0.4482770040445035,0.3003534634202971,raw_stl/F_S_WWC_WM/F_S_WWC_WM_068.stl,normalized/F_S_WWC_WM/F_S_WWC_WM_068_norm.stl,pointclouds/F_S_WWC_WM/F_S_WWC_WM_068_pc.ply,8.65745,8.99024,8.79453,5.66608,1.03,0.58,-0.314952,-0.52494,-47.5101,-70.65,-2.10159,0.1,32.8529,0.4,45.495,25.0571,-16.1636,-8.30319,-30.522,-48.5251,40.6694,15.8643,-113.417
F_S_WWC_WM_070,F_S_WWC_WM,train,0.250554881524916,0.023959310545820095,0.0015695001406571,-0.0578473549202657,0.0594168550568106,0.095625,0.0817406304652376,0.1218734215868869,0.9999700723271508,0.419197261286713,0.2907391825744291,raw_stl/F_S_WWC_WM/F_S_WWC_WM_070.stl,normalized/F_S_WWC_WM/F_S_WWC_WM_070_norm.stl,pointclouds/F_S_WWC_WM/F_S_WWC_WM_070_pc.ply,6.81563,-1.2177,-6.56008,3.60531,-0.1,-0.8,8.96836,-2.91352,32.3345,17.598,-6.61017,0.5,10.329,-0.1,-21.4003,27.084,-2.6999,47.5399,81.92,37.2096,-0.329092,-3.92932,-195.616
F_S_WWC_WM_071,F_S_WWC_WM,train,0.224037882465116,0.021446026298973228,0.0129092055723222,-0.0679015854571428,0.0808107910245847,0.095725,0.0798288254105742,0.1276152005676404,0.999728349322707,0.4186978930077576,0.3048734633607267,raw_stl/F_S_WWC_WM/F_S_WWC_WM_071.stl,normalized/F_S_WWC_WM/F_S_WWC_WM_071_norm.stl,pointclouds/F_S_WWC_WM/F_S_WWC_WM_071_pc.ply,5.16265,-6.99089,7.00028,-8.09272,1.48,-0.58,14.1384,8.37785,2.67085,-82.9623,1.26841,0.7,-22.1097,0.4,24.9108,19.2907,24.3591,-21.4439,-10.7403,-6.54833,-20.5518,63.0411,-109.202
F_S_WWC_WM_072,F_S_WWC_WM,train,0.273759810345514,0.029408647626366843,-0.0186897516535631,-0.162464119694352,0.143774368049833,0.107425,0.0909850954735446,0.1400731366863999,0.99964852215468,0.4613528533064663,0.3037206459149032,raw_stl/F_S_WWC_WM/F_S_WWC_WM_072.stl,normalized/F_S_WWC_WM/F_S_WWC_WM_072_norm.stl,pointclouds/F_S_WWC_WM/F_S_WWC_WM_072_pc.ply,-7.08536,-7.41645,1.70528,-13.4914,-0.31,-1.27,11.4561,8.06763,10.9957,-17.2091,-12.8885,0.7,-19.2613,0.6,35.0653,5.39458,8.69396,51.0981,-6.44178,5.14348,72.1611,80.6637,54.7768
F_S_WWC_WM_073,F_S_WWC_WM,test,0.208605498146179,0.021637605295212418,-0.0682906338820598,-0.114864594292358,0.0465739603966777,0.103725,0.0900380185621122,0.1380854933057366,0.9996037940160948,0.4549086649564125,0.3036658475231515,raw_stl/F_S_WWC_WM/F_S_WWC_WM_073.stl,normalized/F_S_WWC_WM/F_S_WWC_WM_073_norm.stl,pointclouds/F_S_WWC_WM/F_S_WWC_WM_073_pc.ply,2.01438,-2.96881,5.55751,-18.067,0.77,-0.64,-8.02077,1.02883,43.3045,32.9451,1.89421,0.4,38.9495,-0.3,15.1732,18.1055,1.18185,-3.49731,78.2988,11.1016,74.281,63.3661,-195.349
F_S_WWC_WM_075,F_S_WWC_WM,train,0.22601370841196,0.023635383557180718,0.0244542749479501,-0.0145710167116976,0.0390252916611295,0.104575,0.0846452706358176,0.1327807820689932,0.9998672981727272,0.4270455142192911,0.310970143083525,raw_stl/F_S_WWC_WM/F_S_WWC_WM_075.stl,normalized/F_S_WWC_WM/F_S_WWC_WM_075_norm.stl,pointclouds/F_S_WWC_WM/F_S_WWC_WM_075_pc.ply,13.9331,-1.16466,14.343,19.3653,-0.78,1.1,4.48063,7.32167,31.6496,144.769,-9.27697,-0.2,-6.11959,0.9,16.5981,0.144484,4.85756,-16.2127,-17.7229,20.8284,12.0725,66.794,0.458509
F_S_WWC_WM_076,F_S_WWC_WM,train,0.204957888033222,0.020710994585757085,-0.0281808231431564,-0.0749027967488372,0.0467219736065684,0.10105,0.0870747665670116,0.1313940946975001,0.9999711977914132,0.464654878592959,0.2827859671774404,raw_stl/F_S_WWC_WM/F_S_WWC_WM_076.stl,normalized/F_S_WWC_WM/F_S_WWC_WM_076_norm.stl,pointclouds/F_S_WWC_WM/F_S_WWC_WM_076_pc.ply,8.47163,0.168285,-6.37973,-7.61462,0.15,0.44,14.657,6.57401,-43.5714,9.89722,4.78586,0.6,-8.42237,-0.1,24.7564,-14.8994,-2.88566,-7.45974,119.717,-39.6603,122.338,-9.38895,-108.961
F_S_WWC_WM_077,F_S_WWC_WM,train,0.252105623611295,0.026723196102797272,-0.0416582058179402,-0.121656389275747,0.0799981834966777,0.106,0.0917340734979893,0.1366190768379215,0.999860024827539,0.4723732740034463,0.2892589617441513,raw_stl/F_S_WWC_WM/F_S_WWC_WM_077.stl,normalized/F_S_WWC_WM/F_S_WWC_WM_077_norm.stl,pointclouds/F_S_WWC_WM/F_S_WWC_WM_077_pc.ply,-1.52524,2.35977,13.6815,-14.0748,-0.89,2.1,17.1326,-3.03373,35.7446,-73.1301,-7.65598,0.1,-25.4996,0.4,57.8685,7.98449,12.6356,37.0079,87.699,-27.4403,132.781,27.1138,-185.266
F_S_WWC_WM_078,F_S_WWC_WM,train,0.249825878548172,0.024926377032143864,-0.0222071112125597,-0.0515789094983388,0.0293717982847176,0.099775,0.0870862549169279,0.1297395185376939,0.9999414229738032,0.4508915865469219,0.2877567969979521,raw_stl/F_S_WWC_WM/F_S_WWC_WM_078.stl,normalized/F_S_WWC_WM/F_S_WWC_WM_078_norm.stl,pointclouds/F_S_WWC_WM/F_S_WWC_WM_078_pc.ply,6.0752,3.63529,1.03659,-3.17428,-0.18,2.08,18.0556,4.34223,-12.2671,148.793,-7.482,-0.1,-39.8823,0.0,27.6621,-18.8328,17.1321,23.1288,71.2083,-8.55942,27.2912,-59.2143,21.7907
F_S_WWC_WM_079,F_S_WWC_WM,train,0.250060844438538,0.026181370412714927,0.110885745072093,-0.0045475369460099,0.115433282020598,0.1047,0.0846664067823611,0.1341904856937033,0.9999437989445196,0.4152757516999573,0.3231540180594677,raw_stl/F_S_WWC_WM/F_S_WWC_WM_079.stl,normalized/F_S_WWC_WM/F_S_WWC_WM_079_norm.stl,pointclouds/F_S_WWC_WM/F_S_WWC_WM_079_pc.ply,11.1432,5.25679,-5.30186,15.2918,1.21,2.18,-1.05702,0.780783,-18.8297,54.3632,-0.115303,0.5,-0.348883,-0.2,35.8074,25.1178,-14.182,11.4857,-41.883,1.44293,-51.6168,80.0676,-33.5897
F_S_WWC_WM_080,F_S_WWC_WM,train,0.265448561754152,0.026047140122126167,-0.0399473321980199,-0.050274013157475,0.010326680954279,0.098125,0.0854572990859757,0.1259318296332006,0.999915713252656,0.4394903523964372,0.2865647544377263,raw_stl/F_S_WWC_WM/F_S_WWC_WM_080.stl,normalized/F_S_WWC_WM/F_S_WWC_WM_080_norm.stl,pointclouds/F_S_WWC_WM/F_S_WWC_WM_080_pc.ply,3.63991,-0.602776,15.3919,-4.12416,1.66,0.06,2.8031,8.96062,37.9358,-83.2544,-12.3034,0.3,-30.676,-0.1,-1.89964,-13.7564,6.64123,50.6538,62.4915,21.847,-2.42089,-47.77,104.271
F_S_WWC_WM_081,F_S_WWC_WM,train,0.21880475244186,0.01996046354150868,-0.0867759158388704,-0.174772139830564,0.0879962239837209,0.091225,0.0771230866379052,0.1175142931793198,0.9999458719819686,0.4093969126929047,0.2870579887044023,raw_stl/F_S_WWC_WM/F_S_WWC_WM_081.stl,normalized/F_S_WWC_WM/F_S_WWC_WM_081_norm.stl,pointclouds/F_S_WWC_WM/F_S_WWC_WM_081_pc.ply,-6.43278,-3.23396,3.62362,5.6013,1.36,1.75,9.37729,6.53094,-0.48562,-39.8002,4.54363,-0.3,34.5849,0.7,2.37074,4.30935,-25.1647,16.16,106.746,35.2674,-12.6869,19.5177,60.0568
F_S_WWC_WM_082,F_S_WWC_WM,train,0.253054174966777,0.02265467501390071,-0.128852986854152,-0.126577787953488,-0.0022751989190697,0.089525,0.0750563600934288,0.1160549289939016,0.9998834650421228,0.4306630325583099,0.2695110707248918,raw_stl/F_S_WWC_WM/F_S_WWC_WM_082.stl,normalized/F_S_WWC_WM/F_S_WWC_WM_082_norm.stl,pointclouds/F_S_WWC_WM/F_S_WWC_WM_082_pc.ply,-4.21357,-0.0894318,7.11488,-8.87454,-1.4,-1.62,-3.1281,6.55532,24.3209,-43.8126,-12.6938,0.7,7.04659,0.9,12.3103,9.58312,-17.5703,16.741,40.1414,27.2799,22.9983,-54.4601,115.332
F_S_WWC_WM_083,F_S_WWC_WM,test,0.261694162501661,0.029316288554248573,-0.0592215568086378,-0.121080849983388,0.0618592931611295,0.112025,0.0920763098217777,0.1409795119339378,0.9996999860830088,0.4658208938044881,0.3027382891542408,raw_stl/F_S_WWC_WM/F_S_WWC_WM_083.stl,normalized/F_S_WWC_WM/F_S_WWC_WM_083_norm.stl,pointclouds/F_S_WWC_WM/F_S_WWC_WM_083_pc.ply,0.437422,12.4724,4.15309,12.9717,-0.62,0.64,13.1116,-2.31166,-47.2688,-10.7007,-1.78618,0.0,12.8097,0.8,-9.6818,-18.461,19.6548,24.2571,-44.7912,40.6658,69.4386,17.4182,92.1014
F_S_WWC_WM_084,F_S_WWC_WM,train,0.233209486906976,0.024055558574454575,-0.0511058772630897,-0.0420255517784053,-0.0090803254859049,0.10315,0.0896629334795696,0.1299109729354413,0.9998269938802684,0.4631338104917453,0.2805527242329218,raw_stl/F_S_WWC_WM/F_S_WWC_WM_084.stl,normalized/F_S_WWC_WM/F_S_WWC_WM_084_norm.stl,pointclouds/F_S_WWC_WM/F_S_WWC_WM_084_pc.ply,12.2492,-5.72543,8.67513,5.90266,-0.76,0.73,4.38943,-0.0200747,-12.4536,40.1784,-9.46416,-0.2,35.3167,0.4,56.1875,23.7151,-1.59406,44.2848,59.9544,45.2873,113.389,-44.8365,-153.417
F_S_WWC_WM_085,F_S_WWC_WM,train,0.235090540837209,0.024690384051427875,-0.0190083175555249,-0.0475799241621262,0.0285716066108338,0.105025,0.0903024148925355,0.1373070065565532,0.9999220745889924,0.4743756715060633,0.2894703825332284,raw_stl/F_S_WWC_WM/F_S_WWC_WM_085.stl,normalized/F_S_WWC_WM/F_S_WWC_WM_085_norm.stl,pointclouds/F_S_WWC_WM/F_S_WWC_WM_085_pc.ply,10.1618,-4.48591,19.5827,-14.1443,-0.88,0.43,-2.65709,-4.06031,29.5708,83.4885,-5.30543,-0.1,7.88542,0.8,25.0686,-5.64847,13.0466,45.8151,59.1773,32.1505,109.008,23.4909,117.017
F_S_WWC_WM_086,F_S_WWC_WM,train,0.228599334923588,0.022414164789257802,-0.0610662093292358,-0.0919192029857142,0.0308529936443521,0.09805,0.0872542999772378,0.1296247905308263,0.9999031990185876,0.4595295487404064,0.2821088217457727,raw_stl/F_S_WWC_WM/F_S_WWC_WM_086.stl,normalized/F_S_WWC_WM/F_S_WWC_WM_086_norm.stl,pointclouds/F_S_WWC_WM/F_S_WWC_WM_086_pc.ply,-0.527802,-4.58863,13.033,-16.9344,2.07,1.22,-7.14646,-1.25088,3.7399,-26.3253,-5.15837,0.6,-18.6296,-0.3,25.3921,-1.47266,16.9421,-0.0188411,61.7582,-22.4399,65.4327,-59.7181,-37.9416
F_S_WWC_WM_087,F_S_WWC_WM,train,0.248766120996677,0.025193788903938464,-0.0673209706568106,-0.165573218651162,0.0982522479777408,0.101275,0.0837957403288489,0.1305848207979722,0.9999433989122244,0.4511790109670818,0.2894465595359453,raw_stl/F_S_WWC_WM/F_S_WWC_WM_087.stl,normalized/F_S_WWC_WM/F_S_WWC_WM_087_norm.stl,pointclouds/F_S_WWC_WM/F_S_WWC_WM_087_pc.ply,-4.76577,8.51474,-5.75477,8.8656,1.74,-0.72,18.6646,-3.50066,22.5832,-69.6234,-1.98936,0.5,22.0669,0.8,-13.785,7.75658,-17.8279,2.35485,29.7169,13.2822,75.8858,23.5726,130.706
F_S_WWC_WM_088,F_S_WWC_WM,val,0.232227268172757,0.025463719955142804,-0.0337439407322259,-0.057798400582392,0.0240544598472126,0.10965,0.0899101501558505,0.1414940058414757,0.9999644133400905,0.4467475337899035,0.3167315555597021,raw_stl/F_S_WWC_WM/F_S_WWC_WM_088.stl,normalized/F_S_WWC_WM/F_S_WWC_WM_088_norm.stl,pointclouds/F_S_WWC_WM/F_S_WWC_WM_088_pc.ply,11.3461,7.75124,19.663,11.7301,2.44,-0.9,0.993177,2.71796,7.84573,127.433,-0.158323,-0.2,34.2851,0.2,-5.80491,-1.93688,20.6478,-23.2979,4.79,-14.0738,28.5533,63.7636,6.22801
F_S_WWC_WM_089,F_S_WWC_WM,train,0.210265069990033,0.021878080532462936,0.0144528338782192,-0.10610192806279,0.120554761956146,0.10405,0.0882702290645063,0.1378635090458605,0.9998995794423,0.4531459817462268,0.3042669698524111,raw_stl/F_S_WWC_WM/F_S_WWC_WM_089.stl,normalized/F_S_WWC_WM/F_S_WWC_WM_089_norm.stl,pointclouds/F_S_WWC_WM/F_S_WWC_WM_089_pc.ply,-0.0568439,-6.40049,-1.54967,-0.739422,0.65,2.36,-8.97293,5.3507,-43.4139,10.7673,3.70839,0.3,-22.8324,0.4,34.3541,1.23099,-12.6555,-14.0347,-9.33593,26.6183,46.96,38.8595,-50.0596
F_S_WWC_WM_090,F_S_WWC_WM,test,0.277985634817275,0.03128033355781387,0.0423424567063986,-0.0528272861358803,0.095169742844186,0.112525,0.0928195269369677,0.142133828993103,0.9999560329446232,0.4382960795470901,0.3243015055500471,raw_stl/F_S_WWC_WM/F_S_WWC_WM_090.stl,normalized/F_S_WWC_WM/F_S_WWC_WM_090_norm.stl,pointclouds/F_S_WWC_WM/F_S_WWC_WM_090_pc.ply,6.17557,13.0753,4.35773,18.7679,-0.9,0.78,1.88285,6.30112,-41.9653,115.69,-3.78206,0.1,-1.50266,0.0,-13.3246,-15.068,-25.8855,35.0147,-30.4024,-20.1443,-7.63838,70.302,37.8277
F_S_WWC_WM_091,F_S_WWC_WM,train,0.283372211777408,0.029945358479577595,0.0053183773544742,-0.0206455220036588,0.0259638993537209,0.105675,0.0890321381156747,0.1386596234826314,0.9999277325439984,0.4340738294681271,0.3194609657877725,raw_stl/F_S_WWC_WM/F_S_WWC_WM_091.stl,normalized/F_S_WWC_WM/F_S_WWC_WM_091_norm.stl,pointclouds/F_S_WWC_WM/F_S_WWC_WM_091_pc.ply,13.9988,12.5763,14.7906,-0.256689,1.91,0.67,2.6472,5.826,-3.44286,-12.5098,-12.987,0.0,15.4767,-0.2,-12.3638,29.2967,13.0099,32.6107,-18.4644,9.43234,-59.486,41.6892,103.245
F_S_WWC_WM_092,F_S_WWC_WM,train,0.253848861212624,0.024344105790290643,-0.0213287112643551,-0.0180971464199667,-0.003231564845794,0.0959,0.0795519129500144,0.1187347102279787,0.9997601984466208,0.4159937713285881,0.2854927116963335,raw_stl/F_S_WWC_WM/F_S_WWC_WM_092.stl,normalized/F_S_WWC_WM/F_S_WWC_WM_092_norm.stl,pointclouds/F_S_WWC_WM/F_S_WWC_WM_092_pc.ply,4.19069,-4.13208,9.68052,8.71621,-1.42,1.52,-3.65586,0.62972,-8.80952,-25.3726,-8.76062,0.5,-7.03606,0.5,47.1069,20.5667,-20.0274,54.7295,-49.6694,-38.582,-32.8444,-54.8688,12.3691
F_S_WWC_WM_093,F_S_WWC_WM,train,0.229951148953488,0.025139409359340077,-0.0561868303166777,-0.0493182081305647,-0.0068686221858637,0.109325,0.0951141765872882,0.1387963383297123,0.9998988277615792,0.4751234213472774,0.2921564710347645,raw_stl/F_S_WWC_WM/F_S_WWC_WM_093.stl,normalized/F_S_WWC_WM/F_S_WWC_WM_093_norm.stl,pointclouds/F_S_WWC_WM/F_S_WWC_WM_093_pc.ply,5.06481,2.49074,12.2158,16.759,-0.79,-1.03,3.4795,-4.69645,-16.4054,93.7819,-13.5015,0.5,-31.496,-0.4,5.51448,23.5265,-7.88261,0.487496,53.0947,-35.4444,109.961,-39.611,-66.6255
F_S_WWC_WM_094,F_S_WWC_WM,test,0.254763211511627,0.02953979437477315,0.0151639156079166,-0.0470034973169435,0.0621674129239202,0.11595,0.0978961136243901,0.1433755536373162,0.9999116602385644,0.4698269584335736,0.3051936844930587,raw_stl/F_S_WWC_WM/F_S_WWC_WM_094.stl,normalized/F_S_WWC_WM/F_S_WWC_WM_094_norm.stl,pointclouds/F_S_WWC_WM/F_S_WWC_WM_094_pc.ply,12.0801,9.59945,12.5088,19.2681,1.75,0.69,4.72632,-3.42787,-35.7098,-15.3577,-1.0577,0.3,26.1749,-0.2,-2.48605,3.30694,25.5184,47.9609,40.7519,-32.8962,105.055,34.157,-21.1387
F_S_WWC_WM_095,F_S_WWC_WM,train,0.247999997764119,0.02329959978993898,-0.0384303126914617,-0.0674786566066445,0.0290483439127076,0.09395,0.0749745877273165,0.1208866762110922,0.9998939051648492,0.4075145092511524,0.2966753337104486,raw_stl/F_S_WWC_WM/F_S_WWC_WM_095.stl,normalized/F_S_WWC_WM/F_S_WWC_WM_095_norm.stl,pointclouds/F_S_WWC_WM/F_S_WWC_WM_095_pc.ply,2.14762,9.96602,2.59573,13.1608,-1.68,0.15,-3.6691,3.92401,0.160939,-0.424535,-9.8336,0.2,24.9398,0.8,42.8141,-11.5165,-25.3382,-17.4027,57.4535,-8.63785,-9.03726,88.5682,135.488
F_S_WWC_WM_096,F_S_WWC_WM,train,0.205324509089701,0.019505828363521598,-0.0010601719587009,-0.074708464354485,0.0736482923950166,0.095,0.0756892561808366,0.1203600368939845,0.9999464563184304,0.4067938996746045,0.2958905771567295,raw_stl/F_S_WWC_WM/F_S_WWC_WM_096.stl,normalized/F_S_WWC_WM/F_S_WWC_WM_096_norm.stl,pointclouds/F_S_WWC_WM/F_S_WWC_WM_096_pc.ply,2.32805,-7.82788,-2.47309,13.5964,0.05,0.88,10.4821,6.45353,39.5244,90.273,3.3902,0.8,28.8138,1.0,31.0421,10.4971,9.78999,-0.136251,-54.0827,35.9741,-7.3669,45.6949,-29.9495
F_S_WWC_WM_097,F_S_WWC_WM,train,0.265393484996677,0.02511285851781056,-0.0934196190468438,-0.0758117913189368,-0.0176078277195249,0.094625,0.0829171035817443,0.1239084021499134,0.9999822329016756,0.4351080861393463,0.2847812017957056,raw_stl/F_S_WWC_WM/F_S_WWC_WM_097.stl,normalized/F_S_WWC_WM/F_S_WWC_WM_097_norm.stl,pointclouds/F_S_WWC_WM/F_S_WWC_WM_097_pc.ply,0.997573,5.31814,6.78325,-16.7611,2.08,0.22,12.3594,3.19969,-22.7576,38.7674,-10.3502,0.1,33.2576,-0.4,44.8676,-3.09164,28.8369,40.6286,93.7792,28.1677,-5.96067,-44.4408,76.2592
F_S_WWC_WM_098,F_S_WWC_WM,val,0.267816791285714,0.024672621897196403,-0.0025323644130737,-0.0592799395634551,0.0567475751518272,0.092125,0.07413861059097,0.120825242148259,0.9998286029097256,0.3997492399627966,0.3023044016407106,raw_stl/F_S_WWC_WM/F_S_WWC_WM_098.stl,normalized/F_S_WWC_WM/F_S_WWC_WM_098_norm.stl,pointclouds/F_S_WWC_WM/F_S_WWC_WM_098_pc.ply,6.49807,9.02438,-5.00505,5.54949,1.24,0.37,1.16697,-2.39352,-24.9142,-18.8325,-13.5189,0.7,35.7901,0.6,-18.9716,-18.6849,0.0289985,5.9175,14.061,-5.0426,-40.511,78.9662,-89.1844
F_S_WWC_WM_099,F_S_WWC_WM,train,0.250425854305647,0.02914330879481967,-0.0376941139874431,-0.0777000404438538,0.0400059264515375,0.116375,0.1006520000817792,0.149382296294515,0.9999606426356652,0.5019083485645912,0.2976403485748217,raw_stl/F_S_WWC_WM/F_S_WWC_WM_099.stl,normalized/F_S_WWC_WM/F_S_WWC_WM_099_norm.stl,pointclouds/F_S_WWC_WM/F_S_WWC_WM_099_pc.ply,7.55305,0.439101,-3.85085,0.0973435,-1.25,-1.01,-9.96959,-4.39533,45.725,-87.0297,-6.76182,0.1,-7.73461,0.0,21.8623,8.29412,-10.5777,28.6874,-15.6898,37.3062,111.482,-32.812,84.6768
F_S_WWC_WM_100,F_S_WWC_WM,train,0.24253712257475,0.020367054868214628,-0.0014412710495788,0.019801008580487,-0.0212422796290365,0.083975,0.0691111780877192,0.1085924828094632,0.999975446866514,0.3945660479242244,0.275226795949539,raw_stl/F_S_WWC_WM/F_S_WWC_WM_100.stl,normalized/F_S_WWC_WM/F_S_WWC_WM_100_norm.stl,pointclouds/F_S_WWC_WM/F_S_WWC_WM_100_pc.ply,12.8486,11.8244,-4.49123,8.24463,-0.2,0.28,14.8651,-1.926,-31.7686,96.1536,-11.9197,0.4,-34.3014,0.3,38.2047,1.81866,-1.9729,-23.9465,128.433,3.96813,-27.8243,-39.7277,-146.552
F_S_WWC_WM_101,F_S_WWC_WM,val,0.216251877455149,0.022619946381808587,-0.0785835024910299,-0.109038524066445,0.0304550216062126,0.1046,0.0869962478538444,0.1390686269608218,0.999947913686766,0.4444096593992771,0.3129452026272127,raw_stl/F_S_WWC_WM/F_S_WWC_WM_101.stl,normalized/F_S_WWC_WM/F_S_WWC_WM_101_norm.stl,pointclouds/F_S_WWC_WM/F_S_WWC_WM_101_pc.ply,3.28302,-1.35015,13.7672,-9.41544,-0.64,1.93,18.4869,0.45914,46.5686,92.4451,-0.195517,0.2,-1.66649,0.7,-18.7878,28.4009,21.676,-2.34256,-26.6007,-42.1468,10.597,75.5029,-26.7505
F_S_WWC_WM_102,F_S_WWC_WM,test,0.280125773531561,0.024826146679234593,-0.0259361251605581,-0.0867643955857142,0.0608282704315614,0.088625,0.0729262813044454,0.1143957089169823,0.9998785002312298,0.391302629840442,0.2923813972442575,raw_stl/F_S_WWC_WM/F_S_WWC_WM_102.stl,normalized/F_S_WWC_WM/F_S_WWC_WM_102_norm.stl,pointclouds/F_S_WWC_WM/F_S_WWC_WM_102_pc.ply,-3.26263,10.1715,3.45405,-11.4947,-0.84,0.43,10.8037,-3.83319,22.4358,-9.14081,-9.98544,0.0,31.4751,0.7,-11.3822,-11.3595,22.9206,43.4589,82.7924,-26.3583,-59.8167,46.8354,-171.92
F_S_WWC_WM_103,F_S_WWC_WM,train,0.262262133169435,0.028055491695800308,0.06519476830897,0.0008554679477714,0.0643393003764119,0.106975,0.0900373587623186,0.1350095077591506,0.9998186425051684,0.4742505034339995,0.2847313734172765,raw_stl/F_S_WWC_WM/F_S_WWC_WM_103.stl,normalized/F_S_WWC_WM/F_S_WWC_WM_103_norm.stl,pointclouds/F_S_WWC_WM/F_S_WWC_WM_103_pc.ply,13.829,14.8996,3.08507,15.5196,0.21,0.25,-9.07096,0.19474,35.5994,-19.5455,-11.9519,0.7,-37.3888,0.3,25.2181,19.2037,-15.1465,17.0968,41.2649,-10.6132,131.323,-26.3131,100.86
F_S_WWC_WM_104,F_S_WWC_WM,train,0.237964103637873,0.024778012291293523,0.0030415597584259,-0.0455939034431893,0.0486354632020431,0.104125,0.0866813743028898,0.1315393367578757,0.9999773054733494,0.4604729740354109,0.2856678447289142,raw_stl/F_S_WWC_WM/F_S_WWC_WM_104.stl,normalized/F_S_WWC_WM/F_S_WWC_WM_104_norm.stl,pointclouds/F_S_WWC_WM/F_S_WWC_WM_104_pc.ply,12.2,-4.89283,-2.09734,-4.98482,-0.6,2.28,0.64675,0.360836,37.4293,-28.8691,-11.4976,0.7,16.9512,0.7,-10.3374,22.4881,-17.1686,46.4631,89.3351,9.93527,128.399,46.3363,-34.7023
F_S_WWC_WM_105,F_S_WWC_WM,test,0.252867596219269,0.026184439588505307,-0.099315675019269,-0.145089128601328,0.0457734535541528,0.10355,0.0878317673433061,0.1325280415277738,0.9998996298160556,0.4323770943746631,0.3065410875167098,raw_stl/F_S_WWC_WM/F_S_WWC_WM_105.stl,normalized/F_S_WWC_WM/F_S_WWC_WM_105_norm.stl,pointclouds/F_S_WWC_WM/F_S_WWC_WM_105_pc.ply,-4.72684,-1.7724,16.2315,-1.18113,2.46,0.81,-7.57116,2.26483,45.4339,128.574,0.178894,0.4,2.53835,-0.2,-9.8215,0.943999,4.48476,46.7063,-20.9021,-12.7937,-26.425,-1.98531,-41.5519
F_S_WWC_WM_106,F_S_WWC_WM,train,0.234371608734219,0.023870748349580206,-0.0132849982812591,-0.0430036413770764,0.0297186430988504,0.10185,0.0873035711270845,0.134789336843957,0.9999854394251436,0.4459237278425635,0.3022743376651,raw_stl/F_S_WWC_WM/F_S_WWC_WM_106.stl,normalized/F_S_WWC_WM/F_S_WWC_WM_106_norm.stl,pointclouds/F_S_WWC_WM/F_S_WWC_WM_106_pc.ply,11.9958,-1.89559,0.253089,-16.6172,2.05,-1.49,1.94861,-2.36271,-30.1757,6.82413,-3.33724,0.3,3.36904,-0.1,-17.0752,-11.2895,-9.88517,2.90814,-46.5743,33.4251,-28.6665,-45.5858,-54.6862
F_S_WWC_WM_107,F_S_WWC_WM,train,0.258650367348837,0.02718415360836277,0.0122323884802425,-0.0246995854453089,0.0369319739236079,0.1051,0.0902076775642163,0.1325730718346841,0.9997778934081516,0.4727960718075423,0.2804645208289243,raw_stl/F_S_WWC_WM/F_S_WWC_WM_107.stl,normalized/F_S_WWC_WM/F_S_WWC_WM_107_norm.stl,pointclouds/F_S_WWC_WM/F_S_WWC_WM_107_pc.ply,10.4941,11.1875,-0.557074,7.0577,-1.71,0.89,1.75878,-3.32448,42.5855,118.676,-3.60287,0.5,-0.897932,-0.3,51.9195,20.756,12.0186,35.5237,89.1562,22.7526,117.698,-51.6693,49.3522
F_S_WWC_WM_108,F_S_WWC_WM,test,0.241866377245847,0.02363034505691925,0.0143714912431292,-0.0739004856099667,0.0882719768581395,0.0977,0.080947240351103,0.1269538827687171,0.9999242284363392,0.4169877998674935,0.3044777401933868,raw_stl/F_S_WWC_WM/F_S_WWC_WM_108.stl,normalized/F_S_WWC_WM/F_S_WWC_WM_108_norm.stl,pointclouds/F_S_WWC_WM/F_S_WWC_WM_108_pc.ply,3.04517,-5.69137,-7.06383,14.0516,0.51,-1.06,-0.0555584,8.83285,-12.3244,-87.4172,-11.1921,0.6,5.17136,0.2,57.6249,9.57108,-18.8282,-5.77591,-6.21026,16.8692,-8.28156,68.1095,22.6623
F_S_WWC_WM_109,F_S_WWC_WM,test,0.278549591202657,0.029171105938698254,-0.125188571506312,-0.156462661239202,0.0312740897088697,0.104725,0.0897145895705161,0.1339155606332667,0.9998534368804538,0.4490660230293889,0.298252781827254,raw_stl/F_S_WWC_WM/F_S_WWC_WM_109.stl,normalized/F_S_WWC_WM/F_S_WWC_WM_109_norm.stl,pointclouds/F_S_WWC_WM/F_S_WWC_WM_109_pc.ply,-5.26863,7.4964,4.42385,-13.7415,-1.41,-1.73,-1.88508,4.88355,-4.30148,-41.1733,-6.50598,-0.1,8.21811,0.3,49.5118,-4.68787,29.2287,47.3148,-54.6857,-21.0715,15.9015,-30.3505,-164.859
F_S_WWC_WM_110,F_S_WWC_WM,train,0.232028868920265,0.02660791054343139,-0.0173827091540946,-0.120115956741196,0.102733247577408,0.114675,0.0983733429185322,0.1510870953960787,0.999968696629462,0.4796602097627367,0.3149976212415073,raw_stl/F_S_WWC_WM/F_S_WWC_WM_110.stl,normalized/F_S_WWC_WM/F_S_WWC_WM_110_norm.stl,pointclouds/F_S_WWC_WM/F_S_WWC_WM_110_pc.ply,0.302009,-2.33465,-1.01117,11.8945,1.09,0.75,8.10745,3.12041,-22.5406,49.0069,-14.6111,0.2,38.1247,0.0,52.3716,-14.5502,5.70773,-14.385,-13.2919,-19.1987,125.481,80.1462,-155.603
F_S_WWC_WM_111,F_S_WWC_WM,train,0.234953725687707,0.023565858686477013,0.0499820333604318,-0.037010949920598,0.0869929832820597,0.1003,0.0836279918297027,0.129056560216665,0.9998556334223722,0.4288373170437049,0.3009887181706644,raw_stl/F_S_WWC_WM/F_S_WWC_WM_111.stl,normalized/F_S_WWC_WM/F_S_WWC_WM_111_norm.stl,pointclouds/F_S_WWC_WM/F_S_WWC_WM_111_pc.ply,10.8562,-7.32506,12.8723,10.3035,2.45,0.62,3.9566,9.5718,10.6522,-82.5548,-5.60811,0.5,16.6025,0.5,11.1647,-16.6972,2.63839,4.55287,47.3921,8.2157,43.7585,83.4744,-34.005
F_S_WWC_WM_112,F_S_WWC_WM,train,0.26103407998671,0.02851797323854807,0.0489447945764451,-0.0677617813807308,0.116706575987707,0.10925,0.0924230599246643,0.140909387960004,0.9998183498242056,0.4593225346644705,0.3068322979808753,raw_stl/F_S_WWC_WM/F_S_WWC_WM_112.stl,normalized/F_S_WWC_WM/F_S_WWC_WM_112_norm.stl,pointclouds/F_S_WWC_WM/F_S_WWC_WM_112_pc.ply,4.04673,13.6292,9.8183,6.98825,2.46,1.33,0.298866,0.87735,-28.5626,19.2116,-6.63254,-0.3,37.3649,0.0,21.5526,20.64,-27.724,3.63845,87.5543,32.3899,71.2524,60.8052,67.1078
F_S_WWC_WM_113,F_S_WWC_WM,train,0.28036352730897,0.032164705670521584,0.0539875589797199,-0.0354773863307309,0.0894649453189368,0.114725,0.1011623084143202,0.1480632485210178,0.9999610117388116,0.4963431043572458,0.2983198923785742,raw_stl/F_S_WWC_WM/F_S_WWC_WM_113.stl,normalized/F_S_WWC_WM/F_S_WWC_WM_113_norm.stl,pointclouds/F_S_WWC_WM/F_S_WWC_WM_113_pc.ply,3.46125,10.0179,6.6263,0.69824,1.83,1.2,17.8607,-0.195699,-33.2368,79.1923,-13.4689,-0.3,-28.7787,-0.2,53.5309,0.922133,-10.9001,18.6596,12.1133,-28.7107,109.437,-56.5256,-155.339
F_S_WWC_WM_114,F_S_WWC_WM,train,0.232432893312292,0.02380693909751151,-0.0519324795023255,-0.173516854531561,0.121584374991694,0.102425,0.0883939135182582,0.1343667099686608,0.999900520423426,0.4504937970223383,0.2982950685007124,raw_stl/F_S_WWC_WM/F_S_WWC_WM_114.stl,normalized/F_S_WWC_WM/F_S_WWC_WM_114_norm.stl,pointclouds/F_S_WWC_WM/F_S_WWC_WM_114_pc.ply,-7.47791,-5.5525,11.484,3.27255,-0.37,-0.55,-3.2747,-4.943,2.98276,-24.4732,-12.3482,-0.4,5.75019,0.4,28.9147,-8.22371,-8.73536,-19.9695,75.9365,-18.0685,67.696,38.4013,-159.6
F_S_WWC_WM_115,F_S_WWC_WM,train,0.251376461890365,0.024760581496200952,-0.0226906680493953,-0.0919125315744186,0.0692218635295681,0.0985,0.0798745418570308,0.1285400783766217,0.9998364535293094,0.4390160358061192,0.2928391985850828,raw_stl/F_S_WWC_WM/F_S_WWC_WM_115.stl,normalized/F_S_WWC_WM/F_S_WWC_WM_115_norm.stl,pointclouds/F_S_WWC_WM/F_S_WWC_WM_115_pc.ply,-2.52446,14.6331,-0.344584,-10.3081,-0.79,0.53,16.573,6.16749,18.1891,138.513,0.642532,0.4,31.1083,0.8,56.746,18.0305,15.0287,8.95728,33.4603,-12.314,46.6894,57.1647,72.0461
F_S_WWC_WM_116,F_S_WWC_WM,train,0.29710691667774,0.028893647646910214,-0.0329471458493156,-0.136933041518272,0.103985895665448,0.09725,0.0817831016674403,0.1243420109849718,0.9998760630796416,0.4187682064178508,0.2969600403163708,raw_stl/F_S_WWC_WM/F_S_WWC_WM_116.stl,normalized/F_S_WWC_WM/F_S_WWC_WM_116_norm.stl,pointclouds/F_S_WWC_WM/F_S_WWC_WM_116_pc.ply,-6.22065,12.6457,12.996,6.05135,2.24,-1.55,14.9213,1.90335,30.0161,-16.8432,-8.91446,0.0,10.5965,0.5,46.9526,5.64683,-25.4865,37.4338,25.6821,-25.1029,0.726884,25.053,-176.385
F_S_WWC_WM_117,F_S_WWC_WM,train,0.223812900707641,0.02428369972677905,-0.0792599338631229,-0.0998845296684385,0.0206245958265571,0.1085,0.0905178296637254,0.1395969556606299,0.999893504947306,0.4752311900295416,0.2937766429439646,raw_stl/F_S_WWC_WM/F_S_WWC_WM_117.stl,normalized/F_S_WWC_WM/F_S_WWC_WM_117_norm.stl,pointclouds/F_S_WWC_WM/F_S_WWC_WM_117_pc.ply,4.65458,0.1484,4.36947,8.1917,-1.04,1.48,-0.464017,-2.68854,-48.9644,43.4032,-7.912,0.6,8.48685,0.7,54.6697,-15.6695,-20.6482,2.19385,8.23756,30.0008,148.67,50.5422,20.9443
F_S_WWC_WM_118,F_S_WWC_WM,train,0.25479038072093,0.023134966569460447,-0.0407526466117275,-0.0721176415963455,0.0313649949823156,0.0908,0.0761023291878871,0.1150648278407385,0.9999649669990412,0.3945445686610004,0.2916498367692828,raw_stl/F_S_WWC_WM/F_S_WWC_WM_118.stl,normalized/F_S_WWC_WM/F_S_WWC_WM_118_norm.stl,pointclouds/F_S_WWC_WM/F_S_WWC_WM_118_pc.ply,1.40431,7.85211,-0.954174,16.0316,-1.07,0.46,14.5749,6.05978,12.6702,47.9322,-14.4971,0.1,5.8797,0.1,-18.8932,-3.1986,16.7206,26.6006,120.323,48.3562,-44.6991,18.6581,28.8173
F_S_WWC_WM_119,F_S_WWC_WM,train,0.221515173312292,0.02089995660201475,-0.132697280136544,-0.160061344860465,0.0273640647097674,0.09435,0.0799726192286046,0.1223223897882841,0.999639832445319,0.4372856389952695,0.2798318794527797,raw_stl/F_S_WWC_WM/F_S_WWC_WM_119.stl,normalized/F_S_WWC_WM/F_S_WWC_WM_119_norm.stl,pointclouds/F_S_WWC_WM/F_S_WWC_WM_119_pc.ply,-4.29811,-0.976126,12.5852,-3.87111,1.68,0.24,-0.843218,6.39564,-28.3721,142.531,-8.14007,0.6,-1.87584,0.3,37.2711,29.58,28.3378,-1.01412,126.329,2.71386,72.5323,3.44595,35.1907
F_S_WWC_WM_120,F_S_WWC_WM,train,0.246110504116279,0.026586087207161036,-0.0250159511772691,-0.0485404122568106,0.0235244610792026,0.108025,0.0928052554114241,0.1422062573772109,0.9999573259627528,0.4734050975226046,0.3004030309253771,raw_stl/F_S_WWC_WM/F_S_WWC_WM_120.stl,normalized/F_S_WWC_WM/F_S_WWC_WM_120_norm.stl,pointclouds/F_S_WWC_WM/F_S_WWC_WM_120_pc.ply,14.82,3.29367,12.0954,-17.5664,1.2,0.47,4.29921,9.64745,-17.5065,124.931,-9.96652,0.1,-29.8007,-0.2,23.5152,14.7486,-3.22646,11.6669,64.3523,-36.7633,45.0383,-3.38397,149.899
F_S_WWC_WM_121,F_S_WWC_WM,train,0.251388053249169,0.022844889339018234,-0.175657789744186,-0.153299263913621,-0.0223585258206079,0.090875,0.0770880269391909,0.1147514373993732,0.9996617253540534,0.4137072739351846,0.277467367070359,raw_stl/F_S_WWC_WM/F_S_WWC_WM_121.stl,normalized/F_S_WWC_WM/F_S_WWC_WM_121_norm.stl,pointclouds/F_S_WWC_WM/F_S_WWC_WM_121_pc.ply,-5.78927,8.01461,17.3522,16.9873,-0.45,-1.66,5.39813,5.67173,18.5933,103.552,4.04274,0.3,-7.37957,0.3,-6.85351,0.371146,20.9208,11.7774,123.375,-36.2265,34.3398,-25.5579,-50.5797
F_S_WWC_WM_122,F_S_WWC_WM,train,0.240180562770764,0.027548710549806628,-0.0285263993784053,-0.179613171604651,0.151086772229235,0.1147,0.0995293560958319,0.1501054526959052,0.9998218867700376,0.4740119805606289,0.3167265794594389,raw_stl/F_S_WWC_WM/F_S_WWC_WM_122.stl,normalized/F_S_WWC_WM/F_S_WWC_WM_122_norm.stl,pointclouds/F_S_WWC_WM/F_S_WWC_WM_122_pc.ply,-6.38714,-6.83096,12.6565,5.75115,1.33,2.41,5.01704,2.70282,28.4724,104.852,-6.06572,-0.3,-24.0745,-0.2,50.9937,14.1902,-11.7586,-15.4979,-35.2645,-39.097,37.1844,7.18355,47.4082
F_S_WWC_WM_123,F_S_WWC_WM,train,0.235879843086378,0.02552809601802326,0.0200210492029521,-0.0835199056202657,0.103540954808637,0.108225,0.0953664894011359,0.1422248421616109,0.9999854528265598,0.4681733409006642,0.3037911361794793,raw_stl/F_S_WWC_WM/F_S_WWC_WM_123.stl,normalized/F_S_WWC_WM/F_S_WWC_WM_123_norm.stl,pointclouds/F_S_WWC_WM/F_S_WWC_WM_123_pc.ply,3.24643,4.22421,-7.62668,0.899354,1.58,-0.73,10.2312,1.53289,47.5777,-12.7665,-3.05542,-0.4,-25.9746,-0.4,54.269,11.9984,15.6456,7.92492,73.843,-3.04361,50.8536,0.856584,31.7001
F_S_WWC_WM_124,F_S_WWC_WM,test,0.247375802365448,0.025461154458463735,0.0106618033953694,-0.0259915546252292,0.0366533580202591,0.102925,0.0885528875222859,0.1328975856570334,0.9997023054368466,0.441103721999889,0.3013739256703375,raw_stl/F_S_WWC_WM/F_S_WWC_WM_124.stl,normalized/F_S_WWC_WM/F_S_WWC_WM_124_norm.stl,pointclouds/F_S_WWC_WM/F_S_WWC_WM_124_pc.ply,14.4782,-5.47314,8.87364,-19.9964,0.66,-0.67,16.9473,4.37412,-45.4573,35.1791,-0.474693,0.3,-18.2202,-0.3,16.2301,-12.7816,-21.4135,46.9327,36.1635,-24.6535,-16.7591,-3.6792,21.3972
F_S_WWC_WM_125,F_S_WWC_WM,train,0.213700927784053,0.021551738567021743,-0.0005586557898046,-0.0376082966577076,0.037049640873887,0.10085,0.0836224533407588,0.132796434011576,0.9999648719398466,0.4357294756395738,0.3047787824352337,raw_stl/F_S_WWC_WM/F_S_WWC_WM_125.stl,normalized/F_S_WWC_WM/F_S_WWC_WM_125_norm.stl,pointclouds/F_S_WWC_WM/F_S_WWC_WM_125_pc.ply,13.7712,-7.66466,16.1569,-11.3502,0.08,0.54,15.72,5.51706,-45.1881,46.1676,3.33563,0.4,39.9837,0.6,-1.09996,-2.26754,-10.2644,4.15964,-21.3935,-9.99127,23.5452,67.4999,-124.397
F_S_WWC_WM_126,F_S_WWC_WM,train,0.220713587066445,0.023406675908396495,0.0019242687544166,-0.0334274912509634,0.0353517600011794,0.10605,0.0874961867603213,0.1344725634610329,0.9999566237151304,0.4608039741998295,0.2918342813075588,raw_stl/F_S_WWC_WM/F_S_WWC_WM_126.stl,normalized/F_S_WWC_WM/F_S_WWC_WM_126_norm.stl,pointclouds/F_S_WWC_WM/F_S_WWC_WM_126_pc.ply,13.9597,-0.00682322,9.91159,12.3221,1.97,2.04,16.1335,2.23673,6.89549,87.476,-12.1891,0.4,-27.1626,0.9,-2.22129,17.766,13.4675,-17.0343,-10.4265,-25.7842,93.3799,-11.4725,29.8824
F_S_WWC_WM_127,F_S_WWC_WM,train,0.220947611684385,0.019968140405976293,0.0343684809859734,-0.0383707512661129,0.0727392322475083,0.090375,0.0750935119987885,0.1174972631202349,0.9998932070705828,0.412269251278709,0.2850317164640754,raw_stl/F_S_WWC_WM/F_S_WWC_WM_127.stl,normalized/F_S_WWC_WM/F_S_WWC_WM_127_norm.stl,pointclouds/F_S_WWC_WM/F_S_WWC_WM_127_pc.ply,6.32029,-6.4984,-0.371285,0.535213,-1.27,2.27,-7.34102,1.78636,41.6876,17.7268,2.14181,0.1,-33.932,0.8,-6.4922,25.2573,-2.97597,-15.046,21.5952,-21.1801,-41.7293,-41.0648,13.9621
F_S_WWC_WM_129,F_S_WWC_WM,train,0.247802742318936,0.029327454553446076,0.0349409948124152,-0.0654013215212624,0.10034231634784,0.11835,0.1023505512198426,0.1513231073108067,0.99971538391694,0.4926193538965838,0.3072680506058226,raw_stl/F_S_WWC_WM/F_S_WWC_WM_129.stl,normalized/F_S_WWC_WM/F_S_WWC_WM_129_norm.stl,pointclouds/F_S_WWC_WM/F_S_WWC_WM_129_pc.ply,9.81578,-5.17871,16.1679,3.36547,0.68,0.72,-3.08273,-2.98412,17.1012,-94.2002,-9.76115,-0.3,-35.2907,0.5,12.2701,21.0826,-19.0778,35.8807,53.412,-40.1087,136.613,62.695,56.8716
F_S_WWC_WM_130,F_S_WWC_WM,train,0.283434324863787,0.028052912303393317,0.0257294776476611,-0.0671615963637873,0.0928910740056478,0.098975,0.0853406913798526,0.1275902222944014,0.9998622500711228,0.4375148360885224,0.2916650813505043,raw_stl/F_S_WWC_WM/F_S_WWC_WM_130.stl,normalized/F_S_WWC_WM/F_S_WWC_WM_130_norm.stl,pointclouds/F_S_WWC_WM/F_S_WWC_WM_130_pc.ply,-0.0121556,12.2774,6.46923,-19.4537,0.74,-1.56,4.64618,4.24606,32.9506,74.3345,-8.70262,-0.4,-16.9436,0.0,37.4068,2.73213,4.70346,39.2319,115.984,-48.757,7.39161,-13.8513,-14.8195
F_S_WWC_WM_131,F_S_WWC_WM,train,0.23259922467774,0.02483578221496569,-0.154231332385382,-0.179556065215946,0.0253247328232767,0.106775,0.0915703017058452,0.1368499496552089,0.9998257880912038,0.477857194700099,0.2864324242018564,raw_stl/F_S_WWC_WM/F_S_WWC_WM_131.stl,normalized/F_S_WWC_WM/F_S_WWC_WM_131_norm.stl,pointclouds/F_S_WWC_WM/F_S_WWC_WM_131_pc.ply,-5.04629,5.30688,5.97024,5.7979,1.47,-0.63,19.8958,6.89243,-13.8924,-83.6888,-9.9309,0.6,-36.989,0.0,38.8875,-11.8167,4.58108,-15.3872,37.7564,14.1695,125.235,-33.4251,-41.0291
F_S_WWC_WM_132,F_S_WWC_WM,val,0.25442983730897,0.026199912496891187,-0.07607958270299,-0.157913525279069,0.0818339425986711,0.102975,0.0862040734376102,0.1374595782894389,0.9999014673663698,0.4282894798546371,0.3209817899917757,raw_stl/F_S_WWC_WM/F_S_WWC_WM_132.stl,normalized/F_S_WWC_WM/F_S_WWC_WM_132_norm.stl,pointclouds/F_S_WWC_WM/F_S_WWC_WM_132_pc.ply,-4.69316,-2.99821,3.8054,-4.06097,1.42,-0.76,-3.33563,2.31578,7.63545,114.866,-13.9148,-0.1,0.568472,0.2,21.1696,17.2403,22.2805,-13.9736,-57.8626,-29.7812,-48.8409,47.3205,-120.061
F_S_WWC_WM_133,F_S_WWC_WM,train,0.277290123129568,0.02912239518168288,0.0362079021826943,-0.0735027294551495,0.109710631636212,0.105025,0.088941281888898,0.1365933412747936,0.9999672208433849,0.4425534744890564,0.3086583355690462,raw_stl/F_S_WWC_WM/F_S_WWC_WM_133.stl,normalized/F_S_WWC_WM/F_S_WWC_WM_133_norm.stl,pointclouds/F_S_WWC_WM/F_S_WWC_WM_133_pc.ply,5.25286,11.8674,-1.20408,10.3931,-0.23,0.86,-7.01534,9.89428,-27.1042,73.9865,-14.4183,0.0,2.96576,-0.3,55.2538,26.6472,-6.25036,13.6288,67.1369,-2.51593,18.1284,57.4883,124.906
F_S_WWC_WM_134,F_S_WWC_WM,test,0.252247630813953,0.021529335289970888,-0.0731592453289036,-0.107247760337541,0.0340885150035548,0.08535,0.0721358545667231,0.1135387258099192,0.9998873150120876,0.3926518862232886,0.2891913304019076,raw_stl/F_S_WWC_WM/F_S_WWC_WM_134.stl,normalized/F_S_WWC_WM/F_S_WWC_WM_134_norm.stl,pointclouds/F_S_WWC_WM/F_S_WWC_WM_134_pc.ply,-1.95605,5.00815,18.6836,-3.21044,2.44,0.87,12.2925,6.92883,-24.4003,-4.42535,-5.35319,0.4,-22.5212,0.3,-9.12984,-16.1673,19.0824,1.68866,69.8037,-23.1804,-59.007,6.48645,-115.612
F_S_WWC_WM_135,F_S_WWC_WM,train,0.257768411302325,0.023618030685575525,0.0036113109030087,-0.0446863050219269,0.0482976159252491,0.091625,0.0775900109685501,0.119974886822623,0.9998760890021884,0.4119876374817792,0.2912460082693215,raw_stl/F_S_WWC_WM/F_S_WWC_WM_135.stl,normalized/F_S_WWC_WM/F_S_WWC_WM_135_norm.stl,pointclouds/F_S_WWC_WM/F_S_WWC_WM_135_pc.ply,3.78578,-0.50122,-3.14006,-16.3554,-0.81,1.08,8.05988,8.32206,12.0321,-27.4609,-5.51504,0.4,-31.1718,0.0,36.6822,7.61263,-26.1628,31.8127,68.7702,47.9533,-53.4803,2.00493,57.4909
F_S_WWC_WM_136,F_S_WWC_WM,train,0.255369025079734,0.028058671630635777,0.062573569491196,-0.0388839652266113,0.101457534739867,0.109875,0.0925829643520731,0.1450860226586195,0.9999512932042992,0.4587192486593571,0.3163004170898473,raw_stl/F_S_WWC_WM/F_S_WWC_WM_136.stl,normalized/F_S_WWC_WM/F_S_WWC_WM_136_norm.stl,pointclouds/F_S_WWC_WM/F_S_WWC_WM_136_pc.ply,9.22757,12.0024,-3.05127,-12.7879,-0.13,1.9,7.9656,-2.88544,-31.0989,33.6585,-2.93615,-0.3,39.2475,-0.1,-5.93147,-14.3889,27.2864,8.38197,68.2423,5.92867,32.3977,86.6918,19.3706
F_S_WWC_WM_137,F_S_WWC_WM,train,0.282621685378737,0.03098946780177851,-0.0577774714607641,-0.154796180607973,0.097018709144186,0.10965,0.0912961960382484,0.1403667105067334,0.9999048324025112,0.4815809025379753,0.2914984157405915,raw_stl/F_S_WWC_WM/F_S_WWC_WM_137.stl,normalized/F_S_WWC_WM/F_S_WWC_WM_137_norm.stl,pointclouds/F_S_WWC_WM/F_S_WWC_WM_137_pc.ply,-5.13496,9.76767,-2.68786,-12.2887,0.81,1.44,11.929,6.7307,45.1251,80.1932,-14.4793,0.3,37.9109,0.8,-5.39029,-7.7178,5.20351,30.973,-8.95169,14.4912,116.304,-0.132119,68.4255
F_S_WWC_WM_138,F_S_WWC_WM,val,0.219963020857142,0.025664185458507044,0.0192700092900365,-0.0700927246152823,0.0893627338973422,0.116675,0.1023825502044219,0.1503786406051149,0.9998102088048076,0.4957827142976563,0.3033731960136829,raw_stl/F_S_WWC_WM/F_S_WWC_WM_138.stl,normalized/F_S_WWC_WM/F_S_WWC_WM_138_norm.stl,pointclouds/F_S_WWC_WM/F_S_WWC_WM_138_pc.ply,3.00487,-5.01963,18.2613,9.51063,-1.05,0.52,16.6414,9.69717,11.6854,137.958,1.3357,-0.3,33.7059,0.0,28.2374,1.31296,2.92333,12.191,17.3711,13.7289,139.211,7.31932,-12.4749
F_S_WWC_WM_139,F_S_WWC_WM,train,0.244319591435215,0.023882240062792267,-0.0423695717836544,-0.139804152046511,0.0974345802475083,0.09775,0.0859266656356571,0.1284909303656706,0.9998920313739748,0.4357913155153877,0.2948769291120734,raw_stl/F_S_WWC_WM/F_S_WWC_WM_139.stl,normalized/F_S_WWC_WM/F_S_WWC_WM_139_norm.stl,pointclouds/F_S_WWC_WM/F_S_WWC_WM_139_pc.ply,-4.43033,-7.11563,16.7514,-5.76237,0.61,1.1,13.9135,-1.85339,27.6449,72.9825,1.15648,-0.3,4.17967,0.5,-13.1998,-17.2335,-24.8251,36.1192,64.2025,15.8736,17.4941,2.62575,-169.139
F_S_WWC_WM_140,F_S_WWC_WM,train,0.265383470518272,0.02761978469418916,-0.0033368934693554,-0.0491177907189368,0.0457808972462126,0.104075,0.0878278931594209,0.137646332790764,0.9998921516639928,0.4374830370805423,0.3146663245243553,raw_stl/F_S_WWC_WM/F_S_WWC_WM_140.stl,normalized/F_S_WWC_WM/F_S_WWC_WM_140_norm.stl,pointclouds/F_S_WWC_WM/F_S_WWC_WM_140_pc.ply,10.9028,2.98436,14.3026,-8.03838,1.5,1.22,15.9445,1.16413,41.9505,99.9412,-8.08929,0.4,-34.9591,-0.2,58.1043,6.77491,9.21934,32.4885,-1.80468,49.9911,-29.7325,56.7341,87.5564
F_S_WWC_WM_141,F_S_WWC_WM,train,0.231393051142857,0.025470590104549985,-0.0637448497748837,-0.154071658468438,0.0903268086903654,0.110075,0.0924157104207585,0.1381150235857501,0.999837985282412,0.4654207153733877,0.2968011506909526,raw_stl/F_S_WWC_WM/F_S_WWC_WM_141.stl,normalized/F_S_WWC_WM/F_S_WWC_WM_141_norm.stl,pointclouds/F_S_WWC_WM/F_S_WWC_WM_141_pc.ply,-3.08048,3.14297,1.06836,18.8463,2.17,1.09,0.903987,2.00937,37.5733,4.7164,2.07094,0.8,-16.5604,0.1,-3.30701,-4.54103,25.5535,8.33893,2.44344,-48.6856,100.599,1.78431,50.8333
F_S_WWC_WM_142,F_S_WWC_WM,val,0.230723952491694,0.02040176549907804,0.0400263727858471,-0.0166752250934584,0.0567015978744186,0.088425,0.0754420815638335,0.1189835021340985,0.9999258612595372,0.4036331671575069,0.2948031374951322,raw_stl/F_S_WWC_WM/F_S_WWC_WM_142.stl,normalized/F_S_WWC_WM/F_S_WWC_WM_142_norm.stl,pointclouds/F_S_WWC_WM/F_S_WWC_WM_142_pc.ply,13.8783,-7.88364,5.13693,4.44085,-0.21,-1.16,4.54058,-3.02449,-5.9037,71.9003,-9.05113,0.6,-18.9892,0.0,24.061,-13.6916,-1.21648,-10.7539,74.5498,42.1102,-51.9827,26.4749,59.2701
F_S_WWC_WM_143,F_S_WWC_WM,train,0.231497279830564,0.027993808563510955,-0.114596547815282,-0.224248053614617,0.109651505791029,0.120925,0.1026500328159838,0.1547457883451377,0.999925709329086,0.4863750981418012,0.3181850509184118,raw_stl/F_S_WWC_WM/F_S_WWC_WM_143.stl,normalized/F_S_WWC_WM/F_S_WWC_WM_143_norm.stl,pointclouds/F_S_WWC_WM/F_S_WWC_WM_143_pc.ply,-6.94098,2.46668,10.6615,19.6272,1.4,0.12,10.8871,7.3606,-48.6467,101.391,0.623319,0.0,-26.1897,0.1,2.74293,-2.96076,11.3413,-22.2471,-47.4872,30.8719,98.627,25.6693,1.79322
F_S_WWC_WM_144,F_S_WWC_WM,train,0.240977489136212,0.021796413892370376,-0.0156061659305524,-0.088816059092691,0.0732098931614618,0.09045,0.0768867103044946,0.1164701305189585,0.9999059382447064,0.4107631462219399,0.2835723896016663,raw_stl/F_S_WWC_WM/F_S_WWC_WM_144.stl,normalized/F_S_WWC_WM/F_S_WWC_WM_144_norm.stl,pointclouds/F_S_WWC_WM/F_S_WWC_WM_144_pc.ply,3.87471,-6.05972,-3.58403,-1.85356,1.58,0.18,-6.48285,7.72903,-35.3988,-27.0547,4.09454,0.5,-10.6424,0.4,-17.1111,12.7976,-0.497473,51.3965,85.7814,-19.9662,-31.488,-12.7598,95.0328
F_S_WWC_WM_145,F_S_WWC_WM,train,0.21031392492691,0.02019013679298336,-0.100547697664451,-0.130775854461794,0.0302281567955049,0.096,0.0790677110242992,0.1254982490571889,0.9999206671139502,0.4475811238271012,0.2804144306002412,raw_stl/F_S_WWC_WM/F_S_WWC_WM_145.stl,normalized/F_S_WWC_WM/F_S_WWC_WM_145_norm.stl,pointclouds/F_S_WWC_WM/F_S_WWC_WM_145_pc.ply,-2.39651,1.10941,-3.16895,-13.9493,1.7,0.18,9.92338,-4.22263,-34.4093,3.91285,-6.34222,0.7,8.69859,1.0,-5.0717,-9.94009,8.90053,-23.7936,13.5134,-38.4816,66.5211,-16.9058,1.03757
F_S_WWC_WM_146,F_S_WWC_WM,train,0.251875722657807,0.02293328454799333,-0.0159647505006611,-0.112171679910299,0.0962069294,0.09105,0.0775286784657442,0.1191283752810117,0.9999238851210378,0.4187360449300339,0.2845168092300331,raw_stl/F_S_WWC_WM/F_S_WWC_WM_146.stl,normalized/F_S_WWC_WM/F_S_WWC_WM_146_norm.stl,pointclouds/F_S_WWC_WM/F_S_WWC_WM_146_pc.ply,-2.55144,2.06691,-5.99119,-7.19916,2.32,1.55,15.4928,3.29237,32.8137,-79.6718,-2.01186,0.4,27.9241,0.1,55.5993,-17.122,-17.6642,20.029,88.1854,3.32759,6.70881,6.86803,-61.7087
F_S_WWC_WM_147,F_S_WWC_WM,train,0.220024676289036,0.02315759717942104,0.0136652735546976,-0.0608064232428571,0.0744716967960133,0.10525,0.094379154928653,0.1413398133680228,0.9999128651597536,0.4726405676835555,0.2990689748788833,raw_stl/F_S_WWC_WM/F_S_WWC_WM_147.stl,normalized/F_S_WWC_WM/F_S_WWC_WM_147_norm.stl,pointclouds/F_S_WWC_WM/F_S_WWC_WM_147_pc.ply,10.3885,-7.85919,16.3721,-9.58829,1.45,-0.19,6.93124,-2.60253,42.8236,21.1247,0.937835,-0.4,31.0485,-0.4,32.3662,-4.33259,-10.2885,-7.34826,48.827,-16.1393,33.5204,-31.5236,121.333
F_S_WWC_WM_148,F_S_WWC_WM,train,0.240764468990033,0.022559630744366094,-0.118877210333554,-0.0565216132096345,-0.0623555971312292,0.0937,0.0783221912854052,0.1191922614562915,0.9993488829857232,0.4330963999171309,0.2753888514275371,raw_stl/F_S_WWC_WM/F_S_WWC_WM_148.stl,normalized/F_S_WWC_WM/F_S_WWC_WM_148_norm.stl,pointclouds/F_S_WWC_WM/F_S_WWC_WM_148_pc.ply,5.87987,7.10137,10.3576,4.85906,-1.67,-0.68,19.2022,-4.52843,-11.1197,41.9435,0.993291,0.7,-23.6146,0.6,-13.83,5.90722,-25.4146,3.49098,73.7437,17.005,59.6911,-41.6326,-180.892
F_S_WWC_WM_149,F_S_WWC_WM,train,0.213050922136212,0.02173652033094703,-0.0212128832812624,-0.0892339463906976,0.0680210630990033,0.102025,0.0895305595369372,0.1341239700179554,0.9999656436382118,0.4544257623322119,0.2951605945480219,raw_stl/F_S_WWC_WM/F_S_WWC_WM_149.stl,normalized/F_S_WWC_WM/F_S_WWC_WM_149_norm.stl,pointclouds/F_S_WWC_WM/F_S_WWC_WM_149_pc.ply,5.48757,-4.27259,-4.04946,-11.2819,-1.41,-0.41,-0.376644,1.93187,-3.37328,12.6176,1.73022,-0.3,-4.06182,-0.2,-19.1538,-14.1388,-27.8259,-14.1644,75.5069,-2.05553,33.7699,-35.9679,-190.472
F_S_WWC_WM_150,F_S_WWC_WM,train,0.242927263289036,0.023235992733596292,-0.062827811239402,-0.0136219921971794,-0.0492058190455149,0.09565,0.0768024933011439,0.1225915439507852,0.9999522664981552,0.4139424554705617,0.296170142331607,raw_stl/F_S_WWC_WM/F_S_WWC_WM_150.stl,normalized/F_S_WWC_WM/F_S_WWC_WM_150_norm.stl,pointclouds/F_S_WWC_WM/F_S_WWC_WM_150_pc.ply,14.7031,5.83089,8.97893,4.20272,0.25,1.14,7.66716,8.80573,-4.0351,69.475,1.92105,0.7,-13.1098,0.9,10.6465,-6.4317,29.8431,18.2301,-47.0998,-49.2349,-27.3362,18.4438,-2.77782
F_S_WWC_WM_151,F_S_WWC_WM,train,0.236374619046511,0.022065570687991802,0.0108675397871614,-0.0815765476903654,0.0924440874704318,0.09335,0.0756561993060136,0.1190109986670626,0.9997558857605968,0.4010849290161375,0.2967951409500609,raw_stl/F_S_WWC_WM/F_S_WWC_WM_151.stl,normalized/F_S_WWC_WM/F_S_WWC_WM_151_norm.stl,pointclouds/F_S_WWC_WM/F_S_WWC_WM_151_pc.ply,-0.167774,14.5905,3.84719,16.1221,1.55,2.05,-0.491868,-0.854262,11.9609,-36.4233,4.81635,-0.1,-35.7161,0.8,46.7225,3.87277,8.48957,-12.4918,20.3336,-43.8802,-36.6219,21.7126,-114.887
F_S_WWC_WM_152,F_S_WWC_WM,train,0.232539093807308,0.023457381087812194,-0.105766094888372,-0.0549977580973421,-0.050768336798372,0.100875,0.0837770706489813,0.1265397391892179,0.999834171158856,0.4660237448870428,0.2715757040202363,raw_stl/F_S_WWC_WM/F_S_WWC_WM_152.stl,normalized/F_S_WWC_WM/F_S_WWC_WM_152_norm.stl,pointclouds/F_S_WWC_WM/F_S_WWC_WM_152_pc.ply,9.19503,8.05626,4.71091,8.83625,0.1,0.1,-0.541188,-3.96328,-34.992,-68.9678,3.56084,0.6,-7.43575,1.0,-2.31034,14.8579,23.0092,19.4553,66.5,12.0658,138.831,-38.2566,143.065
F_S_WWC_WM_153,F_S_WWC_WM,train,0.253356388049833,0.02970603649884292,-0.013731162878093,-0.0719631966677741,0.0582320337913621,0.11725,0.0949870053394111,0.1520698730853012,0.9999277472856086,0.4930007949550075,0.3084799515469733,raw_stl/F_S_WWC_WM/F_S_WWC_WM_153.stl,normalized/F_S_WWC_WM/F_S_WWC_WM_153_norm.stl,pointclouds/F_S_WWC_WM/F_S_WWC_WM_153_pc.ply,9.14677,12.9197,15.1255,-10.7131,-1.11,-0.03,-4.76959,0.847138,8.10467,-59.9644,-6.83131,0.8,18.9429,0.3,-3.91867,-13.8512,9.1674,-3.76045,-34.5863,-12.6902,130.822,86.1164,39.8272
F_S_WWC_WM_154,F_S_WWC_WM,train,0.262827293704318,0.030343411058163513,0.0464006310671096,-0.114036267692691,0.16043689872093,0.11545,0.0950327168300223,0.1497826651878326,0.9997736851549116,0.47038306919677,0.3184990717410302,raw_stl/F_S_WWC_WM/F_S_WWC_WM_154.stl,normalized/F_S_WWC_WM/F_S_WWC_WM_154_norm.stl,pointclouds/F_S_WWC_WM/F_S_WWC_WM_154_pc.ply,-0.877437,9.2751,11.873,7.09802,0.98,-0.43,18.797,9.33911,38.1974,99.1247,-2.34691,-0.2,-18.326,0.8,40.7686,23.4294,-23.1821,-4.04101,-41.476,2.79051,67.3743,83.8549,101.381
F_S_WWC_WM_155,F_S_WWC_WM,train,0.256049104026578,0.02613621229351295,-0.0398318017861661,-0.0568217947196013,0.0169899929355684,0.102075,0.0864519302820558,0.1344092714190523,0.9998382036429851,0.433060572370961,0.3104208289677925,raw_stl/F_S_WWC_WM/F_S_WWC_WM_155.stl,normalized/F_S_WWC_WM/F_S_WWC_WM_155_norm.stl,pointclouds/F_S_WWC_WM/F_S_WWC_WM_155_pc.ply,3.75117,8.07338,14.9861,-16.1107,2.07,1.41,3.19128,5.7924,-29.0722,144.477,-6.57657,0.2,14.9894,-0.4,41.4211,28.5546,-18.5878,15.3154,-6.98644,26.3907,-28.3519,14.4077,-143.672
F_S_WWC_WM_156,F_S_WWC_WM,train,0.272153748043189,0.024731971853424798,-0.0166834029626372,-0.0974737611491694,0.0807903581694352,0.090875,0.0736943909273103,0.1136648691371276,0.9999209013072436,0.3904209867707189,0.2911571468817013,raw_stl/F_S_WWC_WM/F_S_WWC_WM_156.stl,normalized/F_S_WWC_WM/F_S_WWC_WM_156_norm.stl,pointclouds/F_S_WWC_WM/F_S_WWC_WM_156_pc.ply,-1.9263,12.0603,15.5506,17.3574,0.64,-0.1,-9.64564,-3.43828,-35.8156,97.6255,-9.43109,0.4,3.05163,0.5,9.30188,4.3813,27.5968,38.3834,117.914,8.31351,-12.486,65.6668,-91.073
F_S_WWC_WM_157,F_S_WWC_WM,train,0.241131315857142,0.024800355835907055,-0.0316204085691358,-0.135034268627907,0.103413860066445,0.10285,0.0873079875390449,0.1305377993883064,0.9999123524127372,0.4406240596611688,0.2962825993086975,raw_stl/F_S_WWC_WM/F_S_WWC_WM_157.stl,normalized/F_S_WWC_WM/F_S_WWC_WM_157_norm.stl,pointclouds/F_S_WWC_WM/F_S_WWC_WM_157_pc.ply,-6.16259,-6.47213,14.9443,3.72538,-0.42,1.64,15.6157,4.34346,-16.2415,63.1371,3.8811,-0.4,-3.62898,0.9,35.9741,11.4385,25.6356,38.6906,-33.5674,-17.2085,13.1542,-16.0539,-48.363
F_S_WWC_WM_158,F_S_WWC_WM,train,0.27686408241196,0.026198263798231713,0.0357731898334571,-0.0928690012239202,0.128642191027574,0.094625,0.0798682279249402,0.1217429821720953,0.9999010962790512,0.424004117075158,0.2871552876347439,raw_stl/F_S_WWC_WM/F_S_WWC_WM_158.stl,normalized/F_S_WWC_WM/F_S_WWC_WM_158_norm.stl,pointclouds/F_S_WWC_WM/F_S_WWC_WM_158_pc.ply,-1.85799,7.38313,-2.5473,2.82385,1.0,-0.01,17.389,0.820297,-20.5981,-94.811,-8.63977,-0.4,15.968,0.8,55.7593,23.2405,10.2473,29.5626,108.796,-45.3203,30.9112,36.6258,2.38855
F_S_WWC_WM_159,F_S_WWC_WM,train,0.237053851358804,0.021091866424649584,-0.0516697533099667,-0.0499303177451827,-0.001739435566083,0.088975,0.0739470982175534,0.1153865339013135,0.9999118705023596,0.4013241214571411,0.2875399149591571,raw_stl/F_S_WWC_WM/F_S_WWC_WM_159.stl,normalized/F_S_WWC_WM/F_S_WWC_WM_159_norm.stl,pointclouds/F_S_WWC_WM/F_S_WWC_WM_159_pc.ply,8.2911,4.35156,-4.98976,11.5417,2.1,-0.14,-8.49639,4.22641,10.4233,-18.348,-14.8608,0.5,-8.59417,0.1,5.069,-10.7396,-23.981,-19.425,27.9977,7.69723,-59.3546,-43.3703,30.0444
F_S_WWC_WM_160,F_S_WWC_WM,val,0.250573223697674,0.02224463793376101,0.0343024214841993,0.0089313842122159,0.0253710372751993,0.088775,0.0774209690749834,0.1150600283529695,0.9999402496623676,0.409064688374793,0.2812926828186299,raw_stl/F_S_WWC_WM/F_S_WWC_WM_160.stl,normalized/F_S_WWC_WM/F_S_WWC_WM_160_norm.stl,pointclouds/F_S_WWC_WM/F_S_WWC_WM_160_pc.ply,10.7738,-6.1157,11.6085,-15.383,0.94,0.67,7.62675,8.66377,-45.7607,61.4438,-14.9069,-0.2,-3.12154,0.3,-5.1535,2.70209,-23.4284,37.0708,106.086,10.1514,-35.8993,-53.8721,-139.882
F_S_WWC_WM_161,F_S_WWC_WM,train,0.242456081305647,0.023124248754526084,-0.0341380513931627,-0.0680487670840531,0.0339107156932225,0.095375,0.0786863316105353,0.1239159850383801,0.9999091749117685,0.4045920456831602,0.3063017230892457,raw_stl/F_S_WWC_WM/F_S_WWC_WM_161.stl,normalized/F_S_WWC_WM/F_S_WWC_WM_161_norm.stl,pointclouds/F_S_WWC_WM/F_S_WWC_WM_161_pc.ply,5.75453,9.98111,17.6955,3.86368,0.21,1.84,14.3121,4.69484,-43.6054,75.4375,-2.16327,-0.3,-35.9855,0.5,40.2053,0.0750084,-14.5641,15.8399,88.3094,-36.9079,-43.6388,82.7745,-0.732174
F_S_WWC_WM_162,F_S_WWC_WM,train,0.217608134093023,0.020634691315370907,-0.0191822879978073,-0.02871428175598,0.0095319937581694,0.094825,0.0821486947773907,0.1235506933031705,0.9999012905427624,0.4482947736655315,0.275628665305786,raw_stl/F_S_WWC_WM/F_S_WWC_WM_162.stl,normalized/F_S_WWC_WM/F_S_WWC_WM_162_norm.stl,pointclouds/F_S_WWC_WM/F_S_WWC_WM_162_pc.ply,9.15217,-5.21013,9.10048,-6.02572,0.33,1.03,6.12711,-3.94171,47.0352,0.163785,-5.63448,0.2,12.0462,0.5,-22.7709,2.26709,15.8531,-3.70989,127.926,-40.6529,89.0359,-33.7808,-163.334
F_S_WWC_WM_163,F_S_WWC_WM,val,0.268728834249169,0.024602124775511422,-0.0424753055158837,-0.136587120724252,0.0941118151833887,0.09155,0.0761700370039586,0.1185617387982807,0.9999200222864516,0.4031641814087253,0.2941015777720849,raw_stl/F_S_WWC_WM/F_S_WWC_WM_163.stl,normalized/F_S_WWC_WM/F_S_WWC_WM_163_norm.stl,pointclouds/F_S_WWC_WM/F_S_WWC_WM_163_pc.ply,-5.719,0.344745,-3.4814,6.81424,0.83,1.84,-4.43365,-0.26357,27.0728,-33.4297,-14.0546,0.2,39.5264,0.6,30.6983,-6.21809,21.7415,28.2997,61.4989,49.6372,-24.1402,61.0919,46.3054
F_S_WWC_WM_164,F_S_WWC_WM,test,0.294161496561461,0.03254896959452566,-8.53026653348847e-05,-0.128182349152823,0.128097046513289,0.11065,0.0943283374184024,0.1426908529810516,0.9999351061389594,0.457568887820121,0.311865857012716,raw_stl/F_S_WWC_WM/F_S_WWC_WM_164.stl,normalized/F_S_WWC_WM/F_S_WWC_WM_164_norm.stl,pointclouds/F_S_WWC_WM/F_S_WWC_WM_164_pc.ply,-4.35376,5.96096,-4.76194,-5.94266,1.19,-0.2,7.29332,0.0280631,-40.081,-80.3318,-12.7254,0.2,13.3514,-0.3,9.64635,-18.0053,19.4933,54.138,-10.091,-15.5757,10.1537,32.0535,34.1077
F_S_WWC_WM_165,F_S_WWC_WM,val,0.273102556245847,0.030355349126725894,0.0269379534303455,-0.0413565358976744,0.0682944893365448,0.11115,0.0949302711537276,0.1414121463165245,0.9997889697897772,0.4584974406082106,0.3084902604097529,raw_stl/F_S_WWC_WM/F_S_WWC_WM_165.stl,normalized/F_S_WWC_WM/F_S_WWC_WM_165_norm.stl,pointclouds/F_S_WWC_WM/F_S_WWC_WM_165_pc.ply,14.9994,6.79447,8.32477,10.6622,-0.7,-0.65,16.9043,5.05903,-35.1851,97.251,-14.7014,-0.2,21.978,-0.1,-6.70348,4.91595,-10.007,32.9451,75.3741,-47.9867,69.8634,49.4705,-56.6125
F_S_WWC_WM_166,F_S_WWC_WM,train,0.262739389684385,0.023521743861494564,-0.113879514483056,-0.0926779209179401,-0.0212015935741983,0.089525,0.075065211869495,0.1128133524181971,0.9999155379906504,0.4024741478840755,0.2803233009092041,raw_stl/F_S_WWC_WM/F_S_WWC_WM_166.stl,normalized/F_S_WWC_WM/F_S_WWC_WM_166_norm.stl,pointclouds/F_S_WWC_WM/F_S_WWC_WM_166_pc.ply,-3.30674,8.22246,19.1444,11.4807,1.82,-1.04,6.67948,-2.50124,-12.647,-61.0048,-7.55754,0.6,-20.9771,-0.2,15.9694,27.3883,-24.4784,23.5688,97.9841,40.3401,-18.5205,-27.3318,-45.2431
F_S_WWC_WM_167,F_S_WWC_WM,train,0.232419268249169,0.023334894532216568,-0.0515258357769119,-0.0684546492312292,0.0169288134531295,0.1004,0.0869250682572996,0.1307643775194683,0.9998432915757784,0.4631432986239218,0.2823853286862866,raw_stl/F_S_WWC_WM/F_S_WWC_WM_167.stl,normalized/F_S_WWC_WM/F_S_WWC_WM_167_norm.stl,pointclouds/F_S_WWC_WM/F_S_WWC_WM_167_pc.ply,11.2161,4.60242,-1.84785,2.89339,2.48,-0.37,-6.53252,0.00704819,-4.80066,135.305,-2.52134,0.2,21.8923,0.1,43.9631,-2.30139,7.66551,-1.60506,115.754,-36.6637,127.369,-22.0096,-122.32
F_S_WWC_WM_168,F_S_WWC_WM,train,0.253708830930232,0.022814766621401115,-0.157136588504983,-0.140443131172757,-0.01669345734999,0.089925,0.0746858002564576,0.1127314111717424,0.9997421996566712,0.4074560014838499,0.2767427168866774,raw_stl/F_S_WWC_WM/F_S_WWC_WM_168.stl,normalized/F_S_WWC_WM/F_S_WWC_WM_168_norm.stl,pointclouds/F_S_WWC_WM/F_S_WWC_WM_168_pc.ply,-5.22331,6.16382,16.9201,15.0307,1.93,2.32,19.0385,2.94968,-33.1165,33.9258,-12.6495,0.1,5.05902,0.7,17.4,16.4999,-14.095,9.72951,119.482,25.1527,29.1056,-12.4669,-157.568
F_S_WWC_WM_169,F_S_WWC_WM,train,0.275235620621262,0.02695244814933708,-0.0566347989202657,-0.0198946342531491,-0.0367401646632225,0.097925,0.0794663254519488,0.1232554903153555,0.9999126425542956,0.4176302323228591,0.2951564542040846,raw_stl/F_S_WWC_WM/F_S_WWC_WM_169.stl,normalized/F_S_WWC_WM/F_S_WWC_WM_169_norm.stl,pointclouds/F_S_WWC_WM/F_S_WWC_WM_169_pc.ply,14.8888,10.7689,11.3797,7.23696,-1.51,-0.33,14.853,0.948831,40.5595,-46.6596,-11.083,0.7,-34.0474,0.3,-7.60229,-1.86093,25.9499,44.9548,33.9264,18.3414,-32.4806,24.1191,140.564
F_S_WWC_WM_170,F_S_WWC_WM,test,0.272999088089701,0.02745688328462168,-0.0410652776587308,-0.152510411122923,0.111445133437873,0.100575,0.0873198198651862,0.129354898051444,0.9997929521566724,0.4551791979242845,0.2842434075207232,raw_stl/F_S_WWC_WM/F_S_WWC_WM_170.stl,normalized/F_S_WWC_WM/F_S_WWC_WM_170_norm.stl,pointclouds/F_S_WWC_WM/F_S_WWC_WM_170_pc.ply,-7.62291,11.0894,-4.09792,-2.89642,0.35,-0.91,-7.80238,1.48268,-19.5952,-7.56337,-7.1142,0.4,-14.3851,-0.3,31.3333,-3.93781,27.0913,31.4098,107.733,36.4558,78.6205,-27.9779,-92.4595
F_S_WWC_WM_171,F_S_WWC_WM,train,0.230219230644518,0.02600901758206442,-0.0326826347941029,-0.0246111682843189,-0.0080714665094172,0.112975,0.0961294825500879,0.1474423784225246,0.9995220726847264,0.497139656472536,0.2967232183876969,raw_stl/F_S_WWC_WM/F_S_WWC_WM_171.stl,normalized/F_S_WWC_WM/F_S_WWC_WM_171_norm.stl,pointclouds/F_S_WWC_WM/F_S_WWC_WM_171_pc.ply,9.2592,13.2024,11.719,-17.2308,0.4,1.04,3.92436,9.11155,-39.2776,-36.7446,0.0757825,0.0,25.1133,-0.2,17.772,-2.72914,20.4537,-21.1825,-4.38928,30.1583,80.7779,-46.5058,134.359
F_S_WWC_WM_172,F_S_WWC_WM,train,0.230288939644518,0.022355298815991582,-0.144275567295681,-0.175745289767441,0.0314697224576611,0.097075,0.0833574125688778,0.1255109930419208,0.9998478854934254,0.4518201319247092,0.2778319935735705,raw_stl/F_S_WWC_WM/F_S_WWC_WM_172.stl,normalized/F_S_WWC_WM/F_S_WWC_WM_172_norm.stl,pointclouds/F_S_WWC_WM/F_S_WWC_WM_172_pc.ply,-3.90617,-1.37923,16.2762,-0.544374,0.48,-1.64,-4.93985,3.89664,36.7545,63.8911,-14.1424,0.4,-9.94364,0.9,-22.5182,13.2993,21.1606,3.27375,71.6819,23.6697,115.488,-19.5614,-178.088
F_S_WWC_WM_173,F_S_WWC_WM,train,0.236938336627906,0.02486075497068304,-0.197965262415282,-0.23020530947176,0.0322400470587511,0.104925,0.0906214495976294,0.1377361006213545,0.9999119655915684,0.4858841518359629,0.2835001443956411,raw_stl/F_S_WWC_WM/F_S_WWC_WM_173.stl,normalized/F_S_WWC_WM/F_S_WWC_WM_173_norm.stl,pointclouds/F_S_WWC_WM/F_S_WWC_WM_173_pc.ply,-7.91976,10.6489,6.71093,-16.8797,2.42,1.67,2.60556,3.13514,16.2468,-77.3445,0.905203,0.2,6.16848,0.3,2.60224,2.79919,-24.8888,-8.57594,78.8963,-23.4214,126.003,-26.5439,105.396
F_S_WWC_WM_174,F_S_WWC_WM,val,0.206631031754152,0.020900728861932477,-0.0138800432086245,-0.0177491842548505,0.0038691410469146,0.10115,0.0852302620908906,0.1328433633852119,0.9999581059661664,0.4470490684729687,0.2971685623158154,raw_stl/F_S_WWC_WM/F_S_WWC_WM_174.stl,normalized/F_S_WWC_WM/F_S_WWC_WM_174_norm.stl,pointclouds/F_S_WWC_WM/F_S_WWC_WM_174_pc.ply,14.3171,0.800555,3.36829,-5.83018,-1.79,-1.51,18.901,5.02336,-29.1622,-78.0554,2.49586,-0.1,-20.0893,0.4,19.8762,4.11563,3.5526,-13.0761,77.1772,-15.2432,41.9973,39.9591,-10.4763
F_S_WWC_WM_175,F_S_WWC_WM,train,0.226987697784053,0.020576434804124404,-0.0327946165844717,-0.0400471557461794,0.0072525391592159,0.09065,0.0752886761868869,0.1207067539764768,0.999936652105299,0.4089066497356038,0.2952126140714319,raw_stl/F_S_WWC_WM/F_S_WWC_WM_175.stl,normalized/F_S_WWC_WM/F_S_WWC_WM_175_norm.stl,pointclouds/F_S_WWC_WM/F_S_WWC_WM_175_pc.ply,7.72664,0.953152,7.73208,-13.1055,0.73,1.12,8.99763,2.46397,40.3959,85.767,-14.9336,0.2,16.2887,0.2,14.9324,-3.02737,-29.1147,-24.5308,80.2135,-46.6826,-41.6793,29.6093,-44.9067
F_S_WWC_WM_176,F_S_WWC_WM,train,0.249115858189368,0.024226517208916037,-0.0566935911634551,-0.173621217139534,0.116927625999999,0.09725,0.083598798995908,0.1283237075167148,0.9999033580073848,0.4307422828538759,0.2979417514432011,raw_stl/F_S_WWC_WM/F_S_WWC_WM_176.stl,normalized/F_S_WWC_WM/F_S_WWC_WM_176_norm.stl,pointclouds/F_S_WWC_WM/F_S_WWC_WM_176_pc.ply,-5.17724,-7.52126,15.4382,-1.30527,2.34,-0.88,-5.77759,4.42041,39.8559,-67.7209,-11.1355,0.2,-25.9329,0.2,3.39039,12.5734,-22.5565,-6.08505,102.004,-6.66508,21.2802,54.6728,-12.8479
F_S_WWC_WM_177,F_S_WWC_WM,train,0.27189292626578,0.027923403527495606,-0.112285485822591,-0.133818407966777,0.0215329221419435,0.1027,0.0850696798410819,0.1305010691797285,0.9998363800061256,0.4643070651272786,0.2811122962825693,raw_stl/F_S_WWC_WM/F_S_WWC_WM_177.stl,normalized/F_S_WWC_WM/F_S_WWC_WM_177_norm.stl,pointclouds/F_S_WWC_WM/F_S_WWC_WM_177_pc.ply,-4.13834,12.3258,2.02037,-0.378287,-0.86,1.99,-7.09843,5.22996,-45.9282,77.3809,-10.3163,0.7,-26.7662,0.7,17.2705,14.5492,22.0725,26.3912,1.03962,44.5355,83.9674,-42.7442,122.234
F_S_WWC_WM_178,F_S_WWC_WM,train,0.235391958777408,0.022315157692098277,-0.0698809053774086,-0.0864622117209302,0.0165813063382767,0.0948,0.0790671761528924,0.1227464291901656,0.9997851269495484,0.4345881697750604,0.282503800832538,raw_stl/F_S_WWC_WM/F_S_WWC_WM_178.stl,normalized/F_S_WWC_WM/F_S_WWC_WM_178_norm.stl,pointclouds/F_S_WWC_WM/F_S_WWC_WM_178_pc.ply,2.4146,-1.27814,18.3514,-8.67436,0.49,2.21,18.8262,4.94487,18.9938,-23.977,-4.07047,0.3,10.464,0.9,-16.178,-10.4183,-1.46832,17.3548,126.183,-4.40546,67.8185,50.2196,73.9531
F_S_WWC_WM_179,F_S_WWC_WM,train,0.25701568544186,0.03178641489702203,0.0421004191843853,-0.111728064269435,0.153828483431893,0.123675,0.1075094578842948,0.1616284165669286,0.9999098928087576,0.5068568284467373,0.3189125068263442,raw_stl/F_S_WWC_WM/F_S_WWC_WM_179.stl,normalized/F_S_WWC_WM/F_S_WWC_WM_179_norm.stl,pointclouds/F_S_WWC_WM/F_S_WWC_WM_179_pc.ply,2.72894,5.88339,4.63623,-3.92246,2.05,0.31,-7.54053,7.52365,-33.3987,67.6668,2.97433,-0.3,-2.59648,-0.2,29.5285,-6.6733,-13.9057,29.3338,54.7002,-33.4415,134.059,74.7741,71.3119
F_S_WWC_WM_180,F_S_WWC_WM,train,0.268544223564784,0.023967571953156974,-0.0444279428762458,-0.0380606513504983,-0.0063672915261112,0.08925,0.0743993482961469,0.1114213108493835,0.9999266968002962,0.40318447441509,0.2763734371180541,raw_stl/F_S_WWC_WM/F_S_WWC_WM_180.stl,normalized/F_S_WWC_WM/F_S_WWC_WM_180_norm.stl,pointclouds/F_S_WWC_WM/F_S_WWC_WM_180_pc.ply,9.40968,14.3077,15.2811,17.7157,-0.59,-0.82,7.06062,2.566,-1.7452,129.871,-3.63203,-0.2,13.9177,0.9,12.7885,-2.20998,0.755337,39.2196,70.8608,-14.8761,-18.9194,-53.2994,109.608
F_S_WWC_WM_181,F_S_WWC_WM,train,0.278318992455149,0.031742281089509744,-0.014736560148372,-0.0807141632727574,0.0659776031378737,0.11405,0.0950031603546922,0.1427441314185088,0.999403352846698,0.4760545591762678,0.3000272708044685,raw_stl/F_S_WWC_WM/F_S_WWC_WM_181.stl,normalized/F_S_WWC_WM/F_S_WWC_WM_181_norm.stl,pointclouds/F_S_WWC_WM/F_S_WWC_WM_181_pc.ply,3.63103,11.3509,8.12782,4.77205,2.43,1.14,3.98753,3.66717,-29.71,14.2002,-5.06199,0.1,-39.5641,0.7,22.6845,29.0044,26.5742,38.7954,-59.2583,-3.49747,82.4644,-23.0017,-63.2239
F_S_WWC_WM_182,F_S_WWC_WM,train,0.253445091916943,0.023564057420977773,-0.0849256185867707,-0.0577772430504983,-0.0271483755331893,0.092975,0.0797593183406932,0.1218944647617795,0.9999669556190656,0.4154949058978411,0.2933814376342394,raw_stl/F_S_WWC_WM/F_S_WWC_WM_182.stl,normalized/F_S_WWC_WM/F_S_WWC_WM_182_norm.stl,pointclouds/F_S_WWC_WM/F_S_WWC_WM_182_pc.ply,4.59633,14.9648,13.653,-12.3967,0.51,0.42,3.44704,-1.97843,-13.4179,-31.8395,4.53588,0.1,6.75565,-0.4,11.6731,1.4249,5.05688,11.1706,96.3636,-28.044,-34.539,-10.6512,-192.02
F_S_WWC_WM_183,F_S_WWC_WM,train,0.247283356900332,0.02114272701497839,-0.0506933458486717,-0.0905334349810631,0.0398400891322657,0.0855,0.0694829371773361,0.1075151224734462,0.9998149152091744,0.3934544610143215,0.2733099665306534,raw_stl/F_S_WWC_WM/F_S_WWC_WM_183.stl,normalized/F_S_WWC_WM/F_S_WWC_WM_183_norm.stl,pointclouds/F_S_WWC_WM/F_S_WWC_WM_183_pc.ply,-0.772398,9.31955,-4.63488,14.9643,1.25,1.01,18.363,5.87275,42.5343,6.30452,-6.70934,0.6,-24.5565,0.8,35.1424,17.4287,26.0829,6.11666,91.4767,35.7724,-17.4143,-24.3362,91.8619
F_S_WWC_WM_184,F_S_WWC_WM,train,0.24017921785382,0.024930602813226517,-0.0503618673281229,-0.0786069491504983,0.0282450818145614,0.1038,0.0844235278979508,0.1304521471733246,0.9996748837448796,0.4352924584955908,0.2997859727026715,raw_stl/F_S_WWC_WM/F_S_WWC_WM_184.stl,normalized/F_S_WWC_WM/F_S_WWC_WM_184_norm.stl,pointclouds/F_S_WWC_WM/F_S_WWC_WM_184_pc.ply,2.1178,8.93755,5.25293,17.4998,-1.17,0.99,9.77937,8.1145,-33.7451,-78.9377,-0.63019,0.6,-18.9424,0.9,37.7456,-13.8866,-4.99665,25.3551,-12.1255,4.7092,73.7231,76.5761,-196.151
F_S_WWC_WM_185,F_S_WWC_WM,train,0.257013307591362,0.031760419485602556,0.0165124860980066,-0.0466370905435215,0.0631495766237873,0.123575,0.1079792792201287,0.1630292607126385,0.9999800097987268,0.5193682855991893,0.3139054198841462,raw_stl/F_S_WWC_WM/F_S_WWC_WM_185.stl,normalized/F_S_WWC_WM/F_S_WWC_WM_185_norm.stl,pointclouds/F_S_WWC_WM/F_S_WWC_WM_185_pc.ply,9.61686,4.50221,-5.70982,-13.832,1.8,1.93,2.97206,8.16735,26.4843,138.125,-5.9827,-0.1,16.0171,-0.3,43.1421,-6.72329,25.7246,25.8662,-36.5061,-10.5352,115.919,-3.11164,106.276
F_S_WWC_WM_186,F_S_WWC_WM,train,0.265963179960132,0.025672095945651743,0.0402485913948671,-0.124118604764119,0.164367196206644,0.096525,0.0796521523071536,0.1191752798350178,0.9998711842275734,0.4056383082986775,0.2938347563089932,raw_stl/F_S_WWC_WM/F_S_WWC_WM_186.stl,normalized/F_S_WWC_WM/F_S_WWC_WM_186_norm.stl,pointclouds/F_S_WWC_WM/F_S_WWC_WM_186_pc.ply,-5.64637,5.57163,-7.59475,18.9555,0.82,-0.08,1.63999,8.9153,28.9221,59.6389,2.85187,-0.1,1.35789,0.8,14.9939,15.2922,20.5174,53.8305,105.533,41.238,15.1338,60.1368,-22.6824
F_S_WWC_WM_187,F_S_WWC_WM,train,0.266754146026578,0.030670057939405804,0.112724067564119,-0.0649819433564784,0.177706010930232,0.114975,0.0996636987650567,0.1453572155392113,0.9998773444153448,0.4892260001930923,0.2971531491440937,raw_stl/F_S_WWC_WM/F_S_WWC_WM_187.stl,normalized/F_S_WWC_WM/F_S_WWC_WM_187_norm.stl,pointclouds/F_S_WWC_WM/F_S_WWC_WM_187_pc.ply,2.37588,1.58141,-2.60367,11.6422,1.38,-1.48,12.9047,-4.35544,32.6311,-88.6172,3.10296,-0.2,-37.5716,0.5,6.03349,11.2253,-2.06747,33.1993,9.83359,-44.2325,129.931,-18.1536,-74.6984
F_S_WWC_WM_188,F_S_WWC_WM,train,0.246599970684385,0.021799437408499635,-0.0114735028048451,-0.0269995195423488,0.0155260167373039,0.0884,0.0718409010402309,0.1166992287748027,0.9998963144589978,0.3969634814703453,0.2940102440151514,raw_stl/F_S_WWC_WM/F_S_WWC_WM_188.stl,normalized/F_S_WWC_WM/F_S_WWC_WM_188_norm.stl,pointclouds/F_S_WWC_WM/F_S_WWC_WM_188_pc.ply,10.5341,5.17264,-2.56484,-2.54332,-0.41,1.92,-1.62657,-3.62132,-37.7676,63.5105,-8.84782,0.6,-36.137,0.8,27.727,17.1154,21.4176,8.52823,11.0536,-38.0643,-54.8365,32.2645,-149.626
F_S_WWC_WM_189,F_S_WWC_WM,train,0.265819552209302,0.022076313810982528,0.0129168058626973,-0.0638802371099667,0.0767970429713122,0.08305,0.0701550086177954,0.1088479104636599,0.9999733361353738,0.3834536909688111,0.2838695138700638,raw_stl/F_S_WWC_WM/F_S_WWC_WM_189.stl,normalized/F_S_WWC_WM/F_S_WWC_WM_189_norm.stl,pointclouds/F_S_WWC_WM/F_S_WWC_WM_189_pc.ply,1.8435,5.01659,-3.9235,1.26512,0.62,-1.78,7.78386,4.20915,-45.3066,16.9091,-10.1891,-0.1,-14.4586,0.8,7.79045,2.47609,-0.360752,16.9459,104.721,48.9616,-58.2445,1.23452,-197.504
F_S_WWC_WM_190,F_S_WWC_WM,train,0.246935977146179,0.02857666595524156,-0.0057585887133023,-0.0849444755495016,0.0791858868465116,0.115725,0.1023097925165023,0.1500874903755893,0.9999143211137012,0.4939771237379413,0.3038609352406142,raw_stl/F_S_WWC_WM/F_S_WWC_WM_190.stl,normalized/F_S_WWC_WM/F_S_WWC_WM_190_norm.stl,pointclouds/F_S_WWC_WM/F_S_WWC_WM_190_pc.ply,11.004,-6.76392,0.224627,8.06024,0.7,0.13,13.7383,1.70202,-25.018,-5.67779,-13.9054,0.6,-15.2625,-0.2,-21.9082,0.336808,0.91996,24.5074,21.3104,15.6381,144.461,13.6728,-160.809
F_S_WWC_WM_191,F_S_WWC_WM,val,0.225748850312292,0.02267647201386973,-0.0723940495940199,-0.0795610969215946,0.0071670473320883,0.10045,0.0807767301212614,0.1309828573240231,0.9995308406880314,0.4210579900227697,0.3112263419781866,raw_stl/F_S_WWC_WM/F_S_WWC_WM_191.stl,normalized/F_S_WWC_WM/F_S_WWC_WM_191_norm.stl,pointclouds/F_S_WWC_WM/F_S_WWC_WM_191_pc.ply,5.11771,2.4227,11.0998,1.71387,-0.3,0.66,16.9628,0.0644063,-34.5179,143.578,-7.43789,0.7,14.0597,0.2,28.9058,-0.222137,27.7582,-18.2463,-58.5285,23.7536,-36.5606,53.4796,-13.0334
F_S_WWC_WM_192,F_S_WWC_WM,train,0.216415972571428,0.018703750429485664,0.0745401230631229,-0.018972204236287,0.0935123273006644,0.086425,0.07283872114747,0.1158625787122032,0.9999611051696012,0.4084929230822277,0.2836452697113505,raw_stl/F_S_WWC_WM/F_S_WWC_WM_192.stl,normalized/F_S_WWC_WM/F_S_WWC_WM_192_norm.stl,pointclouds/F_S_WWC_WM/F_S_WWC_WM_192_pc.ply,9.07108,-7.57954,-1.0615,-14.9855,2.21,1.49,8.29195,1.55338,-40.9042,25.5345,0.842821,0.1,11.4584,0.6,22.9419,19.6405,3.07641,-22.7019,90.0618,38.9867,-29.0416,-4.19041,-6.17395
F_S_WWC_WM_193,F_S_WWC_WM,test,0.235025640332225,0.02503023069538196,0.0316537002109302,-0.0290124947794684,0.0606661949963455,0.1065,0.0889901458328995,0.1328376061899502,0.9999472735480164,0.4566490944044171,0.2909118012994096,raw_stl/F_S_WWC_WM/F_S_WWC_WM_193.stl,normalized/F_S_WWC_WM/F_S_WWC_WM_193_norm.stl,pointclouds/F_S_WWC_WM/F_S_WWC_WM_193_pc.ply,8.80929,-4.459,17.8141,13.8782,1.32,-1.28,16.3192,0.677856,-19.1625,74.4945,4.2836,0.2,-12.5407,1.0,29.3806,-3.24623,5.76755,47.8844,41.0417,44.0062,131.751,38.6734,-118.633
F_S_WWC_WM_194,F_S_WWC_WM,train,0.271221134870431,0.026254205855457718,-0.0771705431686113,-0.0597350601800664,-0.0174354829745064,0.0968,0.0826812964480961,0.1229804428514651,0.9998687311011938,0.4233333198817007,0.2905431316215852,raw_stl/F_S_WWC_WM/F_S_WWC_WM_194.stl,normalized/F_S_WWC_WM/F_S_WWC_WM_194_norm.stl,pointclouds/F_S_WWC_WM/F_S_WWC_WM_194_pc.ply,8.5541,10.6631,19.1044,-3.08968,1.13,-0.66,11.2558,5.03655,46.6988,-42.4613,-5.13467,-0.1,12.2714,0.0,7.1348,10.6845,26.8318,53.413,118.594,15.4316,9.72493,10.4492,-124.93
F_S_WWC_WM_195,F_S_WWC_WM,test,0.258765890451827,0.028677729809323732,-0.0543574734166777,-0.157846123196013,0.103488649787375,0.110825,0.0936323672706859,0.1428249547864452,0.999877013706868,0.4528002455964727,0.3154647636522767,raw_stl/F_S_WWC_WM/F_S_WWC_WM_195.stl,normalized/F_S_WWC_WM/F_S_WWC_WM_195_norm.stl,pointclouds/F_S_WWC_WM/F_S_WWC_WM_195_pc.ply,-6.06116,-3.9189,8.57515,-4.17366,0.68,-0.65,-3.55507,4.42964,-23.7038,68.7752,-2.42858,0.8,3.7521,-0.1,37.0012,-18.6203,23.8732,54.4811,-24.6616,-7.68247,47.4296,87.4418,-136.079
F_S_WWC_WM_196,F_S_WWC_WM,train,0.271915283448504,0.030984746548957033,0.0426039866228544,-0.0320284261800664,0.0746324128125581,0.11395,0.0945143577627343,0.1425977589996312,0.9996654302907362,0.4669041067782347,0.3055134486650501,raw_stl/F_S_WWC_WM/F_S_WWC_WM_196.stl,normalized/F_S_WWC_WM/F_S_WWC_WM_196_norm.stl,pointclouds/F_S_WWC_WM/F_S_WWC_WM_196_pc.ply,7.81568,13.5985,5.16037,14.1386,1.73,-0.25,19.2781,-3.38919,5.92969,-4.71412,-2.99011,0.4,-27.4453,-0.1,45.2701,16.154,-5.34398,28.1542,-11.5411,-46.9154,58.5519,10.6289,141.981
F_S_WWC_WM_197,F_S_WWC_WM,train,0.254471607940199,0.028723482746249966,-0.0220043495421478,-0.0492669747797342,0.0272626252372491,0.112875,0.0926621142985506,0.1437924856315222,0.9999557071772066,0.4659742701157047,0.3085982727179625,raw_stl/F_S_WWC_WM/F_S_WWC_WM_197.stl,normalized/F_S_WWC_WM/F_S_WWC_WM_197_norm.stl,pointclouds/F_S_WWC_WM/F_S_WWC_WM_197_pc.ply,10.9345,14.6727,13.4165,-0.855498,0.78,1.25,12.216,8.87658,-32.2176,-22.3535,0.292545,0.6,15.3438,-0.1,56.9796,8.97038,-25.2059,31.1969,-48.1817,-3.33942,57.0938,41.548,18.847
F_S_WWC_WM_198,F_S_WWC_WM,train,0.238695596431893,0.026423602525010557,-0.0133857266973787,-0.0330556375050498,0.019669910801196,0.1107,0.0913388270038736,0.1449044338836328,0.999926867672532,0.4725191934277022,0.3066860222247678,raw_stl/F_S_WWC_WM/F_S_WWC_WM_198.stl,normalized/F_S_WWC_WM/F_S_WWC_WM_198_norm.stl,pointclouds/F_S_WWC_WM/F_S_WWC_WM_198_pc.ply,14.0354,8.8819,-0.564139,-18.257,1.6,0.44,1.97327,9.2711,20.0433,62.1455,-3.75347,0.3,-20.3877,0.4,21.4776,-1.01756,-28.667,-18.7872,-55.1424,2.91642,59.2459,6.6592,-86.5653
F_S_WWC_WM_199,F_S_WWC_WM,train,0.214597820056478,0.022404012413896307,0.0330171731559468,-0.0343304940930232,0.0673476672524916,0.1044,0.0866795473689533,0.1374323191868861,0.9999586022477124,0.4303905761075206,0.3193332206632585,raw_stl/F_S_WWC_WM/F_S_WWC_WM_199.stl,normalized/F_S_WWC_WM/F_S_WWC_WM_199_norm.stl,pointclouds/F_S_WWC_WM/F_S_WWC_WM_199_pc.ply,11.7496,-4.94871,0.625722,5.23763,0.17,-0.34,11.5265,2.55804,20.2961,-20.174,-1.18453,0.0,22.6929,-0.2,6.12495,13.6692,0.32124,-23.6021,-34.019,-43.8282,-58.6187,44.2919,80.0057
F_S_WWC_WM_200,F_S_WWC_WM,train,0.234174223910299,0.02320666558951063,0.0330993825998163,-0.0125860409040305,0.0456854235022259,0.0991,0.082822683343075,0.1278644491304394,0.9998203605572396,0.4463696444149856,0.2865056447183126,raw_stl/F_S_WWC_WM/F_S_WWC_WM_200.stl,normalized/F_S_WWC_WM/F_S_WWC_WM_200_norm.stl,pointclouds/F_S_WWC_WM/F_S_WWC_WM_200_pc.ply,8.25735,8.1573,5.01404,-18.0204,-0.01,2.16,1.38038,9.55982,-23.9486,-34.4437,4.74417,-0.1,-11.5303,0.7,50.7174,19.9768,24.9272,10.9229,80.43,-26.7271,60.975,10.9339,-20.9467
F_S_WWC_WM_201,F_S_WWC_WM,train,0.241224287827242,0.023513337455960417,-0.0022332573912491,-0.0514382147691029,0.0492049573727574,0.097475,0.0821700377780741,0.1303327727298482,0.9999002941834984,0.4284886299254343,0.3041988978420565,raw_stl/F_S_WWC_WM/F_S_WWC_WM_201.stl,normalized/F_S_WWC_WM/F_S_WWC_WM_201_norm.stl,pointclouds/F_S_WWC_WM/F_S_WWC_WM_201_pc.ply,7.12951,1.43308,3.93348,-6.80876,-1.49,1.41,1.20192,-4.45535,-22.9875,108.99,-13.0214,0.0,13.5717,0.4,-24.0964,15.2444,13.679,6.3029,103.254,-49.4812,2.44929,87.1624,46.79
F_S_WWC_WM_202,F_S_WWC_WM,train,0.219195268418604,0.022029124476069705,0.0014803795659402,-0.0381104932465116,0.0395908728173089,0.1005,0.0848088269706209,0.1303334518385872,0.9998900126388623,0.4288580912345812,0.3039415394323755,raw_stl/F_S_WWC_WM/F_S_WWC_WM_202.stl,normalized/F_S_WWC_WM/F_S_WWC_WM_202_norm.stl,pointclouds/F_S_WWC_WM/F_S_WWC_WM_202_pc.ply,8.59772,-5.07882,18.5968,15.8779,-1.7,-1.76,-5.27774,-0.160129,16.5428,-75.3777,-7.03858,0.3,-11.4279,-0.2,29.4216,24.7561,3.42281,-19.0408,38.2559,3.57326,6.31215,50.6445,43.8429
F_S_WWC_WM_203,F_S_WWC_WM,train,0.27089751764784,0.027875354565962737,-0.0130285225376259,-0.0381349682458471,0.0251064457047508,0.1029,0.0856194223369276,0.1305145517982939,0.9994538746743435,0.4452065189606753,0.2933152649086485,raw_stl/F_S_WWC_WM/F_S_WWC_WM_203.stl,normalized/F_S_WWC_WM/F_S_WWC_WM_203_norm.stl,pointclouds/F_S_WWC_WM/F_S_WWC_WM_203_pc.ply,12.4362,12.7479,8.11738,4.2518,0.42,2.36,14.9553,7.5996,-32.4565,109.751,-12.9502,0.5,-35.8701,0.5,2.08997,6.07139,19.6025,42.1837,77.9009,39.4878,78.2033,31.1652,-154.907
F_S_WWC_WM_204,F_S_WWC_WM,val,0.23796662682392,0.026432143074466913,0.0346140591843289,-0.0284844482742857,0.0630985074614618,0.111075,0.0935995806522844,0.1410885521111632,0.9999959349108296,0.4519142384253832,0.3122033201313607,raw_stl/F_S_WWC_WM/F_S_WWC_WM_204.stl,normalized/F_S_WWC_WM/F_S_WWC_WM_204_norm.stl,pointclouds/F_S_WWC_WM/F_S_WWC_WM_204_pc.ply,14.5584,-5.79706,-0.0500485,10.8444,-1.61,0.07,14.7149,-4.14535,34.0911,91.7723,0.258866,-0.2,-24.9146,0.2,-1.2304,-6.91544,18.9791,30.68,-42.6974,-15.466,-3.91409,-0.927132,34.7559
F_S_WWC_WM_205,F_S_WWC_WM,val,0.219857766890365,0.020551204760076866,-0.0952285921501661,-0.0537568074116279,-0.0414717847458471,0.093475,0.0770168178133106,0.1232069534714172,0.9999400270157895,0.4217586751945588,0.2921441816138705,raw_stl/F_S_WWC_WM/F_S_WWC_WM_205.stl,normalized/F_S_WWC_WM/F_S_WWC_WM_205_norm.stl,pointclouds/F_S_WWC_WM/F_S_WWC_WM_205_pc.ply,6.82682,2.90433,3.42508,-15.5512,-0.77,-1.22,-8.41272,-3.59835,44.7212,25.2267,4.97848,0.7,11.0218,0.5,4.24551,6.42725,-20.5436,-11.6597,-28.0778,-2.87503,-21.9435,-5.82487,-97.416
F_S_WWC_WM_206,F_S_WWC_WM,train,0.256602801946843,0.02782857387113512,-0.127968292134883,-0.0995498603568106,-0.0284184317972687,0.10845,0.0938493963204403,0.1405994606222653,0.9998235360694276,0.4763283646200211,0.2952254918660467,raw_stl/F_S_WWC_WM/F_S_WWC_WM_206.stl,normalized/F_S_WWC_WM/F_S_WWC_WM_206_norm.stl,pointclouds/F_S_WWC_WM/F_S_WWC_WM_206_pc.ply,3.02235,4.85202,11.143,-3.5264,-0.47,-0.2,-2.72728,-2.48433,-42.7358,-78.498,-14.7962,0.1,-0.746037,-0.3,56.099,22.6683,23.2846,6.83643,29.4715,44.9026,76.1914,-21.6042,5.89736
F_S_WWC_WM_207,F_S_WWC_WM,train,0.262224831598006,0.02656993106166796,-0.0240952149547109,-0.0852413898923588,0.0611461749405315,0.101325,0.084371017803797,0.1301216807176871,0.9998910184691792,0.4150269065752724,0.3135600633634161,raw_stl/F_S_WWC_WM/F_S_WWC_WM_207.stl,normalized/F_S_WWC_WM/F_S_WWC_WM_207_norm.stl,pointclouds/F_S_WWC_WM/F_S_WWC_WM_207_pc.ply,1.36967,-1.956,17.7738,-1.71248,1.87,1.88,18.9373,5.15536,-3.88424,-66.9677,-6.08725,0.0,-11.6698,0.2,50.8495,24.9172,18.6509,46.0608,-29.2206,27.2975,-53.3333,59.8905,-162.31
F_S_WWC_WM_208,F_S_WWC_WM,train,0.248692947096345,0.026311713802793305,-0.0542254444596644,-0.0253078694340797,-0.028917575034382,0.1058,0.0909429407664467,0.1326943267687178,0.999942409965162,0.4711112613870928,0.2816786181018594,raw_stl/F_S_WWC_WM/F_S_WWC_WM_208.stl,normalized/F_S_WWC_WM/F_S_WWC_WM_208_norm.stl,pointclouds/F_S_WWC_WM/F_S_WWC_WM_208_pc.ply,10.0046,0.22122,12.7637,8.35649,0.01,-1.42,-1.73407,-1.41401,41.1775,-49.7484,-13.8246,0.6,12.2241,0.2,48.0994,-8.89436,-25.7605,45.6681,49.9998,22.3558,146.763,-18.6891,-145.899
F_S_WWC_WM_209,F_S_WWC_WM,test,0.256004409564784,0.025939646799151738,-0.0939322379820598,-0.0806654410830564,-0.0132667969039551,0.101325,0.0845673890294887,0.1329170788066211,0.9998980345755404,0.4293345625618443,0.3096201534343143,raw_stl/F_S_WWC_WM/F_S_WWC_WM_209.stl,normalized/F_S_WWC_WM/F_S_WWC_WM_209_norm.stl,pointclouds/F_S_WWC_WM/F_S_WWC_WM_209_pc.ply,12.7905,7.17771,12.6337,2.11372,0.11,-0.42,-4.35615,7.30589,23.0176,8.16151,-3.53949,0.8,-14.0892,-0.3,45.0656,-7.02795,-4.46149,32.7556,27.2829,-17.3449,-19.8127,81.4733,132.081
F_S_WWC_WM_210,F_S_WWC_WM,val,0.269933730318936,0.029065114412091437,-0.0516861643608504,-0.157664238249169,0.105978073871428,0.107675,0.0889811092873925,0.1407487706091757,0.9998743128969114,0.4498614686113801,0.3129106913127137,raw_stl/F_S_WWC_WM/F_S_WWC_WM_210.stl,normalized/F_S_WWC_WM/F_S_WWC_WM_210_norm.stl,pointclouds/F_S_WWC_WM/F_S_WWC_WM_210_pc.ply,-6.24734,14.652,3.91689,-1.38529,0.75,-0.02,-9.17799,3.77551,-9.5333,111.729,2.15239,0.1,17.0583,0.3,17.0342,29.2069,-29.5358,13.263,-47.5779,6.90959,0.495898,37.8414,73.3081
F_S_WWC_WM_211,F_S_WWC_WM,train,0.249479158667774,0.022802395102234543,-0.0489212254191926,-0.0427952350212624,-0.0061259903972724,0.0914,0.0772663695319969,0.1173411468313328,0.9998529943049526,0.4013763818962848,0.292389897556802,raw_stl/F_S_WWC_WM/F_S_WWC_WM_211.stl,normalized/F_S_WWC_WM/F_S_WWC_WM_211_norm.stl,pointclouds/F_S_WWC_WM/F_S_WWC_WM_211_pc.ply,6.33729,-2.44012,7.43494,3.01114,1.07,-1.7,-1.28752,8.43238,-2.64319,-6.90594,-12.272,0.7,10.0515,0.1,-2.05918,-7.5417,26.3288,30.8599,73.2367,-44.6663,-21.7546,28.6578,-166.138
F_S_WWC_WM_212,F_S_WWC_WM,train,0.269973826631229,0.025681260258295657,-0.0048866731576112,-0.0641370332637873,0.0592503601046511,0.095125,0.0784863447415035,0.1210957385697333,0.9999546101958298,0.430322218272813,0.281419899295822,raw_stl/F_S_WWC_WM/F_S_WWC_WM_212.stl,normalized/F_S_WWC_WM/F_S_WWC_WM_212_norm.stl,pointclouds/F_S_WWC_WM/F_S_WWC_WM_212_pc.ply,0.806445,13.8181,-1.3865,-14.2673,1.52,2.49,12.4245,0.737345,35.9163,-16.3425,4.22312,0.1,-13.7675,0.9,7.62867,6.68814,-18.1975,38.1875,40.4591,23.5325,4.577,-36.5304,23.0567
F_S_WWC_WM_213,F_S_WWC_WM,train,0.264937247654485,0.02528163685742923,0.0542760147255814,-0.0643410794641196,0.118617094191029,0.095425,0.0770705672241346,0.1204829800838268,0.99993054431059,0.4051175762524702,0.29742315800794,raw_stl/F_S_WWC_WM/F_S_WWC_WM_213.stl,normalized/F_S_WWC_WM/F_S_WWC_WM_213_norm.stl,pointclouds/F_S_WWC_WM/F_S_WWC_WM_213_pc.ply,0.895156,10.702,-2.94028,10.7134,-0.98,1.77,5.89468,6.85233,29.4197,-93.5708,0.00211947,0.6,-15.4274,0.5,-19.4642,0.220742,11.7442,35.4333,79.0221,-41.8928,-25.1621,78.5295,116.116
F_S_WWC_WM_214,F_S_WWC_WM,train,0.246746471435215,0.025735656970692924,-0.159718448757475,-0.126683454598006,-0.0330349941659136,0.1043,0.0868307819999851,0.1364249143480325,0.9998090219927016,0.4447852525401162,0.3067794462693779,raw_stl/F_S_WWC_WM/F_S_WWC_WM_214.stl,normalized/F_S_WWC_WM/F_S_WWC_WM_214_norm.stl,pointclouds/F_S_WWC_WM/F_S_WWC_WM_214_pc.ply,-2.25394,13.7218,11.479,-6.65489,-0.95,2.34,9.18169,3.48616,-32.9938,-57.8659,-3.40064,0.3,1.45088,0.0,50.1441,-19.549,12.6884,4.92562,23.1184,-46.0632,25.2348,67.7814,-42.0874
F_S_WWC_WM_215,F_S_WWC_WM,train,0.224672562365448,0.021136071304529522,-0.0672790073388704,-0.0334658554109634,-0.0338131519203754,0.094075,0.0804463162247788,0.1242150853087329,0.9999199753621228,0.4527065453326903,0.274405191734508,raw_stl/F_S_WWC_WM/F_S_WWC_WM_215.stl,normalized/F_S_WWC_WM/F_S_WWC_WM_215_norm.stl,pointclouds/F_S_WWC_WM/F_S_WWC_WM_215_pc.ply,8.05856,-5.90353,11.0752,-19.5964,-1.56,1.3,2.56098,0.127388,-27.7507,1.06261,-0.694316,0.7,35.4901,0.7,-12.5838,8.53328,4.31735,6.00291,28.8622,-14.3701,60.274,-48.464,115.706
F_S_WWC_WM_216,F_S_WWC_WM,train,0.238872472142857,0.020214582955089277,-0.0806978020754152,-0.0851146016428571,0.0044167995539318,0.084625,0.0712375485394304,0.1081593703939098,0.9999068887851738,0.3907203463173919,0.2768461975466455,raw_stl/F_S_WWC_WM/F_S_WWC_WM_216.stl,normalized/F_S_WWC_WM/F_S_WWC_WM_216_norm.stl,pointclouds/F_S_WWC_WM/F_S_WWC_WM_216_pc.ply,-2.88024,-2.68446,13.1367,11.4187,-0.63,-1.5,18.4382,2.82074,1.71822,140.482,-9.34419,0.2,25.8662,0.3,47.3756,16.5948,7.04017,13.926,114.066,25.7735,-43.9415,-24.5309,101.642
F_S_WWC_WM_217,F_S_WWC_WM,train,0.243697350159468,0.024662171836138162,-0.143039524887375,-0.11979153060299,-0.0232479942684916,0.1012,0.0866102199964584,0.1268691896893248,0.9998018839615548,0.452130920423476,0.2806583751722459,raw_stl/F_S_WWC_WM/F_S_WWC_WM_217.stl,normalized/F_S_WWC_WM/F_S_WWC_WM_217_norm.stl,pointclouds/F_S_WWC_WM/F_S_WWC_WM_217_pc.ply,0.473862,6.1195,10.4507,-6.43839,0.62,-0.44,19.4381,9.59469,-24.2439,-47.8677,-3.65836,0.8,28.7989,-0.2,2.02057,15.7432,-5.73005,42.2534,104.04,-21.8255,103.623,-17.0107,-175.039
F_S_WWC_WM_218,F_S_WWC_WM,test,0.281947397358804,0.028053766037200997,-0.0428701927256279,-0.0996002411036544,0.0567300483810631,0.0995,0.0838031170043896,0.125249126407715,0.9998340937130904,0.4110276690905685,0.3047724493838258,raw_stl/F_S_WWC_WM/F_S_WWC_WM_218.stl,normalized/F_S_WWC_WM/F_S_WWC_WM_218_norm.stl,pointclouds/F_S_WWC_WM/F_S_WWC_WM_218_pc.ply,-2.65062,6.82613,17.5403,14.0672,1.62,1.22,-8.5976,1.32769,-31.9646,-2.5097,-6.45312,-0.4,-27.2199,0.5,-2.84197,12.9191,-28.9444,48.5099,29.9363,-6.81745,-42.9489,20.5198,-58.9729
F_S_WWC_WM_219,F_S_WWC_WM,train,0.282642358478405,0.031118923668472395,-0.116123541050498,-0.189162220777408,0.0730386797066445,0.1101,0.0908582453625572,0.1400010092508689,0.9998545051233796,0.4371564557659902,0.3203003862751346,raw_stl/F_S_WWC_WM/F_S_WWC_WM_219.stl,normalized/F_S_WWC_WM/F_S_WWC_WM_219_norm.stl,pointclouds/F_S_WWC_WM/F_S_WWC_WM_219_pc.ply,-7.68514,10.3208,2.48667,-7.28276,0.24,0.56,-3.41463,7.79617,26.6708,1.65602,-3.46949,0.3,29.9839,-0.2,4.04501,9.75036,1.92608,40.3102,-58.2276,39.1553,-20.2238,55.3214,-165.605
F_S_WWC_WM_220,F_S_WWC_WM,val,0.23629103547176,0.024184387480534635,0.103948560211627,-0.0324958630428571,0.13644442326578,0.10235,0.0874557752418636,0.1280478151361216,0.9999723513838076,0.4566860624416555,0.2803925193037051,raw_stl/F_S_WWC_WM/F_S_WWC_WM_220.stl,normalized/F_S_WWC_WM/F_S_WWC_WM_220_norm.stl,pointclouds/F_S_WWC_WM/F_S_WWC_WM_220_pc.ply,4.47543,-2.38872,-7.19903,15.0988,0.13,-0.18,-2.2021,-0.0491714,-41.41,9.56241,-1.33666,0.0,-30.0841,0.7,42.9248,-2.84901,-28.1605,27.0356,40.278,40.8201,108.277,-51.3397,-185.965
F_S_WWC_WM_221,F_S_WWC_WM,val,0.245829763694352,0.026666383616744834,-0.0606175780820597,-0.148601521129568,0.0879839430129568,0.108475,0.0883623005952986,0.1384848179139045,0.9999599026378148,0.4506476219515187,0.3073141058921845,raw_stl/F_S_WWC_WM/F_S_WWC_WM_221.stl,normalized/F_S_WWC_WM/F_S_WWC_WM_221_norm.stl,pointclouds/F_S_WWC_WM/F_S_WWC_WM_221_pc.ply,-3.8653,0.303838,-2.15114,7.34209,-0.38,-0.97,17.9796,8.35114,-2.17241,82.0919,-1.51735,0.6,32.165,0.8,-8.57257,-18.7506,1.06723,22.8113,-28.7469,-39.3786,73.1607,88.7513,-18.2927
F_S_WWC_WM_222,F_S_WWC_WM,train,0.251763855408637,0.025692501444451406,-0.0002387918142624,-0.0480968100764119,0.0478580182651481,0.10205,0.0842602002543283,0.1309399082955085,0.9999828718167868,0.4383838383649807,0.2986929253255128,raw_stl/F_S_WWC_WM/F_S_WWC_WM_222.stl,normalized/F_S_WWC_WM/F_S_WWC_WM_222_norm.stl,pointclouds/F_S_WWC_WM/F_S_WWC_WM_222_pc.ply,6.52494,6.42728,-7.88709,17.8712,1.24,-1.29,8.22972,1.89152,28.5982,37.2739,-14.5834,-0.1,5.44611,0.8,-15.1129,29.9729,0.11858,-22.8289,2.22519,11.4883,33.2896,9.44326,47.7638
F_S_WWC_WM_223,F_S_WWC_WM,train,0.251803857421926,0.02648347070435107,0.0214773105207478,-0.050406605585382,0.0718839160916943,0.105175,0.0888118699364423,0.1330525112551279,0.9998929066289084,0.4592287520605205,0.2897613906493714,raw_stl/F_S_WWC_WM/F_S_WWC_WM_223.stl,normalized/F_S_WWC_WM/F_S_WWC_WM_223_norm.stl,pointclouds/F_S_WWC_WM/F_S_WWC_WM_223_pc.ply,3.3496,11.2912,-6.07244,19.8848,0.0,-0.31,18.8502,8.04987,-29.7252,60.943,-5.40356,0.5,23.3429,0.3,49.3888,-8.07595,14.731,17.9118,3.79462,39.9454,118.418,-8.68558,-106.507
F_S_WWC_WM_224,F_S_WWC_WM,train,0.273269412754152,0.029130519399592603,0.0076563598269867,-0.0294358928462093,0.037092252670598,0.1066,0.0873397510468697,0.1380022771383647,0.999959155416066,0.4653935335212563,0.2965402483571225,raw_stl/F_S_WWC_WM/F_S_WWC_WM_224.stl,normalized/F_S_WWC_WM/F_S_WWC_WM_224_norm.stl,pointclouds/F_S_WWC_WM/F_S_WWC_WM_224_pc.ply,14.2101,10.8446,-2.86887,-9.83662,1.07,-0.61,13.6039,-3.19546,28.364,66.1305,-9.82539,0.0,10.7405,0.8,39.2812,-1.23495,11.1262,10.1017,-59.4953,-42.7199,43.3257,-19.795,54.1384
F_S_WWC_WM_225,F_S_WWC_WM,train,0.286553317003322,0.027981931405374392,-0.100108258342192,-0.112477657505315,0.0123693991759926,0.09765,0.0777660416685612,0.1253667486560886,0.999845212031871,0.4220707207507364,0.297073809577519,raw_stl/F_S_WWC_WM/F_S_WWC_WM_225.stl,normalized/F_S_WWC_WM/F_S_WWC_WM_225_norm.stl,pointclouds/F_S_WWC_WM/F_S_WWC_WM_225_pc.ply,-2.6128,8.77802,17.2538,-7.93298,0.25,-0.57,0.434415,-4.61343,15.5317,43.7109,-10.8651,0.5,36.3459,1.0,23.825,11.0501,-6.91895,45.0915,-21.487,-13.2493,-6.43272,72.8517,102.234
F_S_WWC_WM_226,F_S_WWC_WM,train,0.25011276610299,0.025661569802166773,0.0707294048734219,-0.0115898946706724,0.0823192995518272,0.1026,0.0862782552043563,0.1307387216291589,0.9999568329930524,0.4552962048919717,0.2871633105378363,raw_stl/F_S_WWC_WM/F_S_WWC_WM_226.stl,normalized/F_S_WWC_WM/F_S_WWC_WM_226_norm.stl,pointclouds/F_S_WWC_WM/F_S_WWC_WM_226_pc.ply,14.4162,-6.88576,-3.32532,-1.55766,2.12,0.7,-5.86515,0.249939,-18.2395,-74.8555,-10.7967,0.4,-4.14061,0.7,47.4944,-9.6151,-26.6877,38.5706,19.6631,-20.4744,85.285,2.15251,-51.4571
F_S_WWC_WM_227,F_S_WWC_WM,train,0.263322531378737,0.027655448858051854,0.0096401216367641,-0.0380534168770764,0.047693538511495,0.105025,0.0886797564411134,0.1366010034774653,0.9998012606117772,0.4304153386682413,0.3174332896604498,raw_stl/F_S_WWC_WM/F_S_WWC_WM_227.stl,normalized/F_S_WWC_WM/F_S_WWC_WM_227_norm.stl,pointclouds/F_S_WWC_WM/F_S_WWC_WM_227_pc.ply,8.51229,5.67241,11.5818,-19.0403,2.03,1.37,12.1657,-1.68984,7.96589,103.148,1.66209,-0.4,13.6496,-0.1,36.9057,-12.0916,0.206553,36.0183,-2.79938,-42.6197,-51.1602,33.1235,-74.2472
F_S_WWC_WM_228,F_S_WWC_WM,train,0.248759241657807,0.026157034260318405,-0.140530139860465,-0.180375075006644,0.0398449351637973,0.10515,0.0890164725374785,0.1371208266280875,0.9998872683096416,0.4358776489937904,0.3146210560463902,raw_stl/F_S_WWC_WM/F_S_WWC_WM_228.stl,normalized/F_S_WWC_WM/F_S_WWC_WM_228_norm.stl,pointclouds/F_S_WWC_WM/F_S_WWC_WM_228_pc.ply,-5.51067,6.60838,7.6418,6.07779,-1.68,2.23,19.1558,9.98946,44.4495,99.4931,-6.66131,-0.2,9.01162,0.1,-3.53813,-15.8395,-3.6302,5.18021,-8.57969,31.6445,-12.0689,42.2978,-73.885
F_S_WWC_WM_229,F_S_WWC_WM,train,0.221511587724252,0.023142423127491228,-0.0318468677930598,-0.066354609633887,0.0345077418354588,0.104475,0.0871362886358315,0.1390352101204266,0.9999231759816982,0.4354029868985091,0.31934988130204,raw_stl/F_S_WWC_WM/F_S_WWC_WM_229.stl,normalized/F_S_WWC_WM/F_S_WWC_WM_229_norm.stl,pointclouds/F_S_WWC_WM/F_S_WWC_WM_229_pc.ply,4.93033,9.64976,2.69182,-4.76296,0.4,-0.84,3.30627,-0.640042,-21.7918,69.5444,4.02518,-0.3,4.77001,0.0,53.6377,14.028,-19.3991,-20.0291,19.944,24.9924,-11.1553,82.1602,-135.208
F_S_WWC_WM_230,F_S_WWC_WM,train,0.240165278524916,0.024334746846537116,-0.0532689618966777,-0.0414883840395348,-0.0117805778587242,0.101325,0.0865310804272022,0.1313920952731478,0.9998312008570248,0.4262931767056073,0.308272065028579,raw_stl/F_S_WWC_WM/F_S_WWC_WM_230.stl,normalized/F_S_WWC_WM/F_S_WWC_WM_230_norm.stl,pointclouds/F_S_WWC_WM/F_S_WWC_WM_230_pc.ply,5.60208,3.99311,13.845,3.08647,0.32,-1.32,-5.47171,5.94528,-47.9362,82.2121,-2.6242,-0.1,-25.4296,-0.1,36.3678,19.4566,22.7259,9.1218,-45.9869,21.977,-50.379,-28.5512,-193.215
F_S_WWC_WM_231,F_S_WWC_WM,train,0.247931015920265,0.02903892023966104,-0.0373851018599335,-0.0659615347554817,0.0285764328928239,0.117125,0.1040829701232602,0.1515571045819914,0.9999882538905506,0.4979143072351099,0.3043874871779412,raw_stl/F_S_WWC_WM/F_S_WWC_WM_231.stl,normalized/F_S_WWC_WM/F_S_WWC_WM_231_norm.stl,pointclouds/F_S_WWC_WM/F_S_WWC_WM_231_pc.ply,13.6084,1.6694,-2.89468,4.13989,1.27,1.89,0.148148,9.44921,-30.4038,89.8049,-6.89894,0.1,-10.4153,-0.3,-11.2182,29.7443,-4.68135,29.9492,-36.1534,29.0767,95.8385,-59.1351,-137.917
F_S_WWC_WM_232,F_S_WWC_WM,train,0.221639557830564,0.021765004578961383,-0.034914819579887,-0.0881214383624584,0.0532066187858471,0.0982,0.0807245436393366,0.1312359383585384,0.9998904003081844,0.4320355188284248,0.303795215054187,raw_stl/F_S_WWC_WM/F_S_WWC_WM_232.stl,normalized/F_S_WWC_WM/F_S_WWC_WM_232_norm.stl,pointclouds/F_S_WWC_WM/F_S_WWC_WM_232_pc.ply,2.95889,1.15381,16.284,-15.9347,0.52,1.4,13.165,7.27373,-5.56808,20.7969,4.34056,0.2,-28.8589,0.7,55.0132,26.4923,10.5551,-13.8606,32.6383,33.8967,1.60328,89.7448,108.933
F_S_WWC_WM_233,F_S_WWC_WM,train,0.229144999993355,0.02498826224927536,-0.11989771268372,-0.0961618155594684,-0.0237358971203687,0.10905,0.0909294010799675,0.1435178578875033,0.9999883123004472,0.478794235512862,0.2997520117320972,raw_stl/F_S_WWC_WM/F_S_WWC_WM_233.stl,normalized/F_S_WWC_WM/F_S_WWC_WM_233_norm.stl,pointclouds/F_S_WWC_WM/F_S_WWC_WM_233_pc.ply,-0.484406,10.5856,18.6462,-0.974193,0.09,-1.66,7.33434,-3.67903,41.3734,84.5956,1.18043,0.7,-7.96866,0.0,40.8748,5.51846,-5.80817,-21.9306,-45.0068,-25.622,94.4802,10.788,23.6534
F_S_WWC_WM_234,F_S_WWC_WM,val,0.239815336089701,0.021403518746005813,-0.0133283352451561,-0.0199526227322591,0.0066242874888671,0.08925,0.071525918084376,0.110536815684791,0.999716979901792,0.3862883113531358,0.2862320847722727,raw_stl/F_S_WWC_WM/F_S_WWC_WM_234.stl,normalized/F_S_WWC_WM/F_S_WWC_WM_234_norm.stl,pointclouds/F_S_WWC_WM/F_S_WWC_WM_234_pc.ply,12.3142,-3.51848,9.64618,14.9996,-1.23,1.61,16.4961,4.00111,-18.4549,128.032,-5.08793,0.8,-11.209,0.7,43.536,0.60785,-18.2926,36.8033,107.285,31.4584,-10.2436,66.6381,-97.6897
F_S_WWC_WM_235,F_S_WWC_WM,train,0.226660144202657,0.022768011485156895,-0.0295560946036235,-0.079357124126578,0.0498010295239202,0.10045,0.0874918988425843,0.127257457744277,0.999961979858036,0.4484306703573993,0.2837948086231927,raw_stl/F_S_WWC_WM/F_S_WWC_WM_235.stl,normalized/F_S_WWC_WM/F_S_WWC_WM_235_norm.stl,pointclouds/F_S_WWC_WM/F_S_WWC_WM_235_pc.ply,1.63491,-5.05559,18.7422,17.5872,1.03,-0.17,6.6357,6.78487,-41.8221,-46.3457,0.396017,-0.2,-6.21584,0.8,-0.812286,-12.324,4.24824,24.7258,29.2447,-29.4493,79.9161,-43.251,-57.7208
F_S_WWC_WM_236,F_S_WWC_WM,train,0.227960317627907,0.02129719267438721,-0.11887720777475,-0.18838994413289,0.0695127363485049,0.093425,0.0785521613079085,0.1210771478722329,0.9997848084844776,0.4221557926366835,0.2868685219235545,raw_stl/F_S_WWC_WM/F_S_WWC_WM_236.stl,normalized/F_S_WWC_WM/F_S_WWC_WM_236_norm.stl,pointclouds/F_S_WWC_WM/F_S_WWC_WM_236_pc.ply,-7.95396,1.49643,1.3033,7.78061,1.06,-1.07,1.43783,9.80196,-9.60977,77.5608,3.36564,-0.3,-18.0366,1.0,18.3665,-2.50247,5.3187,4.29811,53.9652,-45.5227,-5.64189,-12.9934,128.7
F_S_WWC_WM_237,F_S_WWC_WM,train,0.242907346724252,0.027065951108749778,-0.0325895314526677,-0.107307575837209,0.0747180443681063,0.111425,0.0934954732829716,0.1456965360095969,0.9999090324474,0.4793202930792113,0.303992534796733,raw_stl/F_S_WWC_WM/F_S_WWC_WM_237.stl,normalized/F_S_WWC_WM/F_S_WWC_WM_237_norm.stl,pointclouds/F_S_WWC_WM/F_S_WWC_WM_237_pc.ply,0.967892,2.10049,5.86238,-7.08534,-0.85,-0.94,16.4747,4.67473,-25.4081,-64.9562,-7.24065,0.5,-39.6883,0.8,-19.6951,-0.0874523,-27.2249,14.5184,-14.759,39.5858,98.16,57.3929,55.444
F_S_WWC_WM_238,F_S_WWC_WM,train,0.24347393285382,0.022977852413079262,-0.0837251841943521,-0.0864172296511627,0.0026920454563953,0.094375,0.0791577911556261,0.1260669061595287,0.9999252533888898,0.4142431968026325,0.3043534110181231,raw_stl/F_S_WWC_WM/F_S_WWC_WM_238.stl,normalized/F_S_WWC_WM/F_S_WWC_WM_238_norm.stl,pointclouds/F_S_WWC_WM/F_S_WWC_WM_238_pc.ply,5.38701,0.81703,16.636,-14.6737,-0.35,-1.39,6.1674,3.34184,21.0104,55.5389,1.46013,0.6,29.2716,0.0,-12.8697,-7.15705,6.87263,21.1602,42.9624,46.2768,-38.4619,76.2291,8.69341
F_S_WWC_WM_239,F_S_WWC_WM,train,0.240621960571428,0.024729921997728516,-0.0163396430133627,-0.0327692549521594,0.0164296119428538,0.102775,0.0848393301619295,0.132151668694115,0.9999669591089304,0.4553482121176337,0.29023071076238,raw_stl/F_S_WWC_WM/F_S_WWC_WM_239.stl,normalized/F_S_WWC_WM/F_S_WWC_WM_239_norm.stl,pointclouds/F_S_WWC_WM/F_S_WWC_WM_239_pc.ply,10.8002,6.86028,-2.97758,-1.90935,0.84,-0.95,16.439,-2.09392,30.4141,37.4139,-11.5263,0.5,36.195,0.4,57.2036,8.01022,-1.78252,-0.262679,96.9013,34.3663,129.655,64.2809,-168.699
F_S_WWC_WM_240,F_S_WWC_WM,train,0.246125249259136,0.02565240410403345,0.114301121184053,-0.0239087989120598,0.138209920105315,0.104225,0.0871735615140061,0.1337281525052732,0.9999424083624427,0.4545209393892696,0.2942347491225295,raw_stl/F_S_WWC_WM/F_S_WWC_WM_240.stl,normalized/F_S_WWC_WM/F_S_WWC_WM_240_norm.stl,pointclouds/F_S_WWC_WM/F_S_WWC_WM_240_pc.ply,12.4822,-7.50444,-6.48716,16.2164,0.71,0.05,1.23852,3.38913,-46.4914,-0.80509,0.759119,0.6,-16.8365,0.9,20.1134,25.7022,5.29959,9.87419,22.8602,-42.3998,114.962,52.6986,15.2008
F_S_WWC_WM_241,F_S_WWC_WM,train,0.210800712418604,0.022466085926012725,-0.0209278728914252,-0.0722132208657807,0.051285347975083,0.106575,0.0878452171847957,0.1400418475686525,0.999988019516732,0.4551667086435323,0.3076752378817783,raw_stl/F_S_WWC_WM/F_S_WWC_WM_241.stl,normalized/F_S_WWC_WM/F_S_WWC_WM_241_norm.stl,pointclouds/F_S_WWC_WM/F_S_WWC_WM_241_pc.ply,3.40789,-0.173017,-0.273907,-10.0037,-0.92,0.21,10.2134,-4.74297,6.61181,26.6677,-2.58107,-0.2,-16.3513,0.7,38.8672,-9.78815,-1.85329,-23.6688,-56.2973,46.6781,16.2842,23.3243,-44.2832
F_S_WWC_WM_242,F_S_WWC_WM,train,0.274222525418604,0.03043870032146504,-0.0353387919807641,-0.0534684888043189,0.0181296968194671,0.111,0.0908720323567638,0.1353478386139404,0.9998776401121838,0.4664793970769456,0.2901830233771911,raw_stl/F_S_WWC_WM/F_S_WWC_WM_242.stl,normalized/F_S_WWC_WM/F_S_WWC_WM_242_norm.stl,pointclouds/F_S_WWC_WM/F_S_WWC_WM_242_pc.ply,2.07089,14.2762,14.5994,15.7486,-0.53,0.09,0.740756,9.7487,-8.10225,83.695,-9.14116,0.3,-13.4203,0.9,-8.71387,21.1562,-0.586023,45.4376,12.2811,29.9635,136.283,4.38192,-118.418
F_S_WWC_WM_243,F_S_WWC_WM,train,0.24496216598671,0.029615925867793238,0.0470816384647176,-0.0903637855112956,0.137445423976744,0.1209,0.0993053499646984,0.1573223930038614,0.9998368805977014,0.4969014989570089,0.3166584521390174,raw_stl/F_S_WWC_WM/F_S_WWC_WM_243.stl,normalized/F_S_WWC_WM/F_S_WWC_WM_243_norm.stl,pointclouds/F_S_WWC_WM/F_S_WWC_WM_243_pc.ply,2.68419,10.0841,1.85258,-16.4886,0.33,0.11,-7.5057,8.18437,48.4669,24.7032,3.12307,-0.1,-13.9827,0.9,-0.0869685,-2.49035,14.3013,-1.78316,-43.5876,40.5084,113.675,80.5256,32.9668
F_S_WWC_WM_244,F_S_WWC_WM,val,0.257139805358803,0.025167558449492842,-0.0316881932608388,-0.0903097987661129,0.0586216055110664,0.097875,0.0826102275650307,0.1259914119904817,0.9998352665458508,0.4202136541073308,0.299876429951494,raw_stl/F_S_WWC_WM/F_S_WWC_WM_244.stl,normalized/F_S_WWC_WM/F_S_WWC_WM_244_norm.stl,pointclouds/F_S_WWC_WM/F_S_WWC_WM_244_pc.ply,-1.0384,-3.68599,3.55271,-3.57234,1.11,0.16,-2.78322,9.66029,-11.6622,4.88408,-7.70345,-0.4,-5.47595,0.9,42.6883,10.2812,-16.4911,34.6327,-53.9249,41.853,-38.1779,-10.1085,-100.992
F_S_WWC_WM_245,F_S_WWC_WM,test,0.273831745837209,0.03199723950107787,-0.0079925693428205,-0.0216091113810598,0.0136165420409435,0.11685,0.1015611469030409,0.150836035360203,0.9999054651011432,0.4872997918753796,0.3095636371957526,raw_stl/F_S_WWC_WM/F_S_WWC_WM_245.stl,normalized/F_S_WWC_WM/F_S_WWC_WM_245_norm.stl,pointclouds/F_S_WWC_WM/F_S_WWC_WM_245_pc.ply,8.02721,11.7786,10.1211,-10.5732,2.37,-0.48,17.2891,3.02557,0.0794027,116.979,1.98087,0.0,16.4278,-0.2,-16.8598,6.63619,-14.7617,52.7176,-50.3741,13.0883,45.4243,-40.3591,2.59549
F_S_WWC_WM_246,F_S_WWC_WM,val,0.250244288591362,0.02746431067290198,0.0042643407823122,-0.12111646361196,0.125380804394684,0.10975,0.091907977135868,0.1454743495194514,0.9999383758443036,0.4622980158920208,0.3146959532698381,raw_stl/F_S_WWC_WM/F_S_WWC_WM_246.stl,normalized/F_S_WWC_WM/F_S_WWC_WM_246_norm.stl,pointclouds/F_S_WWC_WM/F_S_WWC_WM_246_pc.ply,-2.82922,2.20918,-6.27928,-13.4538,0.57,2.42,6.50637,2.45244,-11.5706,-6.62423,-9.37488,-0.2,9.07614,0.7,58.425,28.6083,-7.08726,8.65484,-50.1924,-11.7011,54.1034,77.5939,-166.923
F_S_WWC_WM_247,F_S_WWC_WM,test,0.231969381511627,0.022675007042761538,-0.0445697145130697,-0.046580012264784,0.0020102977544418,0.09775,0.0824545523970379,0.1247559421878976,0.9998980445139604,0.4176511523900709,0.2987389411559694,raw_stl/F_S_WWC_WM/F_S_WWC_WM_247.stl,normalized/F_S_WWC_WM/F_S_WWC_WM_247_norm.stl,pointclouds/F_S_WWC_WM/F_S_WWC_WM_247_pc.ply,7.30043,1.31931,10.2295,12.5056,0.3,-1.12,-8.92369,1.30529,37.7291,-3.21977,-0.980042,-0.2,-38.7153,0.6,19.9708,-6.61564,19.3879,20.7781,53.6096,2.011,-1.97849,27.3332,-149.254
F_S_WWC_WM_248,F_S_WWC_WM,train,0.242645166966777,0.02604189254470934,-0.070864927078073,-0.181772143109634,0.110907216043189,0.107325,0.0945820658015681,0.1429797256765577,0.999889804135058,0.477271825246469,0.2996101500725833,raw_stl/F_S_WWC_WM/F_S_WWC_WM_248.stl,normalized/F_S_WWC_WM/F_S_WWC_WM_248_norm.stl,pointclouds/F_S_WWC_WM/F_S_WWC_WM_248_pc.ply,-7.22523,-0.309216,5.67432,-0.870079,2.23,-1.67,-6.14544,2.20785,0.396249,52.1912,-8.29056,-0.2,16.5257,0.0,7.98313,-12.8155,17.4076,-10.9791,128.285,38.1732,120.702,47.6844,52.7462
F_S_WWC_WM_249,F_S_WWC_WM,train,0.276822908192691,0.026381223150763453,-0.0312039356705581,-0.0561890867601328,0.0249851510883853,0.0953,0.0823300025915453,0.1238158107946782,0.9998266968001688,0.4330459207352327,0.2859679915237492,raw_stl/F_S_WWC_WM/F_S_WWC_WM_249.stl,normalized/F_S_WWC_WM/F_S_WWC_WM_249_norm.stl,pointclouds/F_S_WWC_WM/F_S_WWC_WM_249_pc.ply,1.15433,4.3197,14.6526,-10.9198,-0.43,1.35,5.50677,4.86283,-14.6686,-17.9342,-14.6804,-0.2,20.7408,0.1,-24.766,-19.1587,-4.81156,33.4947,72.8536,-47.2908,-29.6719,-53.4186,134.885
F_S_WWC_WM_250,F_S_WWC_WM,train,0.226764949229235,0.02383866528772333,-0.0173536015102678,-0.0645268091893687,0.0471732076843853,0.105125,0.0874906339440874,0.1368502516058336,0.9997500908134264,0.4477906010818599,0.3056885516561694,raw_stl/F_S_WWC_WM/F_S_WWC_WM_250.stl,normalized/F_S_WWC_WM/F_S_WWC_WM_250_norm.stl,pointclouds/F_S_WWC_WM/F_S_WWC_WM_250_pc.ply,5.84775,-1.57808,18.6277,0.275609,1.49,-1.15,-3.02137,4.85197,-9.32336,90.519,-9.65324,0.8,-36.3157,-0.1,-16.3235,19.5412,-10.8781,-24.0637,-17.0164,48.738,35.0139,23.8289,-112.455
F_S_WWC_WM_251,F_S_WWC_WM,train,0.255947142401993,0.028742864091743814,-0.0594874216175083,-0.0792051469498338,0.0197177253314451,0.1123,0.0944304326248928,0.1489014473330916,0.9998494747450352,0.4660517097474141,0.3195436493869387,raw_stl/F_S_WWC_WM/F_S_WWC_WM_251.stl,normalized/F_S_WWC_WM/F_S_WWC_WM_251_norm.stl,pointclouds/F_S_WWC_WM/F_S_WWC_WM_251_pc.ply,7.19238,3.895,3.57313,-2.40014,-0.8,-1.67,-5.01073,4.80222,20.4568,145.554,-13.1425,0.3,39.1936,-0.2,-20.6237,23.3945,-4.4238,0.364613,-34.2784,20.9243,17.0757,51.8043,95.6528
F_S_WWC_WM_252,F_S_WWC_WM,train,0.224431491936877,0.025725459763264527,0.0864882752654485,-0.0488815875186046,0.135369862777408,0.114625,0.0978531847487939,0.1514034101352974,0.9999880558103978,0.4843380295617707,0.3126023754214098,raw_stl/F_S_WWC_WM/F_S_WWC_WM_252.stl,normalized/F_S_WWC_WM/F_S_WWC_WM_252_norm.stl,pointclouds/F_S_WWC_WM/F_S_WWC_WM_252_pc.ply,6.22772,1.92059,-6.60915,-3.77392,1.35,2.34,2.2018,6.21938,29.6766,-89.8343,1.41757,-0.4,22.8675,0.4,5.94671,-13.3236,24.127,-13.582,-7.7495,30.3175,91.3247,51.4262,-43.0811
F_S_WWC_WM_253,F_S_WWC_WM,train,0.266262147657807,0.032397446816263664,-0.028055780470485,-0.128290967707973,0.100235187201993,0.121675,0.1010182695351976,0.1579304207383434,0.9998205311136732,0.4975024028803179,0.3175035306528495,raw_stl/F_S_WWC_WM/F_S_WWC_WM_253.stl,normalized/F_S_WWC_WM/F_S_WWC_WM_253_norm.stl,pointclouds/F_S_WWC_WM/F_S_WWC_WM_253_pc.ply,-0.221488,13.511,19.4458,-5.25255,0.91,-0.59,4.52132,-3.2007,-31.5369,-52.8942,-10.5757,-0.1,-16.1854,0.7,-18.0358,6.96623,19.1499,17.7448,-54.3884,-44.8697,106.451,70.9537,27.5881
F_S_WWC_WM_254,F_S_WWC_WM,train,0.258673335166113,0.02398548500327783,-0.165664411458471,-0.136045854249169,-0.029618557191996,0.092725,0.0786133007513921,0.1170047453604189,0.9998732173760094,0.4230859103301883,0.2765858624757392,raw_stl/F_S_WWC_WM/F_S_WWC_WM_254.stl,normalized/F_S_WWC_WM/F_S_WWC_WM_254_norm.stl,pointclouds/F_S_WWC_WM/F_S_WWC_WM_254_pc.ply,-5.35411,1.24426,14.3895,-3.69877,0.93,-0.53,-5.9384,9.93062,21.2435,60.4742,-4.42262,0.2,37.2188,0.4,57.4185,-5.58234,1.28191,41.1848,55.1332,11.2777,19.9365,-46.073,-72.964
F_S_WWC_WM_255,F_S_WWC_WM,val,0.263967538740863,0.022859588854958732,-0.0441507251521594,-0.0366892596152823,-0.0074614655332358,0.0866,0.073071043010952,0.1104862731832923,0.9998644270947088,0.3983345885263042,0.2774081321136892,raw_stl/F_S_WWC_WM/F_S_WWC_WM_255.stl,normalized/F_S_WWC_WM/F_S_WWC_WM_255_norm.stl,pointclouds/F_S_WWC_WM/F_S_WWC_WM_255_pc.ply,4.25003,12.558,4.4412,11.9434,1.31,-0.93,-3.00575,8.93804,23.6581,120.461,-12.8437,0.3,0.847356,0.3,38.0374,7.24425,-21.1578,12.6295,111.719,42.2998,-6.83368,-36.0107,-146.35
F_S_WWC_WM_256,F_S_WWC_WM,test,0.251451869159468,0.02757798375006465,-0.0163270385918451,-0.0829938134086378,0.0666667748215946,0.109675,0.0906782539064354,0.1388781820463837,0.999708467423113,0.4465335668547115,0.3111046776305183,raw_stl/F_S_WWC_WM/F_S_WWC_WM_256.stl,normalized/F_S_WWC_WM/F_S_WWC_WM_256_norm.stl,pointclouds/F_S_WWC_WM/F_S_WWC_WM_256_pc.ply,3.30602,7.62352,14.8468,10.1364,-1.57,0.2,-4.321,-2.83623,22.2452,65.6677,3.90474,-0.3,-6.64274,0.7,-18.6282,5.28446,-13.9924,31.9278,14.3101,2.25528,26.2424,66.1798,75.397
F_S_WWC_WM_257,F_S_WWC_WM,train,0.221548707083056,0.024076805742251108,-0.0270112335260465,-0.0467808168475083,0.0197695833211993,0.108675,0.0908262637030413,0.1380380362169723,0.9996670738485188,0.4512557748229391,0.3059994258212329,raw_stl/F_S_WWC_WM/F_S_WWC_WM_257.stl,normalized/F_S_WWC_WM/F_S_WWC_WM_257_norm.stl,pointclouds/F_S_WWC_WM/F_S_WWC_WM_257_pc.ply,7.67499,2.53435,15.97,16.515,0.38,1.85,-9.13169,-0.877639,-17.0587,106.685,2.29397,-0.3,10.8894,0.6,26.2153,8.75794,-3.31884,1.97604,-57.0766,44.1529,38.1134,-2.73694,-111.911
F_S_WWC_WM_258,F_S_WWC_WM,train,0.227381257126245,0.02269264946119925,-0.0836057691757475,-0.105343063046511,0.0217372938560056,0.0998,0.0853490698927191,0.127570646075409,0.9999549663332084,0.4501832927048374,0.283387663148466,raw_stl/F_S_WWC_WM/F_S_WWC_WM_258.stl,normalized/F_S_WWC_WM/F_S_WWC_WM_258_norm.stl,pointclouds/F_S_WWC_WM/F_S_WWC_WM_258_pc.ply,-1.4418,2.70905,16.6656,15.4852,0.96,2.13,6.61746,-3.5352,42.3326,-58.4171,3.42379,0.3,-33.4119,0.2,15.2789,26.1394,10.4637,-21.9137,63.7893,7.25828,84.7291,-35.1545,-99.8148
F_S_WWC_WM_259,F_S_WWC_WM,train,0.227687392405315,0.02433409006331804,0.0024489683654418,-0.0571679538558139,0.0596169222220199,0.106875,0.0933054507683854,0.1412043874559326,0.9999169125418644,0.4687258762021973,0.3012765625159037,raw_stl/F_S_WWC_WM/F_S_WWC_WM_259.stl,normalized/F_S_WWC_WM/F_S_WWC_WM_259_norm.stl,pointclouds/F_S_WWC_WM/F_S_WWC_WM_259_pc.ply,8.78978,-5.34889,4.8529,-4.50748,-1.79,-0.08,-6.88473,-1.84039,28.022,68.8934,-11.386,-0.2,-36.3758,-0.1,53.0762,5.13668,12.2938,-9.46379,52.6882,-47.6385,62.1503,4.10828,-46.5373
F_S_WWC_WM_260,F_S_WWC_WM,train,0.246136163541528,0.02650271140933403,-0.0419126755703986,-0.129265560820598,0.0873528852458471,0.107675,0.0933234641824031,0.1409273512329651,0.999964332687508,0.4524655024227396,0.3114765151320969,raw_stl/F_S_WWC_WM/F_S_WWC_WM_260.stl,normalized/F_S_WWC_WM/F_S_WWC_WM_260_norm.stl,pointclouds/F_S_WWC_WM/F_S_WWC_WM_260_pc.ply,-3.51899,-1.31148,-1.1388,-7.33107,-1.73,-1.77,6.37069,5.27781,7.38669,67.9762,4.14493,-0.1,-33.6215,-0.4,16.4457,-16.0775,22.8524,10.2101,19.3367,22.123,1.25778,11.767,-65.5942
F_S_WWC_WM_261,F_S_WWC_WM,train,0.245039016182724,0.026066025346437264,-0.0428674884930564,-0.0727459697983388,0.0298784813030166,0.106375,0.0883956512937141,0.1390380534819559,0.999959686749289,0.4393795107203584,0.3164545805876826,raw_stl/F_S_WWC_WM/F_S_WWC_WM_261.stl,normalized/F_S_WWC_WM/F_S_WWC_WM_261_norm.stl,pointclouds/F_S_WWC_WM/F_S_WWC_WM_261_pc.ply,13.5116,-2.12248,15.0124,-2.95051,2.41,2.21,0.172799,7.20081,-47.6531,109.582,-3.48798,0.7,-4.60236,0.0,8.18429,10.7241,23.1783,29.7642,-15.3828,34.83,8.10154,81.4034,-42.7554
F_S_WWC_WM_262,F_S_WWC_WM,train,0.267696348734219,0.02444736904815255,-0.0025341656931196,-0.0569713861009966,0.0544372204072425,0.091325,0.0774030747690651,0.1131982477630925,0.9999582283905089,0.4017504040494223,0.2817743934855918,raw_stl/F_S_WWC_WM/F_S_WWC_WM_262.stl,normalized/F_S_WWC_WM/F_S_WWC_WM_262_norm.stl,pointclouds/F_S_WWC_WM/F_S_WWC_WM_262_pc.ply,0.223555,4.18995,2.1117,16.8942,1.04,-0.71,18.7332,-1.19796,48.9089,-12.0638,-3.89634,0.3,-4.82007,0.1,-14.8344,-0.914121,-24.0764,47.7791,79.393,-33.3417,-33.6252,-52.5836,-45.9437
F_S_WWC_WM_263,F_S_WWC_WM,train,0.222618254511627,0.02150492338582317,0.0161769928515089,-0.0573622869641196,0.0735392798109634,0.0966,0.0810247858938028,0.122911714965337,0.9999554790356764,0.4487406243323859,0.2739158896966823,raw_stl/F_S_WWC_WM/F_S_WWC_WM_263.stl,normalized/F_S_WWC_WM/F_S_WWC_WM_263_norm.stl,pointclouds/F_S_WWC_WM/F_S_WWC_WM_263_pc.ply,6.65609,-1.55787,-4.93681,1.59994,0.55,1.29,5.24494,-0.900963,33.6654,-90.3368,2.59227,0.4,-16.6277,1.0,32.4802,1.88041,5.92247,13.7899,121.804,33.1532,129.119,7.93756,-84.5713
F_S_WWC_WM_265,F_S_WWC_WM,train,0.263129324687707,0.0249643946797462,-0.0472377491223156,0.0066137288096458,-0.0538514779318604,0.094875,0.0791251946044366,0.1186708659252845,0.9997732816909974,0.4253384979759445,0.2790666197614099,raw_stl/F_S_WWC_WM/F_S_WWC_WM_265.stl,normalized/F_S_WWC_WM/F_S_WWC_WM_265_norm.stl,pointclouds/F_S_WWC_WM/F_S_WWC_WM_265_pc.ply,14.0784,9.37736,10.0382,12.7009,2.5,-1.44,3.0695,6.84916,-31.1671,21.2901,0.369002,0.5,-4.72497,0.5,39.4054,-13.4056,-13.0547,35.2396,25.8801,41.3073,23.344,-54.8254,20.3829
F_S_WWC_WM_266,F_S_WWC_WM,train,0.255136567598006,0.02456327304549803,-0.0241861175050162,-0.105995926467774,0.0818098089621395,0.096275,0.0835918616505994,0.1233737620759434,0.9999872244728892,0.4431565719183419,0.2784012380248666,raw_stl/F_S_WWC_WM/F_S_WWC_WM_266.stl,normalized/F_S_WWC_WM/F_S_WWC_WM_266_norm.stl,pointclouds/F_S_WWC_WM/F_S_WWC_WM_266_pc.ply,-3.97892,7.00355,-5.05328,10.8997,-1.22,2.04,-7.90374,-0.371956,48.6847,48.1872,-2.08017,-0.3,15.586,0.3,12.5839,-6.54749,18.8091,13.4251,116.222,-42.9174,61.3216,-50.2549,57.8101
F_S_WWC_WM_267,F_S_WWC_WM,train,0.243133994328903,0.026404351784118867,-0.0460752237169103,-0.101221881140531,0.0551466574082724,0.1086,0.0899094321464351,0.1362542397545564,0.999818429336319,0.4766210971177851,0.2859273012550947,raw_stl/F_S_WWC_WM/F_S_WWC_WM_267.stl,normalized/F_S_WWC_WM/F_S_WWC_WM_267_norm.stl,pointclouds/F_S_WWC_WM/F_S_WWC_WM_267_pc.ply,-2.06414,12.7153,-4.8019,8.53537,-1.78,0.15,5.07045,6.80788,23.8461,92.9042,-4.16834,0.2,-18.1516,0.6,26.7872,8.92369,17.1937,-22.4271,19.1961,-35.0221,144.037,-32.6558,-175.733
F_S_WWC_WM_268,F_S_WWC_WM,train,0.232148555710963,0.021967057084149873,-0.0099996321578405,-0.0230960054832425,0.0130963733276541,0.094625,0.0811128582161503,0.1249922427210411,0.999867917757056,0.4262063856313491,0.2933056809378856,raw_stl/F_S_WWC_WM/F_S_WWC_WM_268.stl,normalized/F_S_WWC_WM/F_S_WWC_WM_268_norm.stl,pointclouds/F_S_WWC_WM/F_S_WWC_WM_268_pc.ply,11.9226,-3.42358,14.0472,-17.5269,1.11,-0.51,18.2962,4.02436,-1.20435,-53.0807,-9.50299,0.8,13.7857,-0.4,54.8762,4.62244,-3.95085,13.5878,86.4707,17.9518,15.6596,43.7361,-71.3932
F_S_WWC_WM_269,F_S_WWC_WM,train,0.225222021860465,0.02307962669015115,-0.076486988789701,-0.0376497406199335,-0.0388372481521531,0.102475,0.0868842511108485,0.1319333059891354,0.9997317074914168,0.4587581385264477,0.2876651139746039,raw_stl/F_S_WWC_WM/F_S_WWC_WM_269.stl,normalized/F_S_WWC_WM/F_S_WWC_WM_269_norm.stl,pointclouds/F_S_WWC_WM/F_S_WWC_WM_269_pc.ply,13.6918,12.0376,19.9859,4.46638,1.71,2.39,6.0469,7.46222,15.5792,-46.7676,-1.10397,0.5,-19.1703,-0.3,59.3543,-2.65733,11.9657,-11.7899,72.3818,24.0,103.843,-6.74932,-121.886
F_S_WWC_WM_270,F_S_WWC_WM,train,0.224077088495016,0.02429555832007211,-0.125572253334551,-0.203247049372093,0.0776747960511627,0.108425,0.0943761872950565,0.136994262010077,0.9999263135598552,0.4768436941836824,0.2873150238633155,raw_stl/F_S_WWC_WM/F_S_WWC_WM_270.stl,normalized/F_S_WWC_WM/F_S_WWC_WM_270_norm.stl,pointclouds/F_S_WWC_WM/F_S_WWC_WM_270_pc.ply,-6.74543,-4.75871,0.570191,16.9296,-1.3,-0.7,-7.82982,9.06089,5.40305,27.146,-1.93786,0.5,-22.8709,-0.1,10.1477,-11.448,-15.9961,-3.17335,23.4292,34.6269,122.753,-54.0557,-5.8394
F_S_WWC_WM_271,F_S_WWC_WM,train,0.269914735966777,0.028044141066948133,-0.074357343941196,-0.130787105485049,0.0564297615272425,0.1039,0.0898452389466966,0.1351686478292211,0.9997056080086616,0.4478361555404879,0.301914998246409,raw_stl/F_S_WWC_WM/F_S_WWC_WM_271.stl,normalized/F_S_WWC_WM/F_S_WWC_WM_271_norm.stl,pointclouds/F_S_WWC_WM/F_S_WWC_WM_271_pc.ply,-4.78849,-0.948227,17.2089,-18.1868,-1.43,0.68,8.671,-2.71706,6.15086,56.5993,-9.25189,0.3,-38.0618,-0.3,-11.869,-0.14394,25.4095,52.243,49.6705,-30.5558,-0.197107,12.7099,43.3271
F_S_WWC_WM_272,F_S_WWC_WM,train,0.219970374056478,0.01931339884215877,-0.0469644888966445,-0.0723388867936877,0.0253743978930053,0.0878,0.0703704236710423,0.1134417079184043,0.9999767697758012,0.4006621254697274,0.2831421690356498,raw_stl/F_S_WWC_WM/F_S_WWC_WM_272.stl,normalized/F_S_WWC_WM/F_S_WWC_WM_272_norm.stl,pointclouds/F_S_WWC_WM/F_S_WWC_WM_272_pc.ply,9.60013,0.586839,-4.27878,-18.8349,0.8,-0.85,-1.52171,6.71762,-27.4549,76.6626,1.64748,0.8,13.9858,0.9,37.1355,7.05442,-20.1551,17.5576,115.443,-7.29189,2.26356,69.4087,7.44808
F_S_WWC_WM_273,F_S_WWC_WM,train,0.215323020295681,0.019416753355163036,-0.0230439007218338,-0.0436667184730897,0.0206228177477475,0.090175,0.0790358683346159,0.1162122026720957,0.999913375149289,0.4199774792922235,0.2767345301581062,raw_stl/F_S_WWC_WM/F_S_WWC_WM_273.stl,normalized/F_S_WWC_WM/F_S_WWC_WM_273_norm.stl,pointclouds/F_S_WWC_WM/F_S_WWC_WM_273_pc.ply,4.83321,-7.46145,3.19505,7.19619,-0.46,0.56,0.930061,8.75662,38.0219,-55.4329,4.29155,0.6,10.2429,-0.3,26.1141,21.6262,19.841,9.26996,106.395,7.90215,18.3839,-52.7742,-99.0218
F_S_WWC_WM_274,F_S_WWC_WM,val,0.255450296239202,0.022224175772810575,0.0189865514269933,-0.0502003078182724,0.0691868592431893,0.087,0.0723740037225952,0.1153679454675464,0.9999394610548418,0.409561344742293,0.2817036608196315,raw_stl/F_S_WWC_WM/F_S_WWC_WM_274.stl,normalized/F_S_WWC_WM/F_S_WWC_WM_274_norm.stl,pointclouds/F_S_WWC_WM/F_S_WWC_WM_274_pc.ply,3.84474,13.0337,-3.28122,-19.2828,1.4,-1.24,16.1712,-3.55434,-2.38142,-29.749,-3.09142,0.7,22.358,0.0,19.7746,16.504,16.4299,-2.68353,101.374,27.8993,-32.228,-7.85264,30.7055
F_S_WWC_WM_275,F_S_WWC_WM,test,0.224714029634551,0.020988290367867063,-0.0496346365074551,-0.0632898116887043,0.0136551751808292,0.0934,0.0799684211259933,0.1217221904633272,0.999740439516808,0.4268442813684637,0.2852417105046118,raw_stl/F_S_WWC_WM/F_S_WWC_WM_275.stl,normalized/F_S_WWC_WM/F_S_WWC_WM_275_norm.stl,pointclouds/F_S_WWC_WM/F_S_WWC_WM_275_pc.ply,7.05372,0.738763,-1.09279,1.43838,1.6,2.09,1.56286,-1.5399,-36.7985,-64.8447,-8.20529,0.8,-35.4193,-0.3,52.7167,-11.0378,-7.73174,5.80449,100.795,0.604939,24.5613,-9.11047,-190.702
F_S_WWC_WM_276,F_S_WWC_WM,train,0.245524887285714,0.023631770401249974,0.0074190465591328,-0.0977941771152823,0.105213223686378,0.09625,0.0818097872289548,0.1262396223450032,0.9996500992836436,0.4399047408140125,0.2870708074357334,raw_stl/F_S_WWC_WM/F_S_WWC_WM_276.stl,normalized/F_S_WWC_WM/F_S_WWC_WM_276_norm.stl,pointclouds/F_S_WWC_WM/F_S_WWC_WM_276_pc.ply,-1.42347,7.77924,14.8062,-11.0433,1.46,-1.18,-2.11525,1.65931,-11.3529,139.198,1.20937,-0.2,-24.197,0.9,19.3399,20.1812,-24.6107,-8.66586,117.672,0.0909229,74.9302,18.1854,-171.459
F_S_WWC_WM_277,F_S_WWC_WM,train,0.203465537843853,0.020361813699723588,-0.0619766162925913,-0.066969099026578,0.0049924827264269,0.100075,0.0844533731483394,0.1272766594908751,0.9999952400842193,0.4537445111132945,0.2805042533906472,raw_stl/F_S_WWC_WM/F_S_WWC_WM_277.stl,normalized/F_S_WWC_WM/F_S_WWC_WM_277_norm.stl,pointclouds/F_S_WWC_WM/F_S_WWC_WM_277_pc.ply,9.76389,1.48148,-5.13615,7.41247,-0.49,-0.6,2.1693,3.72304,15.0696,-62.6804,4.37208,-0.2,18.0495,0.6,-10.9235,19.656,-22.6398,-7.69945,111.342,-33.7104,90.2659,-22.3764,51.7307
F_S_WWC_WM_278,F_S_WWC_WM,test,0.261974700445182,0.025987890284162055,-0.0459821210363661,-0.100242165219933,0.054260044180897,0.0992,0.0826770854865682,0.1265316270967985,0.999858149328838,0.4346858780169372,0.2911288004494964,raw_stl/F_S_WWC_WM/F_S_WWC_WM_278.stl,normalized/F_S_WWC_WM/F_S_WWC_WM_278_norm.stl,pointclouds/F_S_WWC_WM/F_S_WWC_WM_278_pc.ply,-2.04933,10.4441,1.09105,9.47049,-1.03,-1.34,8.00245,-3.8185,-37.5944,-32.9422,-11.7692,0.2,-39.8864,0.6,59.6055,-5.19861,5.91065,19.242,42.2961,-23.6833,46.3447,19.2952,-112.91
F_S_WWC_WM_279,F_S_WWC_WM,train,0.221122886475083,0.019436701721159796,-0.0536050984305647,-0.0764646044797342,0.0228595060574551,0.0879,0.074799560430228,0.1175001423991328,0.9998769862725778,0.4133974902020453,0.2842653888645108,raw_stl/F_S_WWC_WM/F_S_WWC_WM_279.stl,normalized/F_S_WWC_WM/F_S_WWC_WM_279_norm.stl,pointclouds/F_S_WWC_WM/F_S_WWC_WM_279_pc.ply,1.36342,-3.75004,2.47944,-2.30357,-0.7,0.92,-5.212,9.15599,32.4818,44.126,-8.82492,0.1,32.4805,0.4,-9.5336,-15.2414,28.444,-21.6806,90.9818,-14.8187,-26.0368,-8.39846,88.175
F_S_WWC_WM_280,F_S_WWC_WM,train,0.237324817076411,0.026966032340307203,-0.0650368431318937,-0.191523429209302,0.126486586076411,0.113625,0.0990354661242798,0.1464761909017323,0.9998826412994336,0.4855418691434264,0.3017111241781498,raw_stl/F_S_WWC_WM/F_S_WWC_WM_280.stl,normalized/F_S_WWC_WM/F_S_WWC_WM_280_norm.stl,pointclouds/F_S_WWC_WM/F_S_WWC_WM_280_pc.ply,-6.47263,-7.03516,17.8458,-6.55448,-1.54,-0.92,8.49563,-2.34034,-22.6785,66.6108,-0.353306,0.0,-26.9433,0.0,44.0509,27.7251,-16.9724,27.2045,35.8308,29.6604,121.706,24.772,-140.634
F_S_WWC_WM_281,F_S_WWC_WM,test,0.261955159106312,0.024152265669601967,-0.0144509738994956,0.0206282849768936,-0.0350792588798415,0.0922,0.0742247258535041,0.117900972055178,0.999803183966839,0.4107235140680281,0.2871132949189952,raw_stl/F_S_WWC_WM/F_S_WWC_WM_281.stl,normalized/F_S_WWC_WM/F_S_WWC_WM_281_norm.stl,pointclouds/F_S_WWC_WM/F_S_WWC_WM_281_pc.ply,14.5951,13.5628,0.642842,-14.8876,-1.39,-0.99,16.6591,5.55613,5.54013,-10.5869,-2.8508,0.4,-21.9421,0.8,58.8145,-16.546,3.26379,22.7088,-18.8161,22.9069,-35.4958,-16.1829,-107.237
F_S_WWC_WM_282,F_S_WWC_WM,train,0.272763234730897,0.02627391858545365,-0.123159096657807,-0.191170182591362,0.0680110859589285,0.096325,0.0797267431204398,0.1244729761096065,0.9998558764949051,0.4378284136987247,0.2843372295676325,raw_stl/F_S_WWC_WM/F_S_WWC_WM_282.stl,normalized/F_S_WWC_WM/F_S_WWC_WM_282_norm.stl,pointclouds/F_S_WWC_WM/F_S_WWC_WM_282_pc.ply,-7.89774,9.4999,16.8649,-12.6474,1.92,2.22,0.248699,-4.02478,-9.93561,-24.8423,-10.5382,0.6,24.8703,0.5,-14.4984,26.0436,4.06417,13.0156,94.062,-39.8944,63.4463,33.379,18.0395
F_S_WWC_WM_283,F_S_WWC_WM,train,0.239789316093023,0.025477614834883693,-0.0677811753946844,-0.0510230693611295,-0.0167581060353421,0.10625,0.0914504058530061,0.1367524853734475,0.9999780668162996,0.4598124824813663,0.2974157728790253,raw_stl/F_S_WWC_WM/F_S_WWC_WM_283.stl,normalized/F_S_WWC_WM/F_S_WWC_WM_283_norm.stl,pointclouds/F_S_WWC_WM/F_S_WWC_WM_283_pc.ply,11.5401,-3.11507,19.3567,6.48823,-0.56,-1.76,-0.236057,6.00373,30.7436,96.7235,-3.08057,0.0,18.6468,0.4,-7.77825,-17.8447,-7.9263,22.9602,-32.4726,28.8659,60.4216,-23.3727,-107.926
F_S_WWC_WM_284,F_S_WWC_WM,train,0.269046029332225,0.03040892746527473,0.0084269030954348,-0.109397803773754,0.117824706866445,0.113025,0.0948640433979876,0.1431370632454656,0.9998772293498976,0.4901770128305627,0.2920468212224691,raw_stl/F_S_WWC_WM/F_S_WWC_WM_284.stl,normalized/F_S_WWC_WM/F_S_WWC_WM_284_norm.stl,pointclouds/F_S_WWC_WM/F_S_WWC_WM_284_pc.ply,-0.429287,12.0886,-3.26471,-0.155666,1.66,-1.01,15.1783,9.05396,25.4557,29.5847,4.70196,0.6,-28.189,0.5,-15.3336,-16.2434,-8.61486,22.5523,-30.1256,47.4491,128.407,-37.7172,-53.5541
F_S_WWC_WM_285,F_S_WWC_WM,train,0.221387300508305,0.023610955599210726,-0.093285589554485,-0.176528523697674,0.0832429341415282,0.10665,0.0938584555208155,0.1394214693208209,0.9999048849634838,0.4665642562019415,0.298854294573443,raw_stl/F_S_WWC_WM/F_S_WWC_WM_285.stl,normalized/F_S_WWC_WM/F_S_WWC_WM_285_norm.stl,pointclouds/F_S_WWC_WM/F_S_WWC_WM_285_pc.ply,-4.51749,-3.06863,9.00653,4.73164,2.4,-1.41,4.58587,-0.0932522,-39.8811,-26.4604,3.0374,-0.1,28.5731,0.0,-10.5937,8.25393,-12.5585,-6.33228,43.5731,18.5468,86.7482,-2.52697,-159.25
F_S_WWC_WM_286,F_S_WWC_WM,train,0.249590973003322,0.027941709427721898,0.057531242817774,-0.0769568149681063,0.13448805777176,0.11195,0.0922459262674777,0.1447109965630812,0.999789077788932,0.4856487746700858,0.2980374569338836,raw_stl/F_S_WWC_WM/F_S_WWC_WM_286.stl,normalized/F_S_WWC_WM/F_S_WWC_WM_286_norm.stl,pointclouds/F_S_WWC_WM/F_S_WWC_WM_286_pc.ply,1.80063,14.9076,-3.21118,-4.90108,-1.69,-1.27,3.12244,2.60881,2.22937,-92.5715,0.336701,0.2,-2.42464,0.8,-20.1932,22.2204,21.2375,-10.6527,28.6437,9.11821,135.647,49.991,6.59501
F_S_WWC_WM_287,F_S_WWC_WM,train,0.227681485189368,0.022392474068374347,-0.0016882093706179,-0.0215357757640431,0.0198475663943724,0.09835,0.0806398062379531,0.1296622585593334,0.9999795643519862,0.4331572128311233,0.2993483763049169,raw_stl/F_S_WWC_WM/F_S_WWC_WM_287.stl,normalized/F_S_WWC_WM/F_S_WWC_WM_287_norm.stl,pointclouds/F_S_WWC_WM/F_S_WWC_WM_287_pc.ply,13.2434,4.41639,19.251,-9.94093,2.15,1.07,0.854275,-3.27975,3.22664,-42.7217,1.83126,0.7,-12.9431,0.7,27.0889,9.11898,-17.401,15.7063,16.3146,-9.58714,43.9054,89.9986,-78.6138
F_S_WWC_WM_288,F_S_WWC_WM,train,0.238866831335548,0.028741651480449815,0.0148561870559501,-0.0428591208993687,0.0577153079540747,0.120325,0.104705952221989,0.1569493204054856,0.999874066948881,0.5096035080144965,0.3080219926531663,raw_stl/F_S_WWC_WM/F_S_WWC_WM_288.stl,normalized/F_S_WWC_WM/F_S_WWC_WM_288_norm.stl,pointclouds/F_S_WWC_WM/F_S_WWC_WM_288_pc.ply,11.419,7.45066,5.60229,-1.20903,-1.73,2.02,13.0948,-4.96718,-16.5115,2.99137,-1.68298,-0.1,-38.3837,-0.2,46.0644,-0.59974,21.445,10.8624,30.2894,22.4668,141.854,20.7568,-81.6357
F_S_WWC_WM_289,F_S_WWC_WM,train,0.251069782687707,0.025395708518861568,-1.18665619661105e-05,-0.0317798810408637,0.0317680144821694,0.10115,0.0871402169559711,0.131281581609583,0.9999794361814244,0.4315209460937017,0.3042361732475864,raw_stl/F_S_WWC_WM/F_S_WWC_WM_289.stl,normalized/F_S_WWC_WM/F_S_WWC_WM_289_norm.stl,pointclouds/F_S_WWC_WM/F_S_WWC_WM_289_pc.ply,9.44002,2.63817,-7.02597,-10.5229,0.96,-1.43,19.9708,7.16953,-13.4742,-28.51,-0.725153,0.1,30.2015,-0.4,18.7559,-1.6476,14.1683,32.0645,-25.9332,10.7233,-39.5577,-29.1427,-168.493
F_S_WWC_WM_290,F_S_WWC_WM,train,0.251798279182724,0.0279433140323028,-0.0809169163996677,-0.088730179516279,0.0078132631301993,0.110975,0.0927348561178504,0.1438681440744728,0.9998594900879552,0.4889431721824886,0.2942844281335669,raw_stl/F_S_WWC_WM/F_S_WWC_WM_290.stl,normalized/F_S_WWC_WM/F_S_WWC_WM_290_norm.stl,pointclouds/F_S_WWC_WM/F_S_WWC_WM_290_pc.ply,7.9238,11.1302,5.29618,1.64216,2.21,-1.7,4.87846,1.28015,-14.9909,131.088,-13.3842,0.8,-20.9077,0.6,6.66423,-9.13248,-10.6542,5.54563,-13.8392,4.37627,140.507,0.438993,61.6875
F_S_WWC_WM_291,F_S_WWC_WM,train,0.269014577418604,0.027103218674924358,-0.0365980388347106,-0.13639578788372,0.0997977490747508,0.10075,0.0849816587187377,0.1318462931680911,0.9999384197036596,0.4240610224499063,0.3109326389870719,raw_stl/F_S_WWC_WM/F_S_WWC_WM_291.stl,normalized/F_S_WWC_WM/F_S_WWC_WM_291_norm.stl,pointclouds/F_S_WWC_WM/F_S_WWC_WM_291_pc.ply,-4.61875,12.7748,12.3707,0.350041,1.63,1.46,4.96232,9.42964,25.1006,85.5621,-4.2394,-0.1,27.5618,-0.1,-20.1374,-1.76706,6.1639,19.6784,109.545,-22.2807,-14.8453,84.9481,40.6988
F_S_WWC_WM_292,F_S_WWC_WM,train,0.255156346601328,0.02429088419644643,-0.0672446407627907,-0.0351263061299003,-0.0321183346352159,0.0952,0.076979638612848,0.1187039090797269,0.9999573670066476,0.4309987701750661,0.2754276304552742,raw_stl/F_S_WWC_WM/F_S_WWC_WM_292.stl,normalized/F_S_WWC_WM/F_S_WWC_WM_292_norm.stl,pointclouds/F_S_WWC_WM/F_S_WWC_WM_292_pc.ply,5.73214,7.19271,15.1837,10.5937,0.78,-1.75,10.7571,5.26305,-1.1386,-62.0949,-6.82612,0.7,-14.9321,1.0,56.7133,29.9001,1.35449,6.49994,-12.7259,-13.0713,56.2382,-34.2597,42.7355
F_S_WWC_WM_293,F_S_WWC_WM,val,0.245417685,0.025836346788374997,0.0126669123320631,-0.107025015572757,0.119691927930564,0.105275,0.0883005183988596,0.1368204890441568,0.9999190976672068,0.4359066497097457,0.3139010591547381,raw_stl/F_S_WWC_WM/F_S_WWC_WM_293.stl,normalized/F_S_WWC_WM/F_S_WWC_WM_293_norm.stl,pointclouds/F_S_WWC_WM/F_S_WWC_WM_293_pc.ply,-1.39565,12.7991,-4.35052,3.51466,1.15,-0.34,14.2918,6.28443,-15.9054,-87.8173,-1.46429,0.2,-4.29385,-0.3,13.6217,25.4316,-4.7306,3.95206,64.9182,28.4732,20.9089,87.7202,-193.562
F_S_WWC_WM_294,F_S_WWC_WM,train,0.24182735392691,0.02567601930318967,-0.028204203884495,-0.0877269021036544,0.059522698210299,0.106175,0.0918873310095365,0.1363341144700049,0.9999646837417512,0.4774165427147184,0.2855764667801143,raw_stl/F_S_WWC_WM/F_S_WWC_WM_294.stl,normalized/F_S_WWC_WM/F_S_WWC_WM_294_norm.stl,pointclouds/F_S_WWC_WM/F_S_WWC_WM_294_pc.ply,1.50477,-6.06324,16.6952,-2.00787,0.65,0.09,8.85235,1.41637,22.3846,125.647,-10.6305,0.6,2.11806,-0.1,11.4054,25.1581,-16.0847,41.5112,76.5191,49.411,114.366,-15.3953,148.354
F_S_WWC_WM_295,F_S_WWC_WM,train,0.229937734019933,0.02491375348105974,0.0246047134501926,-0.013973482350871,0.0385781957973358,0.10835,0.0918874744896156,0.1384261921054918,0.9999538421852474,0.4677217363426221,0.2959720942914529,raw_stl/F_S_WWC_WM/F_S_WWC_WM_295.stl,normalized/F_S_WWC_WM/F_S_WWC_WM_295_norm.stl,pointclouds/F_S_WWC_WM/F_S_WWC_WM_295_pc.ply,13.6247,11.5408,-4.66255,10.4067,-1.49,-1.37,11.1962,-0.157038,-5.34677,51.713,-1.49726,-0.1,13.0479,-0.3,-4.38629,-6.20428,5.13796,-15.1237,34.927,42.1983,50.4784,-50.0044,69.1962
F_S_WWC_WM_296,F_S_WWC_WM,train,0.215871729903654,0.023319543622842224,0.0035197617043554,-0.0670383093710963,0.070558071078073,0.108025,0.0917499716769489,0.1425462507060126,0.9996164745236074,0.4736891167034238,0.3010433146375894,raw_stl/F_S_WWC_WM/F_S_WWC_WM_296.stl,normalized/F_S_WWC_WM/F_S_WWC_WM_296_norm.stl,pointclouds/F_S_WWC_WM/F_S_WWC_WM_296_pc.ply,12.7505,-3.26668,6.15034,-5.39317,1.19,-0.21,15.6385,2.68901,14.0097,-1.84681,-3.44487,0.3,-33.3353,0.1,46.4939,-2.60646,29.0666,-24.1021,114.399,24.3042,116.648,79.4331,65.8474
F_S_WWC_WM_297,F_S_WWC_WM,train,0.249859420651162,0.025160843659572014,0.0003932088653355,-0.0380461774310631,0.0384393862990073,0.1007,0.0820966094431131,0.1258432420417272,0.9999328204952548,0.4391922902453761,0.2865526091682289,raw_stl/F_S_WWC_WM/F_S_WWC_WM_297.stl,normalized/F_S_WWC_WM/F_S_WWC_WM_297_norm.stl,pointclouds/F_S_WWC_WM/F_S_WWC_WM_297_pc.ply,13.3154,4.54897,19.8819,10.1903,1.28,-0.26,8.1353,6.36584,14.8353,15.1127,-13.1998,0.6,-21.2102,0.7,-22.4316,15.9456,-5.11105,27.9334,112.035,35.442,97.2759,55.803,48.8339
F_S_WWC_WM_298,F_S_WWC_WM,train,0.218238151976744,0.020388899348427306,-0.0471512216138223,-0.0528984030611295,0.005747181445493,0.093425,0.080268410047052,0.1231938291703124,0.9998547973499066,0.4419502932825889,0.278790899590539,raw_stl/F_S_WWC_WM/F_S_WWC_WM_298.stl,normalized/F_S_WWC_WM/F_S_WWC_WM_298_norm.stl,pointclouds/F_S_WWC_WM/F_S_WWC_WM_298_pc.ply,7.03106,-2.36482,12.4279,-7.13771,-1.71,-0.83,-9.92392,-2.96069,-28.0041,12.9036,-8.59508,-0.3,12.3996,0.6,33.3036,21.2939,-20.8923,-8.00881,124.488,16.7698,47.1837,-16.4157,97.4683
F_S_WWC_WM_299,F_S_WWC_WM,train,0.227003586322259,0.020793528507118925,0.0087917027914036,-0.0375446472551495,0.0463363500406644,0.0916,0.0758626048396009,0.1196299761107105,0.9999332775607118,0.3951300912257354,0.3027811885346756,raw_stl/F_S_WWC_WM/F_S_WWC_WM_299.stl,normalized/F_S_WWC_WM/F_S_WWC_WM_299_norm.stl,pointclouds/F_S_WWC_WM/F_S_WWC_WM_299_pc.ply,10.2562,-1.84284,0.0211153,2.64876,-0.33,1.8,4.08152,-2.45441,43.6365,81.4043,0.477623,0.0,34.0795,0.3,0.563805,9.1898,-25.7048,22.215,108.355,9.63446,-47.5176,88.1792,-158.546
F_S_WWC_WM_300,F_S_WWC_WM,val,0.211181602401993,0.01936007340020271,-0.147456014299003,-0.0882124104837209,-0.0592436038109634,0.091675,0.0749345952844989,0.1195592873694292,0.999907450923302,0.4340196092736249,0.2754952793385501,raw_stl/F_S_WWC_WM/F_S_WWC_WM_300.stl,normalized/F_S_WWC_WM/F_S_WWC_WM_300_norm.stl,pointclouds/F_S_WWC_WM/F_S_WWC_WM_300_pc.ply,3.94595,1.61822,19.4247,-12.1299,-0.74,-0.29,12.6331,0.678617,-10.9234,49.7894,4.93685,0.6,2.26151,0.6,35.3033,-17.8902,-24.1291,-11.9808,88.8281,-7.72288,43.046,2.51209,148.89
F_S_WWC_WM_301,F_S_WWC_WM,train,0.242356081122923,0.02417501909201157,-0.0237470830335016,-0.0886655421109634,0.0649184590704319,0.09975,0.08300189121472,0.1277996601154865,0.9999125899010972,0.4321123201120025,0.2957815043084875,raw_stl/F_S_WWC_WM/F_S_WWC_WM_301.stl,normalized/F_S_WWC_WM/F_S_WWC_WM_301_norm.stl,pointclouds/F_S_WWC_WM/F_S_WWC_WM_301_pc.ply,-1.2433,-2.1805,-5.41271,-2.47286,-1.2,0.49,-4.9674,-3.85437,36.6154,135.903,-1.84638,0.1,23.0146,0.6,34.0607,29.362,2.45387,27.5635,-31.7729,12.2872,7.87287,-4.80833,-183.844
F_S_WWC_WM_302,F_S_WWC_WM,train,0.259421555352159,0.024683960991757927,-2.62765810112944e-05,-0.0031810359136704,0.0031547593330362,0.09515,0.0795076190322452,0.121226659723484,0.9999922206464342,0.4102600942307167,0.2954896284104437,raw_stl/F_S_WWC_WM/F_S_WWC_WM_302.stl,normalized/F_S_WWC_WM/F_S_WWC_WM_302_norm.stl,pointclouds/F_S_WWC_WM/F_S_WWC_WM_302_pc.ply,14.7557,2.40071,0.300317,1.99411,0.43,-0.05,-3.22732,-0.935731,18.5061,45.2784,-12.4612,-0.3,28.4221,0.4,12.6605,-18.0893,-22.4699,34.9708,0.4319,-37.0613,-57.6126,-28.7612,-128.633
F_S_WWC_WM_303,F_S_WWC_WM,train,0.264810322897009,0.027546893839361365,0.0183545798686511,-0.0246066019314295,0.0429611818015707,0.104025,0.0896516679589906,0.1327922108577843,0.999908797866025,0.4762274074001096,0.2788674503646448,raw_stl/F_S_WWC_WM/F_S_WWC_WM_303.stl,normalized/F_S_WWC_WM/F_S_WWC_WM_303_norm.stl,pointclouds/F_S_WWC_WM/F_S_WWC_WM_303_pc.ply,10.5297,6.14824,1.55884,-14.8537,1.9,2.47,19.1176,0.255709,15.8581,-36.9674,-10.3025,0.5,-30.2912,0.1,12.5053,3.97462,1.38108,42.5928,112.976,-41.1801,120.358,-40.0155,38.9798
F_S_WWC_WM_304,F_S_WWC_WM,train,0.273754979727574,0.02695802162867285,0.006745026518897,-0.0604837566681063,0.0672287831863787,0.098475,0.0843607613624802,0.1285191009577602,0.9996948119641612,0.4285473926368537,0.2999862737062031,raw_stl/F_S_WWC_WM/F_S_WWC_WM_304.stl,normalized/F_S_WWC_WM/F_S_WWC_WM_304_norm.stl,pointclouds/F_S_WWC_WM/F_S_WWC_WM_304_pc.ply,11.6489,3.57233,11.2127,-8.49544,1.94,-0.5,7.02122,-0.416002,6.32423,137.129,-14.3827,-0.1,-5.56949,0.2,58.6442,18.7647,-11.1183,48.746,123.776,-24.8314,27.3181,63.6225,-101.49
F_S_WWC_WM_305,F_S_WWC_WM,train,0.270568482624584,0.03166327667914194,0.0328471580420332,-0.0566376834043189,0.0894848414571428,0.117025,0.0976941569000151,0.1475745746998825,0.9998546229680964,0.4674463463893317,0.3157496746160705,raw_stl/F_S_WWC_WM/F_S_WWC_WM_305.stl,normalized/F_S_WWC_WM/F_S_WWC_WM_305_norm.stl,pointclouds/F_S_WWC_WM/F_S_WWC_WM_305_pc.ply,2.88578,5.73816,3.12827,11.6635,-1.61,2.05,-6.83014,1.71567,-37.2904,-61.6196,-8.26742,-0.3,-12.1238,0.3,-7.64911,24.2013,20.1297,29.0986,-23.9172,-45.7609,41.5985,43.2712,88.6815
F_S_WWC_WM_306,F_S_WWC_WM,train,0.223588435634551,0.02025711226849032,-0.0339821639488897,-0.0688808783491694,0.0348987143970099,0.0906,0.0758182337478438,0.1163919911035268,0.9998340453640324,0.41345776155752,0.2815555080199454,raw_stl/F_S_WWC_WM/F_S_WWC_WM_306.stl,normalized/F_S_WWC_WM/F_S_WWC_WM_306_norm.stl,pointclouds/F_S_WWC_WM/F_S_WWC_WM_306_pc.ply,4.34403,-7.79045,18.5251,16.2913,0.58,1.51,3.22681,8.77261,-45.0098,126.36,-2.67495,0.8,-21.1268,0.3,29.1265,-10.3349,13.3125,-11.5905,39.2943,10.2992,11.8839,-19.9316,89.5178
F_S_WWC_WM_307,F_S_WWC_WM,train,0.233304764149501,0.02372709451400425,-0.0841485294614618,-0.210048443222591,0.125899913766445,0.1017,0.0888703560400685,0.133041159538747,0.999994996898439,0.4703185837997805,0.2828759690625949,raw_stl/F_S_WWC_WM/F_S_WWC_WM_307.stl,normalized/F_S_WWC_WM/F_S_WWC_WM_307_norm.stl,pointclouds/F_S_WWC_WM/F_S_WWC_WM_307_pc.ply,-7.79268,-1.6187,-7.23821,-1.45477,0.95,0.9,16.7411,1.87136,47.7597,128.917,-5.47794,0.1,-1.01521,0.1,5.7541,4.73153,-9.5922,-15.8599,113.506,22.6932,118.609,-34.5028,-37.229
F_S_WWC_WM_308,F_S_WWC_WM,train,0.264772737049833,0.02819167717738097,-0.018903919656587,-0.105482385506644,0.0865784658797342,0.106475,0.0906289165068643,0.1361174842089109,0.9999013198552268,0.4269137399297978,0.3188721863343075,raw_stl/F_S_WWC_WM/F_S_WWC_WM_308.stl,normalized/F_S_WWC_WM/F_S_WWC_WM_308_norm.stl,pointclouds/F_S_WWC_WM/F_S_WWC_WM_308_pc.ply,-1.57663,-1.09839,7.99781,19.019,0.53,1.43,7.80453,5.99262,33.1547,-38.8581,-12.3302,-0.3,38.2036,0.2,-1.3985,13.7672,28.0424,34.1731,2.83157,-15.8874,3.08829,86.4245,-172.79
F_S_WWC_WM_309,F_S_WWC_WM,train,0.270056662215946,0.026863886473931224,0.0812608827151162,-0.0022096635376016,0.0834705462481727,0.099475,0.0858445769388902,0.1275368276915854,0.99999042694574,0.4537851242365964,0.2810538332097214,raw_stl/F_S_WWC_WM/F_S_WWC_WM_309.stl,normalized/F_S_WWC_WM/F_S_WWC_WM_309_norm.stl,pointclouds/F_S_WWC_WM/F_S_WWC_WM_309_pc.ply,14.1591,8.12559,-1.71391,-1.63701,2.11,-0.04,17.0488,9.73358,-14.1848,25.839,-14.1889,-0.1,-14.1848,0.2,33.4087,17.8084,16.1799,15.5143,122.614,26.9625,86.2692,-40.6231,-70.2568
F_S_WWC_WM_310,F_S_WWC_WM,train,0.244127665019933,0.02531603886256705,-0.112536073885049,-0.12426643888372,0.0117303650261661,0.1037,0.0863598436750733,0.1350036602628926,0.9998592392532912,0.4694263343008107,0.287633343696649,raw_stl/F_S_WWC_WM/F_S_WWC_WM_310.stl,normalized/F_S_WWC_WM/F_S_WWC_WM_310_norm.stl,pointclouds/F_S_WWC_WM/F_S_WWC_WM_310_pc.ply,1.02742,8.82451,1.96234,-15.7196,-0.49,-0.4,17.1081,1.12328,30.4841,7.67427,-14.3227,0.7,-13.2244,0.9,5.35008,6.56457,-13.3455,-0.498527,27.4252,-44.772,130.506,25.7586,-110.571
F_S_WWC_WM_311,F_S_WWC_WM,train,0.258055269990033,0.02520554849627647,-0.107004846042524,-0.12328086572093,0.0162760196918282,0.097675,0.081607815856045,0.1293348293460384,0.9998381030580534,0.4232554007595734,0.3056210775284853,raw_stl/F_S_WWC_WM/F_S_WWC_WM_311.stl,normalized/F_S_WWC_WM/F_S_WWC_WM_311_norm.stl,pointclouds/F_S_WWC_WM/F_S_WWC_WM_311_pc.ply,-1.1241,-1.44458,14.8941,-9.31082,-0.16,1.79,4.81673,-4.32706,37.4084,18.3303,-14.9535,0.1,-32.4086,0.5,3.82697,13.5394,-6.39725,-2.49608,-55.7087,-7.888,-56.6694,1.65151,-161.346
F_S_WWC_WM_312,F_S_WWC_WM,train,0.217446630322259,0.02172835453495173,-0.0210995857907053,0.004967424306375,-0.0260670100922259,0.099925,0.0818661603154527,0.1275200559732283,0.9999715656552102,0.4228391225571424,0.3015891274543509,raw_stl/F_S_WWC_WM/F_S_WWC_WM_312.stl,normalized/F_S_WWC_WM/F_S_WWC_WM_312_norm.stl,pointclouds/F_S_WWC_WM/F_S_WWC_WM_312_pc.ply,11.1126,5.0649,5.9484,17.7853,-0.51,-1.08,11.8859,5.2019,-41.4857,-40.6129,3.7247,0.7,3.80026,-0.2,42.6311,-17.3981,6.37938,-17.2237,-25.0496,9.18631,-22.4838,9.23363,93.265
F_S_WWC_WM_313,F_S_WWC_WM,test,0.256209610518272,0.026024491188393478,-0.0498476351960132,-0.071462559954485,0.0216149247613986,0.101575,0.0860441018638946,0.1328199178812756,0.9999613779283836,0.4531296791192452,0.2931281131661041,raw_stl/F_S_WWC_WM/F_S_WWC_WM_313.stl,normalized/F_S_WWC_WM/F_S_WWC_WM_313_norm.stl,pointclouds/F_S_WWC_WM/F_S_WWC_WM_313_pc.ply,4.51894,-2.71435,-2.3958,-6.35573,-1.09,-1.74,-3.23126,-1.35035,-28.5944,118.225,-10.8118,0.8,-23.907,0.2,19.6448,2.95753,16.3292,43.1894,11.8435,-27.0774,28.8918,0.0145039,135.814
F_S_WWC_WM_314,F_S_WWC_WM,train,0.242413016933554,0.025338220594979734,-0.0014863835730142,-0.0605284354215946,0.0590420518422923,0.104525,0.0882105337450493,0.1292208730018972,0.9999527868995128,0.4373754564287753,0.2954600499606685,raw_stl/F_S_WWC_WM/F_S_WWC_WM_314.stl,normalized/F_S_WWC_WM/F_S_WWC_WM_314_norm.stl,pointclouds/F_S_WWC_WM/F_S_WWC_WM_314_pc.ply,3.5788,0.34647,0.0592328,17.6739,0.56,1.83,15.5814,7.91486,2.34503,-74.3475,-1.40184,0.5,39.4068,-0.3,13.827,3.49829,25.0691,50.6882,84.5339,20.3957,52.48,35.6355,78.3736
F_S_WWC_WM_315,F_S_WWC_WM,train,0.273800407933554,0.026955650161058387,-0.0759217313800664,-0.151532034279069,0.0756103029398671,0.09845,0.0820031793776187,0.1308754921126032,0.9999025004892292,0.430491265709632,0.3040439239517224,raw_stl/F_S_WWC_WM/F_S_WWC_WM_315.stl,normalized/F_S_WWC_WM/F_S_WWC_WM_315_norm.stl,pointclouds/F_S_WWC_WM/F_S_WWC_WM_315_pc.ply,-4.55556,3.80504,9.3969,-13.4166,1.72,-0.87,11.6052,4.4852,16.1003,50.7281,-3.81558,-0.1,-10.2403,0.8,51.0832,-14.0563,26.1902,25.6208,-11.8919,-5.24025,-36.0182,44.5215,140.186
F_S_WWC_WM_316,F_S_WWC_WM,train,0.231074179122923,0.024620953785547448,-0.0017353522462292,-0.0722582424378737,0.0705228901913621,0.10655,0.0924703187745803,0.1371544179560694,0.999836196609462,0.4508194214138636,0.3042834480493569,raw_stl/F_S_WWC_WM/F_S_WWC_WM_316.stl,normalized/F_S_WWC_WM/F_S_WWC_WM_316_norm.stl,pointclouds/F_S_WWC_WM/F_S_WWC_WM_316_pc.ply,8.13704,1.84053,15.6019,15.7932,0.77,-1.19,17.4985,0.219354,-18.0008,-63.0264,-10.6622,-0.3,-37.7944,-0.2,23.9763,2.14968,-13.6652,-18.0836,94.8608,33.0452,62.6375,26.1701,-186.477
F_S_WWC_WM_317,F_S_WWC_WM,train,0.217776391993355,0.020427425568976698,-0.0697669853089701,-0.0719494201418604,0.0021824348351438,0.0938,0.0790047676292178,0.1244202027786851,0.9999428202357176,0.4395932830488788,0.2830509980507028,raw_stl/F_S_WWC_WM/F_S_WWC_WM_317.stl,normalized/F_S_WWC_WM/F_S_WWC_WM_317_norm.stl,pointclouds/F_S_WWC_WM/F_S_WWC_WM_317_pc.ply,7.61576,-2.08584,9.25048,-2.06074,2.49,-1.58,-4.10263,3.0795,-46.0045,-67.3735,-4.60972,0.2,16.1855,0.9,20.6025,1.67658,19.365,-15.7141,21.149,-10.3004,24.0031,-19.194,139.083
F_S_WWC_WM_318,F_S_WWC_WM,test,0.23659429733887,0.02449933948943999,-0.0307042295006245,-0.163051757089701,0.132347527588039,0.10355,0.0899031289431622,0.1359789462571247,0.9999509100413156,0.44897786809362,0.3028782295285084,raw_stl/F_S_WWC_WM/F_S_WWC_WM_318.stl,normalized/F_S_WWC_WM/F_S_WWC_WM_318_norm.stl,pointclouds/F_S_WWC_WM/F_S_WWC_WM_318_pc.ply,-7.13859,-7.36357,5.34268,-11.6574,0.47,1.47,13.9392,6.43901,-19.921,141.354,-0.925265,0.1,28.0516,0.1,-9.03067,16.2567,23.6412,29.0546,77.0487,45.2412,56.0321,52.1454,-103.728
F_S_WWC_WM_319,F_S_WWC_WM,train,0.233300805282392,0.02528980729261129,0.0109369039051461,-0.059689152267774,0.0706260561714285,0.1084,0.0957368351371414,0.1423392657152147,0.99991970862142,0.4674787314130132,0.3045073191212469,raw_stl/F_S_WWC_WM/F_S_WWC_WM_319.stl,normalized/F_S_WWC_WM/F_S_WWC_WM_319_norm.stl,pointclouds/F_S_WWC_WM/F_S_WWC_WM_319_pc.ply,3.81305,-6.73659,0.517518,-3.31192,0.7,2.46,6.73566,0.550374,12.9162,-20.6931,-0.33828,-0.2,36.5894,-0.1,-10.0766,28.3408,12.2312,22.4806,-51.1018,13.642,17.3783,-45.6562,-68.1126
F_S_WWC_WM_320,F_S_WWC_WM,test,0.265657190897009,0.02581523752541685,-0.0068064394510059,-0.0207536003049801,0.0139471608530132,0.097175,0.0809649765813666,0.1221348009513092,0.999845360256966,0.4344608407249917,0.2811615669730331,raw_stl/F_S_WWC_WM/F_S_WWC_WM_320.stl,normalized/F_S_WWC_WM/F_S_WWC_WM_320_norm.stl,pointclouds/F_S_WWC_WM/F_S_WWC_WM_320_pc.ply,8.85139,10.9891,8.31232,6.66824,-0.88,-1.62,-5.18334,-0.338092,26.2574,-11.2609,-9.86611,0.3,-1.75144,0.8,-23.355,23.6506,10.633,46.2599,110.729,-46.2295,62.7956,9.03106,27.4284
F_S_WWC_WM_321,F_S_WWC_WM,train,0.252165471950166,0.02454830869434866,-0.0135173925635707,-0.0435894420900332,0.0300720495278571,0.09735,0.0818988601885494,0.1279784145342516,0.99990767134656,0.4510224705765173,0.2837779491039438,raw_stl/F_S_WWC_WM/F_S_WWC_WM_321.stl,normalized/F_S_WWC_WM/F_S_WWC_WM_321_norm.stl,pointclouds/F_S_WWC_WM/F_S_WWC_WM_321_pc.ply,12.5445,12.6951,-6.15302,-7.76348,0.55,1.74,-8.52558,1.97035,17.3019,14.8661,-1.22459,0.2,6.00033,0.1,49.5611,28.8385,21.8699,-10.4114,69.1513,6.19894,36.3244,-35.4888,138.52
F_S_WWC_WM_322,F_S_WWC_WM,train,0.25088957557475,0.02500114620602384,-0.0381230313603588,-0.0605727743491694,0.0224497429908936,0.09965,0.0838237214159045,0.1303721847571951,0.9998636482297948,0.4533050160449405,0.2876428873371,raw_stl/F_S_WWC_WM/F_S_WWC_WM_322.stl,normalized/F_S_WWC_WM/F_S_WWC_WM_322_norm.stl,pointclouds/F_S_WWC_WM/F_S_WWC_WM_322_pc.ply,8.38386,14.7945,-5.51231,-19.3203,1.1,1.41,17.4485,1.14789,-5.2707,-75.8094,-2.37348,0.3,-13.5945,0.5,0.769032,-5.27623,17.6737,2.71491,1.92591,-49.3805,42.7231,-43.8154,-152.187
F_S_WWC_WM_323,F_S_WWC_WM,train,0.235501397813953,0.026476244649233663,-0.102778687273089,-0.209885282621262,0.107106595369767,0.112425,0.0985928554697383,0.1475400286795527,0.999834576668044,0.4873561425134896,0.3027856354076677,raw_stl/F_S_WWC_WM/F_S_WWC_WM_323.stl,normalized/F_S_WWC_WM/F_S_WWC_WM_323_norm.stl,pointclouds/F_S_WWC_WM/F_S_WWC_WM_323_pc.ply,-5.30894,0.454952,1.94322,-8.72595,1.74,0.02,15.0607,7.79115,-36.3385,38.5029,-5.37978,0.2,-33.5641,-0.1,-19.359,20.1422,-26.5341,-2.38861,107.976,0.272774,145.939,44.065,-130.157
F_S_WWC_WM_324,F_S_WWC_WM,train,0.265374304671096,0.03325140037528833,0.0256776650696146,-0.151017935232558,0.176695600275747,0.1253,0.1096085889714669,0.1618936355146721,0.9999933366640036,0.4949734456959286,0.3270775749311697,raw_stl/F_S_WWC_WM/F_S_WWC_WM_324.stl,normalized/F_S_WWC_WM/F_S_WWC_WM_324_norm.stl,pointclouds/F_S_WWC_WM/F_S_WWC_WM_324_pc.ply,-4.83583,0.386117,-4.20175,6.9087,-0.78,-1.29,12.5627,8.73415,34.2574,123.084,-4.90479,-0.3,-13.3259,-0.2,-7.47745,22.7164,-14.858,40.447,-4.02362,-13.3279,107.342,67.5647,-174.355
F_S_WWC_WM_325,F_S_WWC_WM,train,0.212468213764119,0.02342462056749412,-0.0870104598524916,-0.105499793370099,0.0184893335222591,0.11025,0.0936157703507046,0.1419277879588138,0.9998743512802336,0.4718256194819717,0.3008433993060748,raw_stl/F_S_WWC_WM/F_S_WWC_WM_325.stl,normalized/F_S_WWC_WM/F_S_WWC_WM_325_norm.stl,pointclouds/F_S_WWC_WM/F_S_WWC_WM_325_pc.ply,4.07337,-1.68879,17.7434,9.36038,-0.28,0.22,16.0067,-4.30345,-39.061,115.842,-1.75331,0.2,-31.0162,0.4,31.4591,-4.4384,2.72946,3.17062,-45.501,-49.6043,91.7901,-7.28688,-197.095
F_S_WWC_WM_326,F_S_WWC_WM,train,0.272803590086378,0.02987199311445839,-0.0024717881647142,-0.174478477887043,0.172006689691029,0.1095,0.0918044342291941,0.1399065040842531,0.9999726586818624,0.4455765649027202,0.313998402154804,raw_stl/F_S_WWC_WM/F_S_WWC_WM_326.stl,normalized/F_S_WWC_WM/F_S_WWC_WM_326_norm.stl,pointclouds/F_S_WWC_WM/F_S_WWC_WM_326_pc.ply,-6.56367,2.12519,-5.37,18.0683,1.7,0.52,9.21375,-4.12848,3.3539,120.117,-8.1582,-0.3,32.2854,0.4,1.05815,-13.5381,7.29631,20.9863,-0.540366,-0.709251,29.8651,56.0198,99.8328
F_S_WWC_WM_327,F_S_WWC_WM,train,0.245879594382059,0.026475085325088205,-0.0063697656443245,-0.113385981789701,0.107016216170099,0.107675,0.0912297726991444,0.1418830079682824,0.9994266386453708,0.467909548732999,0.3034013844260683,raw_stl/F_S_WWC_WM/F_S_WWC_WM_327.stl,normalized/F_S_WWC_WM/F_S_WWC_WM_327_norm.stl,pointclouds/F_S_WWC_WM/F_S_WWC_WM_327_pc.ply,1.0805,2.27971,10.2434,-18.5218,1.89,-1.4,2.07114,1.96365,-7.87191,-22.6639,1.87187,0.4,-39.4617,0.6,-11.659,16.0878,29.4995,25.2039,42.623,-28.9677,70.601,65.4928,117.88
F_S_WWC_WM_328,F_S_WWC_WM,train,0.260426595504983,0.02870552148953675,-0.0832129895933554,-0.144778948289036,0.0615659587225581,0.110225,0.0931456765519262,0.1395114738649584,0.9999403255162028,0.4724088683703803,0.2953369612180825,raw_stl/F_S_WWC_WM/F_S_WWC_WM_328.stl,normalized/F_S_WWC_WM/F_S_WWC_WM_328_norm.stl,pointclouds/F_S_WWC_WM/F_S_WWC_WM_328_pc.ply,-4.64991,10.8228,17.6653,0.627791,0.52,0.86,17.6039,6.51122,29.2445,87.3078,-0.222949,0.3,-10.855,0.0,33.0101,-13.448,24.0058,26.2915,-57.4584,29.8563,68.4703,-53.6718,-138.686
F_S_WWC_WM_329,F_S_WWC_WM,train,0.265718271521594,0.03058417305213547,-0.0240539763809568,-0.105344210397009,0.0812902340106312,0.1151,0.1005820009234613,0.1475716823089526,0.9998622183874166,0.5051511561764237,0.2921739680699052,raw_stl/F_S_WWC_WM/F_S_WWC_WM_329.stl,normalized/F_S_WWC_WM/F_S_WWC_WM_329_norm.stl,pointclouds/F_S_WWC_WM/F_S_WWC_WM_329_pc.ply,-0.691483,7.53214,19.0643,-8.45043,2.4,1.45,6.47098,0.429876,30.7141,-5.30879,-3.02358,-0.1,-0.615178,-0.2,59.2509,-17.9923,-4.91649,30.5582,21.8469,41.0286,133.31,-45.1614,93.6969
F_S_WWC_WM_330,F_S_WWC_WM,train,0.228972335916943,0.02614864076171489,-0.0377327050110352,-0.0472889213089701,0.0095562162983488,0.1142,0.0953637676030915,0.1468152219692364,0.9999136497265716,0.4879846177101058,0.3008863297527653,raw_stl/F_S_WWC_WM/F_S_WWC_WM_330.stl,normalized/F_S_WWC_WM/F_S_WWC_WM_330_norm.stl,pointclouds/F_S_WWC_WM/F_S_WWC_WM_330_pc.ply,14.8494,9.39904,19.7403,3.21728,-0.57,-1.04,-6.42852,1.36552,5.1957,2.28945,3.5865,0.4,25.6196,-0.2,9.98785,7.33804,-22.1975,7.2693,3.22246,21.3981,106.687,18.9376,126.947
F_S_WWC_WM_331,F_S_WWC_WM,train,0.245596903946843,0.0223738779495574,-0.0431707073054817,-0.0019046785834205,-0.0412660287208305,0.0911,0.0777396210783374,0.1157912610878566,0.999915357748026,0.4022082042859748,0.2879132288118442,raw_stl/F_S_WWC_WM/F_S_WWC_WM_331.stl,normalized/F_S_WWC_WM/F_S_WWC_WM_331_norm.stl,pointclouds/F_S_WWC_WM/F_S_WWC_WM_331_pc.ply,10.586,1.00995,13.4826,7.96967,-1.17,2.11,8.3587,-2.22128,-37.8606,130.283,-10.4429,0.0,36.9015,-0.2,28.13,-10.284,-23.7288,42.5289,100.212,-19.3371,-51.3009,-20.6588,45.6537
F_S_WWC_WM_332,F_S_WWC_WM,train,0.214398603465116,0.023471287114343573,-0.0683935776033222,-0.0728346148352159,0.0044410372370913,0.109475,0.0942533140111243,0.1412813835660041,0.999916630700482,0.4704243247314283,0.3003525873342176,raw_stl/F_S_WWC_WM/F_S_WWC_WM_332.stl,normalized/F_S_WWC_WM/F_S_WWC_WM_332_norm.stl,pointclouds/F_S_WWC_WM/F_S_WWC_WM_332_pc.ply,5.63807,-3.43814,15.7931,7.30633,-1.77,0.27,12.0608,4.74947,8.21663,-92.2399,-1.37703,0.4,-20.162,-0.3,-16.1026,-18.8859,-4.59733,-1.33546,6.68258,-17.6554,55.4154,-13.9458,81.3644
F_S_WWC_WM_333,F_S_WWC_WM,train,0.272616165681063,0.025523688511889523,0.10892157641196,-0.0025245666106345,0.111446143015282,0.093625,0.0787007264106605,0.1220483829679996,0.9999510256691676,0.4045215498006879,0.3017252370331512,raw_stl/F_S_WWC_WM/F_S_WWC_WM_333.stl,normalized/F_S_WWC_WM/F_S_WWC_WM_333_norm.stl,pointclouds/F_S_WWC_WM/F_S_WWC_WM_333_pc.ply,13.545,9.84003,0.908839,-4.03165,1.8,0.42,2.37659,9.8686,17.4565,-66.3368,2.20959,-0.3,-5.60642,0.5,-21.1481,4.99187,0.530137,23.0463,80.7643,41.6849,-46.2898,42.675,-162.86
F_S_WWC_WM_334,F_S_WWC_WM,train,0.231836037754152,0.02682922546909924,0.0428495032151162,-0.0715343375398671,0.114383840770764,0.115725,0.1004610932434444,0.1466879642048285,0.999977591430833,0.4908169493445746,0.2988716089404992,raw_stl/F_S_WWC_WM/F_S_WWC_WM_334.stl,normalized/F_S_WWC_WM/F_S_WWC_WM_334_norm.stl,pointclouds/F_S_WWC_WM/F_S_WWC_WM_334_pc.ply,10.2953,-5.80348,-3.97651,19.4906,2.36,2.25,7.57503,5.91881,26.0856,-63.4925,-3.96946,0.0,-1.0535,0.4,3.07575,11.0792,-18.3488,19.8868,1.11919,6.08968,146.432,-4.69452,63.7962
F_S_WWC_WM_335,F_S_WWC_WM,test,0.259502953186046,0.028149582846856338,0.0232298652127607,-0.0707675489468438,0.093997414154485,0.108475,0.0939898593015624,0.1370929504737155,0.9999585416256336,0.4497994566437227,0.3047994663737824,raw_stl/F_S_WWC_WM/F_S_WWC_WM_335.stl,normalized/F_S_WWC_WM/F_S_WWC_WM_335_norm.stl,pointclouds/F_S_WWC_WM/F_S_WWC_WM_335_pc.ply,3.98138,6.02578,-6.42705,16.6888,2.2,0.76,-5.08257,4.75031,-28.8902,-64.0702,-0.873988,0.0,-0.141037,-0.2,-24.2463,-1.57356,17.7967,41.1256,6.30713,43.0354,26.0093,-20.4731,-105.964
F_S_WWC_WM_336,F_S_WWC_WM,train,0.253176030627906,0.025254309055133626,-0.0923787016461794,-0.127901383401993,0.0355226817662226,0.09975,0.0859376410749639,0.1299090098638465,0.9999481522401124,0.4384045634911314,0.2963375761184647,raw_stl/F_S_WWC_WM/F_S_WWC_WM_336.stl,normalized/F_S_WWC_WM/F_S_WWC_WM_336_norm.stl,pointclouds/F_S_WWC_WM/F_S_WWC_WM_336_pc.ply,-2.73459,14.4885,10.9803,10.2719,-1.24,-0.52,6.01954,1.49856,-27.3903,-32.6618,-13.7654,-0.3,-23.7475,-0.2,19.542,1.1944,-22.9689,-4.66281,91.8881,-35.7358,-0.687429,-10.0153,130.385
F_S_WWC_WM_337,F_S_WWC_WM,train,0.230670410179401,0.020425864821385958,-0.0276025056116279,-0.0762715142684385,0.0486690086591362,0.08855,0.0744690188322397,0.1123020406937686,0.99983320755766,0.3939243028101675,0.2851328901235005,raw_stl/F_S_WWC_WM/F_S_WWC_WM_337.stl,normalized/F_S_WWC_WM/F_S_WWC_WM_337_norm.stl,pointclouds/F_S_WWC_WM/F_S_WWC_WM_337_pc.ply,0.485376,-1.79022,10.28,19.1819,1.43,0.77,-9.89439,5.46766,32.0757,35.6164,-5.95721,0.8,-32.9958,0.1,54.4999,-11.8715,-27.5163,12.0772,120.104,25.6094,-5.39398,26.8087,-29.4378
F_S_WWC_WM_338,F_S_WWC_WM,train,0.230273393760797,0.023505156668133353,-0.046677501710299,-0.058896919878073,0.0122194181718614,0.102075,0.0851048515088293,0.1355505962047639,0.9999780634804896,0.439498435090079,0.3084278781345585,raw_stl/F_S_WWC_WM/F_S_WWC_WM_338.stl,normalized/F_S_WWC_WM/F_S_WWC_WM_338_norm.stl,pointclouds/F_S_WWC_WM/F_S_WWC_WM_338_pc.ply,9.48387,10.1073,-4.88153,-5.45173,0.41,-1.04,17.1947,9.88094,40.1886,124.721,-2.73426,0.0,35.3009,0.2,-11.5755,-4.24152,-20.2315,7.9137,4.24155,-12.8859,-23.1748,30.6879,106.988
F_S_WWC_WM_339,F_S_WWC_WM,train,0.23117305592691,0.023689458906110104,-0.0080349012301611,-0.0886151104920265,0.0805802092488372,0.102475,0.0865028520107149,0.1334682466361864,0.9998536533299174,0.4424620587565063,0.3016931722999056,raw_stl/F_S_WWC_WM/F_S_WWC_WM_339.stl,normalized/F_S_WWC_WM/F_S_WWC_WM_339_norm.stl,pointclouds/F_S_WWC_WM/F_S_WWC_WM_339_pc.ply,5.3344,-4.93146,-1.42886,9.92113,1.23,1.59,18.414,-0.402171,-35.055,35.2679,-10.0082,-0.1,-15.7797,0.4,7.30739,-12.2769,-25.0979,-9.78623,7.27882,-43.5174,5.60799,2.94371,133.222
F_S_WWC_WM_340,F_S_WWC_WM,train,0.220191967192691,0.019833791444881642,-0.0511119001242524,-0.101743051184053,0.0506311510621594,0.090075,0.0760021674023055,0.1190273620704464,0.9996544308794708,0.4087166468959787,0.2913228745990005,raw_stl/F_S_WWC_WM/F_S_WWC_WM_340.stl,normalized/F_S_WWC_WM/F_S_WWC_WM_340_norm.stl,pointclouds/F_S_WWC_WM/F_S_WWC_WM_340_pc.ply,-2.32102,-4.42296,11.3489,-4.67531,0.35,0.51,19.2499,9.51431,-38.2635,-27.3067,-6.39124,0.0,5.58556,0.4,30.9092,-19.2919,-24.9713,-20.4376,109.759,26.0964,-15.7481,43.5469,-43.7585
F_S_WWC_WM_341,F_S_WWC_WM,train,0.25101878630897,0.024744176860406718,-0.0579110032119601,-0.130617619734219,0.0727066165199335,0.098575,0.0862949157937928,0.1263719630265043,0.99979758736046,0.4390069108577975,0.2879169880053784,raw_stl/F_S_WWC_WM/F_S_WWC_WM_341.stl,normalized/F_S_WWC_WM/F_S_WWC_WM_341_norm.stl,pointclouds/F_S_WWC_WM/F_S_WWC_WM_341_pc.ply,-4.97236,-2.65602,12.0259,5.49031,1.14,-0.26,14.4313,0.521936,-47.0265,-14.4551,-0.0769903,-0.2,-35.4985,0.1,26.629,24.0664,-5.97266,36.6956,54.2156,-0.225372,-4.61546,-57.6878,139.751
F_S_WWC_WM_342,F_S_WWC_WM,val,0.228385093730897,0.01953834476867824,-0.0730747556106312,-0.131227580116279,0.0581528244833887,0.08555,0.069900868034999,0.1081063928599835,0.9996905215865556,0.3810292169444834,0.2838098891193021,raw_stl/F_S_WWC_WM/F_S_WWC_WM_342.stl,normalized/F_S_WWC_WM/F_S_WWC_WM_342_norm.stl,pointclouds/F_S_WWC_WM/F_S_WWC_WM_342_pc.ply,-5.87982,0.191741,10.0661,18.8625,-1.35,1.12,-0.942221,1.21741,-20.3879,-71.8895,-9.90453,0.4,-10.8872,1.0,24.3726,23.1316,1.66263,4.7929,108.891,-30.0856,-14.4892,61.5793,-181.206
F_S_WWC_WM_343,F_S_WWC_WM,train,0.246691015624584,0.023053275410117376,-0.16868532544186,-0.15907032395681,-0.0096150015034418,0.09345,0.0809621735667452,0.1245086964371981,0.9999312619266992,0.446960738061253,0.2785865623310532,raw_stl/F_S_WWC_WM/F_S_WWC_WM_343.stl,normalized/F_S_WWC_WM/F_S_WWC_WM_343_norm.stl,pointclouds/F_S_WWC_WM/F_S_WWC_WM_343_pc.ply,-6.32991,3.83745,12.0419,-18.8721,0.37,0.59,19.0692,3.6922,49.2893,10.2517,-14.5269,-0.1,-28.5063,0.7,18.6404,-4.18289,-0.660401,-14.5609,87.0901,-18.5243,39.3032,-43.6017,103.999
F_S_WWC_WM_344,F_S_WWC_WM,test,0.252734307900332,0.027080481091520576,-0.120695844809966,-0.111768936493687,-0.0089269083125581,0.10715,0.0894854448883811,0.1343679765287618,0.9998976987073231,0.4490056776949023,0.2992873601125067,raw_stl/F_S_WWC_WM/F_S_WWC_WM_344.stl,normalized/F_S_WWC_WM/F_S_WWC_WM_344_norm.stl,pointclouds/F_S_WWC_WM/F_S_WWC_WM_344_pc.ply,6.20808,3.31576,10.7985,18.3301,1.59,-0.22,-9.25067,7.64278,-33.4666,-80.1042,-13.7773,0.8,14.493,0.5,-4.22358,-2.01732,-23.6194,38.4497,-28.5142,27.4636,81.5825,37.0564,-60.7902
F_S_WWC_WM_345,F_S_WWC_WM,train,0.248534561661129,0.025636340035345456,0.040033476787794,-0.105958551567441,0.145992028380066,0.10315,0.0874245326726407,0.1306833182523101,0.99988166732237,0.4370105720749564,0.299074650685999,raw_stl/F_S_WWC_WM/F_S_WWC_WM_345.stl,normalized/F_S_WWC_WM/F_S_WWC_WM_345_norm.stl,pointclouds/F_S_WWC_WM/F_S_WWC_WM_345_pc.ply,-1.85554,8.41772,-1.75644,19.7768,1.18,0.84,-7.25578,-0.353245,47.9153,-39.5349,4.59889,0.1,-8.2692,-0.2,9.52686,10.5311,-9.7603,1.06402,98.9452,43.2338,39.8811,29.0997,105.553
F_S_WWC_WM_346,F_S_WWC_WM,train,0.26969870936877,0.027502525887880318,-0.0015118102125737,-0.0749519555,0.0734401452887043,0.101975,0.0821047335766065,0.1308569989034059,0.99972887086786,0.4354345556198801,0.3006019756141181,raw_stl/F_S_WWC_WM/F_S_WWC_WM_346.stl,normalized/F_S_WWC_WM/F_S_WWC_WM_346_norm.stl,pointclouds/F_S_WWC_WM/F_S_WWC_WM_346_pc.ply,0.332503,14.4037,3.7594,-8.62491,-0.18,-1.63,10.5353,-2.02046,43.0641,-81.4516,-1.31163,0.6,8.83937,0.3,43.6951,-10.0433,-12.4623,32.8625,5.32761,34.0184,-5.04661,59.5482,114.208
F_S_WWC_WM_347,F_S_WWC_WM,train,0.278393754332225,0.026113334156362706,-0.101522547390033,-0.0812238512870432,-0.02029869609298,0.0938,0.0744832950039553,0.1164308304617684,0.9999290386193564,0.4005045047247661,0.2907310448869923,raw_stl/F_S_WWC_WM/F_S_WWC_WM_347.stl,normalized/F_S_WWC_WM/F_S_WWC_WM_347_norm.stl,pointclouds/F_S_WWC_WM/F_S_WWC_WM_347_pc.ply,-0.473037,13.6551,7.28715,16.4632,0.22,-0.19,12.8766,2.85356,4.80683,33.4018,-9.65864,0.8,-5.18552,0.7,-2.02852,12.7063,-27.6812,26.796,-52.7742,9.3598,-55.2232,-19.4294,83.5642
F_S_WWC_WM_348,F_S_WWC_WM,test,0.237153976970099,0.02760472291931952,-0.131649474401993,-0.181865246873754,0.0502157724710963,0.1164,0.0992259845739119,0.1498084511294534,0.9999088162379346,0.4902094213120995,0.3056287903898173,raw_stl/F_S_WWC_WM/F_S_WWC_WM_348.stl,normalized/F_S_WWC_WM/F_S_WWC_WM_348_norm.stl,pointclouds/F_S_WWC_WM/F_S_WWC_WM_348_pc.ply,-5.85281,-0.783989,12.9271,-7.69095,-0.53,0.94,-2.30362,8.23073,40.9023,-23.8102,-6.41938,0.7,20.1726,-0.4,58.9702,-16.0472,-16.7554,12.5853,-2.22323,-9.7414,134.9,54.518,-82.9837
F_S_WWC_WM_349,F_S_WWC_WM,train,0.243744842504983,0.02592226400040494,-0.0769329567501661,-0.0904406748624584,0.0135077181106112,0.10635,0.0904475468206623,0.1352488061493758,0.9999362819554528,0.4502179679404332,0.3004265358548954,raw_stl/F_S_WWC_WM/F_S_WWC_WM_349.stl,normalized/F_S_WWC_WM/F_S_WWC_WM_349_norm.stl,pointclouds/F_S_WWC_WM/F_S_WWC_WM_349_pc.ply,3.15792,3.73065,14.0155,5.3823,-1.46,1.07,8.93641,9.84712,45.6116,94.9647,-12.5037,0.3,31.5435,-0.3,14.5889,24.7076,14.4955,25.993,97.8507,28.831,81.1154,56.449,-131.02
F_S_WWC_WM_350,F_S_WWC_WM,test,0.211277115405315,0.021904154939646033,-0.0052380911448139,-0.045646641164784,0.0404085500249169,0.103675,0.0894471735094223,0.1373248835811277,0.9995932393861138,0.4452670171914561,0.3085356861413971,raw_stl/F_S_WWC_WM/F_S_WWC_WM_350.stl,normalized/F_S_WWC_WM/F_S_WWC_WM_350_norm.stl,pointclouds/F_S_WWC_WM/F_S_WWC_WM_350_pc.ply,13.4581,-6.79542,14.6127,-6.74857,-1.29,0.23,-4.2173,7.70076,-33.602,70.9935,3.60083,-0.2,18.5584,-0.3,-2.61646,13.3578,12.8251,-16.8857,15.2655,36.0278,-19.5615,-0.651336,-31.0973
F_S_WWC_WM_351,F_S_WWC_WM,train,0.229923010960132,0.02290033189162915,-0.0382095059789402,-0.066232032785382,0.0280225268102591,0.0996,0.0849991009279819,0.1268697389679814,0.999790074720097,0.4383850629532073,0.2894632788597975,raw_stl/F_S_WWC_WM/F_S_WWC_WM_351.stl,normalized/F_S_WWC_WM/F_S_WWC_WM_351_norm.stl,pointclouds/F_S_WWC_WM/F_S_WWC_WM_351_pc.ply,4.84757,13.0059,1.74703,17.24,-0.08,2.15,-0.147528,-4.09049,-3.75876,53.2789,-0.817519,0.3,-30.181,-0.2,-16.495,0.833722,15.4496,5.29214,127.109,-7.53458,41.0008,-13.3508,143.872
F_S_WWC_WM_352,F_S_WWC_WM,train,0.265684247504983,0.025910856237923465,-0.135298904527907,-0.0975114915245847,-0.0377874129818073,0.097525,0.0805223642128266,0.1231888864138459,0.9997064385379186,0.4296871337567109,0.286778567152895,raw_stl/F_S_WWC_WM/F_S_WWC_WM_352.stl,normalized/F_S_WWC_WM/F_S_WWC_WM_352_norm.stl,pointclouds/F_S_WWC_WM/F_S_WWC_WM_352_pc.ply,-3.17322,14.2414,18.4322,8.29903,-0.4,0.4,-1.5856,-1.71998,-30.0122,22.9067,-0.300608,0.8,1.8745,-0.1,31.6455,28.8627,10.7747,41.7755,47.9311,-13.8272,30.106,7.57855,78.6861
F_S_WWC_WM_353,F_S_WWC_WM,train,0.230527068817275,0.024493501061835468,0.030411191960186,-0.0482418720305647,0.0786530639953488,0.10625,0.0922258896856933,0.1372072176735339,0.9998248484879396,0.4806935087806512,0.2854859727215156,raw_stl/F_S_WWC_WM/F_S_WWC_WM_353.stl,normalized/F_S_WWC_WM/F_S_WWC_WM_353_norm.stl,pointclouds/F_S_WWC_WM/F_S_WWC_WM_353_pc.ply,9.31104,-7.39272,11.1683,-11.9741,1.12,0.99,-6.9402,1.60513,15.4103,89.1901,-0.0932664,0.4,-23.4371,0.3,53.8794,29.653,-21.9431,15.099,81.5343,-17.0359,149.714,-5.61891,-55.1418
F_S_WWC_WM_354,F_S_WWC_WM,train,0.239036594960132,0.024292093962823412,-0.0094913673986727,-0.0330315198196345,0.0235401524225229,0.101625,0.0899517593090221,0.1307303147287714,0.9999586365332584,0.4539606224943784,0.2879891249005771,raw_stl/F_S_WWC_WM/F_S_WWC_WM_354.stl,normalized/F_S_WWC_WM/F_S_WWC_WM_354_norm.stl,pointclouds/F_S_WWC_WM/F_S_WWC_WM_354_pc.ply,8.12596,-6.67286,11.9785,-8.98283,-0.81,-0.39,-6.73768,6.1938,11.4337,118.117,-7.99107,-0.4,27.7914,0.2,-17.5656,14.8317,20.758,43.3811,58.1828,-49.8203,41.3639,-58.6145,-116.689
F_S_WWC_WM_355,F_S_WWC_WM,train,0.224490071421926,0.02063624981546055,0.0190228009454717,-0.066366904044186,0.0853897049843853,0.091925,0.080388472162216,0.1225188623449484,0.9998391411674672,0.4243919394589501,0.2887391638801754,raw_stl/F_S_WWC_WM/F_S_WWC_WM_355.stl,normalized/F_S_WWC_WM/F_S_WWC_WM_355_norm.stl,pointclouds/F_S_WWC_WM/F_S_WWC_WM_355_pc.ply,1.86703,-4.6621,13.6343,-8.14613,1.76,0.97,-5.45151,-4.4013,-8.60109,-17.3792,2.94954,-0.4,0.157388,0.4,56.3069,18.612,26.8253,8.11013,123.199,27.7021,14.3116,17.2681,-122.695
F_S_WWC_WM_356,F_S_WWC_WM,train,0.22361249010299,0.023971258939040528,0.0125405991074405,-0.152236108159468,0.164776707269102,0.1072,0.0934771417243374,0.1429386983359676,0.999794322131903,0.4707310977122507,0.3037150177788731,raw_stl/F_S_WWC_WM/F_S_WWC_WM_356.stl,normalized/F_S_WWC_WM/F_S_WWC_WM_356_norm.stl,pointclouds/F_S_WWC_WM/F_S_WWC_WM_356_pc.ply,-3.61504,-6.45093,14.4931,-9.03637,2.29,0.02,19.7522,0.491693,33.3304,57.6658,2.88953,-0.2,-7.56957,0.6,33.2672,7.07684,6.21442,4.68908,94.3988,-17.869,119.175,86.2322,-31.641
F_S_WWC_WM_357,F_S_WWC_WM,train,0.251127023172757,0.026939651410857503,-0.0979954361255814,-0.0453283467554817,-0.052667089350598,0.107275,0.0884315584896544,0.1430919657372287,0.9998597933615858,0.4549245359066616,0.3145841116456593,raw_stl/F_S_WWC_WM/F_S_WWC_WM_357.stl,normalized/F_S_WWC_WM/F_S_WWC_WM_357_norm.stl,pointclouds/F_S_WWC_WM/F_S_WWC_WM_357_pc.ply,11.617,13.9885,17.05,-13.2253,-1.5,1.66,11.107,-2.93264,-24.6629,82.7019,-5.0181,-0.3,25.4068,0.6,13.5794,22.8491,-1.31774,-23.5018,-50.562,-34.3143,18.7359,53.2325,-132.207
F_S_WWC_WM_358,F_S_WWC_WM,train,0.260775815063122,0.032231890741801876,0.0374397190884036,-0.0757862306481727,0.113225949745514,0.1236,0.1052950186515364,0.1573174949415688,0.9994810942025252,0.4976010724288007,0.3163159788126626,raw_stl/F_S_WWC_WM/F_S_WWC_WM_358.stl,normalized/F_S_WWC_WM/F_S_WWC_WM_358_norm.stl,pointclouds/F_S_WWC_WM/F_S_WWC_WM_358_pc.ply,5.4187,10.0552,6.49443,-6.61939,1.35,-1.19,7.91727,4.18703,-39.5568,64.7429,0.421409,0.5,-9.20463,-0.2,-15.5479,20.8719,25.304,53.7426,10.2358,39.7311,137.682,61.7457,-176.855
F_S_WWC_WM_359,F_S_WWC_WM,train,0.247868486963455,0.02461953746764517,-0.0210280965224617,-0.110075404112292,0.0890473075910299,0.099325,0.0848253904758622,0.1296789641555706,0.9998503145924512,0.4274643889025231,0.3034132935450964,raw_stl/F_S_WWC_WM/F_S_WWC_WM_359.stl,normalized/F_S_WWC_WM/F_S_WWC_WM_359_norm.stl,pointclouds/F_S_WWC_WM/F_S_WWC_WM_359_pc.ply,2.59026,-6.38791,-0.87376,5.30754,1.44,2.14,18.6772,-0.988683,12.4493,148.181,-7.92863,0.6,19.7468,-0.2,3.28324,-7.58902,4.13309,34.8248,96.8637,-35.3489,21.3784,69.6224,-40.2284
F_S_WWC_WM_360,F_S_WWC_WM,train,0.261488146179401,0.030907898878405202,-0.0202429937989136,-0.102703865871428,0.0824608720621262,0.1182,0.1014670722833994,0.1533216183357317,0.999832354070074,0.4902693782890275,0.3127817750438079,raw_stl/F_S_WWC_WM/F_S_WWC_WM_360.stl,normalized/F_S_WWC_WM/F_S_WWC_WM_360_norm.stl,pointclouds/F_S_WWC_WM/F_S_WWC_WM_360_pc.ply,-0.747814,3.04446,16.0419,0.165864,2.39,0.5,-8.6869,0.906423,-38.7447,-36.1935,-12.3884,0.0,-14.9819,0.3,11.616,27.2134,0.347212,20.2945,-5.06857,42.9073,126.505,57.9219,-187.497
F_S_WWC_WM_361,F_S_WWC_WM,train,0.23109821782392,0.02175211975267647,-0.0531909173934325,-0.0938157103877076,0.040624792981794,0.094125,0.0769032121725221,0.1200828469188608,0.9992939271255484,0.4051293667100591,0.2966156095863292,raw_stl/F_S_WWC_WM/F_S_WWC_WM_361.stl,normalized/F_S_WWC_WM/F_S_WWC_WM_361_norm.stl,pointclouds/F_S_WWC_WM/F_S_WWC_WM_361_pc.ply,2.8104,-0.664165,11.7988,18.3652,2.35,0.01,19.6107,-2.17657,17.7035,78.4531,-13.3023,0.6,-5.00691,0.2,18.0641,12.4071,-13.5425,-20.7425,86.7176,-1.78125,-13.2865,54.3636,136.244
F_S_WWC_WM_362,F_S_WWC_WM,train,0.26139123385382,0.025884266932374528,0.0247611015660298,-0.0526219373990033,0.0773830389601328,0.099025,0.084502254358424,0.1288433159944921,0.9999254199228522,0.4389148532747005,0.2935715774808808,raw_stl/F_S_WWC_WM/F_S_WWC_WM_362.stl,normalized/F_S_WWC_WM/F_S_WWC_WM_362_norm.stl,pointclouds/F_S_WWC_WM/F_S_WWC_WM_362_pc.ply,1.20711,9.41738,9.5308,-1.07127,2.47,2.5,7.22347,4.91627,34.773,120.828,2.76623,-0.2,6.46758,0.4,58.695,11.5283,6.77011,18.7916,44.542,3.2606,36.7026,-6.36975,-198.146
F_S_WWC_WM_363,F_S_WWC_WM,train,0.260025972737541,0.026509647920592308,0.0126783572234053,-0.0191989360092807,0.0318772932311305,0.10195,0.0844194013549049,0.1285696062172551,0.9999148315317564,0.4600541772505753,0.279490033097399,raw_stl/F_S_WWC_WM/F_S_WWC_WM_363.stl,normalized/F_S_WWC_WM/F_S_WWC_WM_363_norm.stl,pointclouds/F_S_WWC_WM/F_S_WWC_WM_363_pc.ply,8.67264,9.85984,11.9546,-6.71047,2.1,0.17,14.1884,8.78816,21.4809,-0.991177,2.35115,0.5,-1.27164,0.9,25.5269,3.21889,17.3063,52.9781,60.8169,-11.0801,100.947,-5.15437,118.253
F_S_WWC_WM_364,F_S_WWC_WM,train,0.264279420637873,0.031026403982886294,-0.0031100777492126,-0.0502183876797342,0.0471083099279634,0.1174,0.1003569173443839,0.1501129259006436,0.9999582842385888,0.4907158430212069,0.3059187722830374,raw_stl/F_S_WWC_WM/F_S_WWC_WM_364.stl,normalized/F_S_WWC_WM/F_S_WWC_WM_364_norm.stl,pointclouds/F_S_WWC_WM/F_S_WWC_WM_364_pc.ply,7.98791,11.59,19.6197,-17.4366,1.57,1.81,-3.78131,-1.79265,26.9704,-63.6515,-7.73273,-0.1,28.3363,-0.2,24.8546,15.5748,-15.1906,38.8872,36.3962,5.53025,123.629,36.0543,-170.943
F_S_WWC_WM_365,F_S_WWC_WM,train,0.276987724299003,0.027027077198475215,-0.0147200471649468,-0.0825137130594684,0.0677936659178046,0.097575,0.0828499418683973,0.1237583425486313,0.9995994202824924,0.4256498632814406,0.2908680306926284,raw_stl/F_S_WWC_WM/F_S_WWC_WM_365.stl,normalized/F_S_WWC_WM/F_S_WWC_WM_365_norm.stl,pointclouds/F_S_WWC_WM/F_S_WWC_WM_365_pc.ply,-0.9414,9.16835,11.8847,1.71706,2.12,1.47,-5.33695,-4.50356,11.0413,-91.538,-8.42369,0.0,7.35728,0.1,-11.5129,-15.5052,-5.57883,45.9545,125.062,35.4192,7.74439,16.1663,-5.42799
F_S_WWC_WM_366,F_S_WWC_WM,train,0.236961091202657,0.022979301819377664,-0.078813757047176,-0.118250833375083,0.0394370763313089,0.096975,0.0836380943294785,0.125809696212159,0.9998073984432072,0.4134523613037609,0.3043492885772024,raw_stl/F_S_WWC_WM/F_S_WWC_WM_366.stl,normalized/F_S_WWC_WM/F_S_WWC_WM_366_norm.stl,pointclouds/F_S_WWC_WM/F_S_WWC_WM_366_pc.ply,-2.12652,-2.92043,10.8535,17.9469,1.78,0.46,17.5953,-0.0774861,43.2239,5.50685,-3.88322,0.3,24.4654,-0.4,44.3144,24.3002,12.5548,6.68629,6.81047,-34.7361,-31.1444,13.0898,-127.21
F_S_WWC_WM_367,F_S_WWC_WM,train,0.271690386332225,0.02634038295490921,-0.0097400195825262,-0.0441138743063122,0.034373854716598,0.09695,0.0826268170295906,0.1204296801548035,0.9995687691121014,0.4168575444141985,0.2890235217567932,raw_stl/F_S_WWC_WM/F_S_WWC_WM_367.stl,normalized/F_S_WWC_WM/F_S_WWC_WM_367_norm.stl,pointclouds/F_S_WWC_WM/F_S_WWC_WM_367_pc.ply,-1.48067,12.4366,7.94027,14.5567,-0.27,1.76,5.64358,5.75744,-20.041,36.6587,-4.19927,0.5,-30.9238,-0.3,45.4035,8.37078,-0.0114416,54.0266,27.8576,32.5931,-13.1113,-50.7219,-189.558
F_S_WWC_WM_368,F_S_WWC_WM,train,0.272871726305647,0.029367819543645257,-0.0001821693541129,-0.0802973819418604,0.0801152126008139,0.107625,0.0925893109125555,0.1390547130594291,0.999887601828366,0.4883285238123212,0.2847884928493489,raw_stl/F_S_WWC_WM/F_S_WWC_WM_368.stl,normalized/F_S_WWC_WM/F_S_WWC_WM_368_norm.stl,pointclouds/F_S_WWC_WM/F_S_WWC_WM_368_pc.ply,2.16049,14.8068,-0.445845,-9.62795,0.34,-0.69,-5.68636,-3.35797,-16.0728,36.2341,0.671944,0.0,20.4228,0.4,-23.6682,2.13762,-21.5449,36.8671,62.9398,39.3492,115.658,-41.9721,110.946
F_S_WWC_WM_369,F_S_WWC_WM,train,0.251889255255813,0.026750638908167344,-0.0357640625673421,-0.0470337519388704,0.0112696893720664,0.1062,0.091140373270256,0.1383323074429615,0.999987128689263,0.4667969918771651,0.2963474280922429,raw_stl/F_S_WWC_WM/F_S_WWC_WM_369.stl,normalized/F_S_WWC_WM/F_S_WWC_WM_369_norm.stl,pointclouds/F_S_WWC_WM/F_S_WWC_WM_369_pc.ply,14.2746,-7.30354,17.9064,-12.8253,-0.23,-1.0,14.6135,1.24,-26.7376,-31.1449,-11.5907,-0.1,30.6858,0.2,14.8051,-9.30925,24.5642,24.9023,-0.150447,-2.83929,38.6138,-14.5143,98.5961
F_S_WWC_WM_370,F_S_WWC_WM,train,0.257742395488372,0.030639127263680222,-0.0413430122475647,-0.118107940267774,0.0767649280319269,0.118875,0.101705195428618,0.153031675264274,0.9999333771783336,0.5082470039083076,0.3011171146484247,raw_stl/F_S_WWC_WM/F_S_WWC_WM_370.stl,normalized/F_S_WWC_WM/F_S_WWC_WM_370_norm.stl,pointclouds/F_S_WWC_WM/F_S_WWC_WM_370_pc.ply,0.0321028,14.4162,16.5636,4.08502,1.56,0.71,14.0934,-4.58198,-8.4606,-37.3915,3.23229,-0.3,-19.3227,0.3,1.24733,-3.34723,3.94085,-2.00967,44.1109,19.0562,148.058,8.56311,145.963
F_S_WWC_WM_371,F_S_WWC_WM,test,0.240224598093023,0.023908353125208115,-0.0386469915170664,-0.0475340204667774,0.0088870289496674,0.099525,0.0834698532187389,0.129589078267237,0.9999568337108812,0.4246258269991026,0.3051973388057893,raw_stl/F_S_WWC_WM/F_S_WWC_WM_371.stl,normalized/F_S_WWC_WM/F_S_WWC_WM_371_norm.stl,pointclouds/F_S_WWC_WM/F_S_WWC_WM_371_pc.ply,7.15261,3.67897,-7.871,1.38921,-1.15,1.98,-2.93004,8.5266,-8.92593,78.704,-12.4167,0.2,-18.5388,-0.3,47.8279,-14.9851,-18.9918,-0.384915,-12.8169,24.0643,-45.1738,-9.70051,-123.595
F_S_WWC_WM_372,F_S_WWC_WM,train,0.225528887897009,0.0256595492204822,-0.0917996095239202,-0.173387238900332,0.0815876293850498,0.113775,0.0982134847233541,0.1445313758415443,0.999951782687142,0.4772265520830912,0.3028715490813337,raw_stl/F_S_WWC_WM/F_S_WWC_WM_372.stl,normalized/F_S_WWC_WM/F_S_WWC_WM_372_norm.stl,pointclouds/F_S_WWC_WM/F_S_WWC_WM_372_pc.ply,-5.43353,2.2491,-1.59471,12.2498,-1.1,2.24,10.8492,7.42514,-29.8766,46.9333,2.22963,0.1,-28.6427,-0.4,59.5076,-7.83249,-0.704175,14.3318,-5.3357,-31.738,73.9349,-21.0844,98.1639
F_S_WWC_WM_373,F_S_WWC_WM,train,0.234764321754152,0.025806468068825156,-0.0747416929013289,-0.0899462934777408,0.0152046005760498,0.109925,0.0934039591555631,0.1420972388607217,0.9997837542393572,0.4795501253590748,0.2963777213612936,raw_stl/F_S_WWC_WM/F_S_WWC_WM_373.stl,normalized/F_S_WWC_WM/F_S_WWC_WM_373_norm.stl,pointclouds/F_S_WWC_WM/F_S_WWC_WM_373_pc.ply,2.84412,2.59603,11.6737,1.91896,1.85,0.64,19.9271,-1.72269,-11.2404,-13.1895,-12.7985,0.5,9.28576,0.3,-13.6907,-12.9642,-29.7375,-17.9474,-40.2496,41.5646,101.901,-25.429,-139.33
F_S_WWC_WM_374,F_S_WWC_WM,train,0.273305775142857,0.02552675939834284,-0.121435083393687,-0.16658813147176,0.0451530480906358,0.0934,0.0774916170446003,0.1167273969667852,0.9998774515211956,0.438911567936082,0.2659800105837294,raw_stl/F_S_WWC_WM/F_S_WWC_WM_374.stl,normalized/F_S_WWC_WM/F_S_WWC_WM_374_norm.stl,pointclouds/F_S_WWC_WM/F_S_WWC_WM_374_pc.ply,-7.86397,14.5624,14.7193,0.805103,0.64,0.14,16.359,4.12307,-5.04534,-44.7844,-9.62279,0.5,14.3055,0.8,2.88088,5.34397,8.62141,20.2547,91.4513,47.7322,87.9634,-57.3813,-7.74828
F_S_WWC_WM_375,F_S_WWC_WM,train,0.278483422973421,0.028774299678728722,-0.0429949738540465,-0.0739947157528239,0.0309997419010528,0.103325,0.0836479384368318,0.1348284863422548,0.9998716501654592,0.4286300394684834,0.3145971615633572,raw_stl/F_S_WWC_WM/F_S_WWC_WM_375.stl,normalized/F_S_WWC_WM/F_S_WWC_WM_375_norm.stl,pointclouds/F_S_WWC_WM/F_S_WWC_WM_375_pc.ply,7.84568,12.9478,-7.92613,-2.22962,-0.76,-0.79,7.5682,4.65175,8.39538,106.244,-13.9971,0.1,13.1504,0.7,55.0952,7.1754,-12.3933,37.95,-56.0634,1.94394,-18.7895,82.6033,-36.7533
F_S_WWC_WM_376,F_S_WWC_WM,train,0.247262401458471,0.02570910819164452,0.0078445663775182,-0.0481047725066445,0.0559493388817275,0.103975,0.0860726196761396,0.1359613832591681,0.999828339895822,0.4341411917860349,0.3132269616067443,raw_stl/F_S_WWC_WM/F_S_WWC_WM_376.stl,normalized/F_S_WWC_WM/F_S_WWC_WM_376_norm.stl,pointclouds/F_S_WWC_WM/F_S_WWC_WM_376_pc.ply,9.5338,-5.61979,10.4146,0.173714,0.05,2.33,-7.68093,3.21573,-39.6617,24.6649,-10.9848,-0.2,20.5469,0.7,22.7503,13.9426,-2.22478,26.7613,-29.7137,14.1063,-25.5642,73.4766,145.119
F_S_WWC_WM_377,F_S_WWC_WM,test,0.237258951634551,0.021471935122926864,-0.0875899113053156,-0.0298633212507308,-0.0577265900551495,0.0905,0.072024859444725,0.1137842991096296,0.9999505899270268,0.3960342745391453,0.2873234181823476,raw_stl/F_S_WWC_WM/F_S_WWC_WM_377.stl,normalized/F_S_WWC_WM/F_S_WWC_WM_377_norm.stl,pointclouds/F_S_WWC_WM/F_S_WWC_WM_377_pc.ply,6.86793,13.4543,16.915,15.6572,-1.28,-0.74,4.14508,5.71535,-26.2223,-53.3626,2.72893,0.7,33.5095,0.2,23.6494,9.24327,-23.2451,-11.338,105.041,6.61633,10.3986,67.1766,-147.121
F_S_WWC_WM_378,F_S_WWC_WM,train,0.258752219269102,0.02438092786063114,-0.158580736501661,-0.164219740611295,0.0056390041171794,0.094225,0.0778594870064379,0.1193061145243727,0.9995474965183012,0.4187192136217297,0.2850600629578955,raw_stl/F_S_WWC_WM/F_S_WWC_WM_378.stl,normalized/F_S_WWC_WM/F_S_WWC_WM_378_norm.stl,pointclouds/F_S_WWC_WM/F_S_WWC_WM_378_pc.ply,-6.27783,11.4331,6.66028,10.0776,-1.76,1.26,3.68875,8.27648,-48.2206,-50.8239,-10.4232,0.4,19.3068,0.3,23.2965,-3.42303,-4.24254,6.63292,-7.07266,1.38409,-18.2984,-45.4098,36.4189
F_S_WWC_WM_379,F_S_WWC_WM,train,0.226873035312292,0.019936467978067657,0.0093458004640202,-0.0664200745362126,0.0757658750039867,0.087875,0.0722524023203472,0.1146934952439607,0.9999518835540088,0.3876462044619144,0.2958858176158138,raw_stl/F_S_WWC_WM/F_S_WWC_WM_379.stl,normalized/F_S_WWC_WM/F_S_WWC_WM_379_norm.stl,pointclouds/F_S_WWC_WM/F_S_WWC_WM_379_pc.ply,4.64433,-3.60484,2.98236,7.73074,1.5,0.79,-2.86282,0.60241,-48.4737,87.8047,-3.58177,-0.4,-2.10274,1.0,-11.1022,-3.76751,-2.77237,-8.19073,102.337,-17.4333,-55.9908,52.4174,-76.5285
F_S_WWC_WM_380,F_S_WWC_WM,train,0.273726195146179,0.029425565978214243,0.014305511160681,-0.0299910606019933,0.044296571761794,0.1075,0.0889337009758675,0.1360493493745437,0.9997154312752564,0.4528728915279461,0.3004994962837708,raw_stl/F_S_WWC_WM/F_S_WWC_WM_380.stl,normalized/F_S_WWC_WM/F_S_WWC_WM_380_norm.stl,pointclouds/F_S_WWC_WM/F_S_WWC_WM_380_pc.ply,5.67397,14.5288,0.807548,-4.35435,-1.44,1.61,11.7567,9.02932,-39.7583,146.815,-0.743109,0.0,33.8092,0.3,14.2119,7.56756,27.6696,43.8311,-39.4115,7.83182,19.207,-18.9778,-60.3991
F_S_WWC_WM_381,F_S_WWC_WM,train,0.278028402521594,0.0305414200169971,-0.0109660216617202,-0.144015157488372,0.133049135842192,0.10985,0.0935815633006513,0.1467892684257123,0.9999018933888668,0.473626058235561,0.309956912808514,raw_stl/F_S_WWC_WM/F_S_WWC_WM_381.stl,normalized/F_S_WWC_WM/F_S_WWC_WM_381_norm.stl,pointclouds/F_S_WWC_WM/F_S_WWC_WM_381_pc.ply,-2.90758,9.13463,2.88421,-9.32652,1.31,-0.81,8.38636,5.5701,-31.4208,116.172,-8.47613,0.5,19.8356,-0.3,1.84827,-19.6366,-24.3739,15.1146,55.8722,30.8079,65.8409,68.4052,146.609
F_S_WWC_WM_382,F_S_WWC_WM,train,0.249720710358803,0.025640073936090097,0.0353635336047873,-0.0728938643730897,0.108257397968106,0.102675,0.0851062109289574,0.1303689771341608,0.9998231029830305,0.4304903880909306,0.302891880294617,raw_stl/F_S_WWC_WM/F_S_WWC_WM_382.stl,normalized/F_S_WWC_WM/F_S_WWC_WM_382_norm.stl,pointclouds/F_S_WWC_WM/F_S_WWC_WM_382_pc.ply,1.89212,-7.68803,2.73007,15.3968,-0.44,0.25,19.6459,-0.785801,-1.86547,-9.33251,-10.1392,0.1,10.8328,0.9,28.0148,15.8398,-8.36349,28.8714,22.4127,18.5936,49.4075,89.4154,-71.723
F_S_WWC_WM_383,F_S_WWC_WM,val,0.282794066817275,0.032535457387327486,0.0692565000153156,-0.127509976398671,0.196766476398671,0.11505,0.0984042835637348,0.1477747702335401,0.999940782379252,0.4868448467185491,0.3035536323700923,raw_stl/F_S_WWC_WM/F_S_WWC_WM_383.stl,normalized/F_S_WWC_WM/F_S_WWC_WM_383_norm.stl,pointclouds/F_S_WWC_WM/F_S_WWC_WM_383_pc.ply,-2.60186,7.7218,-7.75726,-10.7556,2.08,-0.56,-5.14719,9.28748,23.5045,-8.33879,-5.23517,0.0,-3.96847,0.3,-23.244,5.62955,27.3481,31.2438,55.5281,-49.9954,127.691,37.5974,-35.403
F_S_WWC_WM_384,F_S_WWC_WM,val,0.262510689352159,0.028705543880658588,0.0958037934568106,-0.022609707079289,0.118413500542857,0.10935,0.0914856019922784,0.1400244050725556,0.9999663203481572,0.4528862930597808,0.3091926678958285,raw_stl/F_S_WWC_WM/F_S_WWC_WM_384.stl,normalized/F_S_WWC_WM/F_S_WWC_WM_384_norm.stl,pointclouds/F_S_WWC_WM/F_S_WWC_WM_384_pc.ply,9.02383,4.63143,0.156322,4.84134,0.46,-0.15,15.2317,-3.13467,40.6232,13.3265,2.03825,0.1,-29.6662,0.7,-3.05084,-18.2612,-28.4745,54.601,23.6312,38.6043,58.2851,78.7151,-49.9506
F_S_WWC_WM_385,F_S_WWC_WM,train,0.234154917996677,0.024756028705198677,-0.0718948187451827,-0.109002717999667,0.0371078992432179,0.105725,0.0907116801271106,0.134486993015666,0.9998759520805192,0.4532160265909296,0.2967760847488221,raw_stl/F_S_WWC_WM/F_S_WWC_WM_385.stl,normalized/F_S_WWC_WM/F_S_WWC_WM_385_norm.stl,pointclouds/F_S_WWC_WM/F_S_WWC_WM_385_pc.ply,-3.14828,2.28841,6.09792,19.1134,0.82,1.78,16.2891,-4.85159,-24.4879,-30.5641,-4.13897,0.1,-3.32492,-0.1,43.0263,1.44728,-16.3899,-7.54443,-48.0185,15.0011,30.7021,-58.7705,3.85971
F_S_WWC_WM_386,F_S_WWC_WM,train,0.213717640262458,0.02149999461040327,-0.0072825920497933,-0.0924106876571428,0.0851280955936877,0.1006,0.0877940008682452,0.1318066077364878,0.9999661374291396,0.4634183838262581,0.2844321153380143,raw_stl/F_S_WWC_WM/F_S_WWC_WM_386.stl,normalized/F_S_WWC_WM/F_S_WWC_WM_386_norm.stl,pointclouds/F_S_WWC_WM/F_S_WWC_WM_386_pc.ply,0.527561,-7.91724,-3.0883,3.97372,0.16,2.44,-4.18284,-3.24658,-6.06023,70.5622,-6.94273,0.1,29.7702,0.0,54.5683,-5.53382,11.0007,-20.789,43.3021,26.5475,84.4414,-47.118,28.4923
F_S_WWC_WM_387,F_S_WWC_WM,train,0.250580365744186,0.024807456208674417,0.0713833518025963,0.0032360298301295,0.0681473219571495,0.099,0.0810105391565156,0.1248703886673378,0.9999597288161984,0.4194727320961968,0.2976961504129256,raw_stl/F_S_WWC_WM/F_S_WWC_WM_387.stl,normalized/F_S_WWC_WM/F_S_WWC_WM_387_norm.stl,pointclouds/F_S_WWC_WM/F_S_WWC_WM_387_pc.ply,14.6463,-4.16083,-5.10818,12.0063,-0.22,1.71,13.2762,4.13569,8.96469,-88.1711,-6.12789,0.1,1.04996,0.9,58.3076,-6.82119,13.1947,46.1433,-22.549,18.2405,-8.94963,40.2147,91.0721
F_S_WWC_WM_388,F_S_WWC_WM,train,0.249642967415282,0.028122280279331516,0.0135444180626544,-0.0755504222777408,0.0890948403375415,0.11265,0.0946608889418045,0.1489837714095608,0.9999225435527032,0.4851531684668867,0.3071098402344372,raw_stl/F_S_WWC_WM/F_S_WWC_WM_388.stl,normalized/F_S_WWC_WM/F_S_WWC_WM_388_norm.stl,pointclouds/F_S_WWC_WM/F_S_WWC_WM_388_pc.ply,9.93163,-5.87381,3.29697,-17.3444,1.53,0.97,3.25755,-1.24872,1.3804,-69.9979,-12.1129,0.4,-17.2391,0.5,-7.14909,-3.86524,13.856,-7.03706,-29.3629,46.9032,77.4226,40.8695,112.462
F_S_WWC_WM_389,F_S_WWC_WM,train,0.24962997636877,0.027428093653518604,-0.173732322451827,-0.200687651139534,0.0269553286859425,0.109875,0.092340469476342,0.1460619371208907,0.9998074559077303,0.450381900804689,0.3243693088887511,raw_stl/F_S_WWC_WM/F_S_WWC_WM_389.stl,normalized/F_S_WWC_WM/F_S_WWC_WM_389_norm.stl,pointclouds/F_S_WWC_WM/F_S_WWC_WM_389_pc.ply,-6.14087,6.46432,17.1183,-5.48761,-0.96,-1.53,15.7004,4.55267,-8.34048,-22.9008,-11.4772,-0.1,-10.5341,-0.1,-22.1195,-8.64281,7.92801,-14.7974,-44.3192,1.26988,-30.0556,55.2295,10.3845
F_S_WWC_WM_390,F_S_WWC_WM,test,0.241797442348837,0.029432793669912184,-0.0028856228053594,-0.0930445472913621,0.0901589244800664,0.121725,0.1060474464296207,0.1563789213968486,0.999845614102137,0.485878696883057,0.321897355920807,raw_stl/F_S_WWC_WM/F_S_WWC_WM_390.stl,normalized/F_S_WWC_WM/F_S_WWC_WM_390_norm.stl,pointclouds/F_S_WWC_WM/F_S_WWC_WM_390_pc.ply,0.1613,-1.65459,14.227,9.75977,-0.32,1.45,14.5273,7.60283,-17.6361,-77.7737,4.65238,-0.3,-24.8032,-0.1,-0.695343,12.7802,-29.8139,18.5805,-40.0792,21.4672,71.9866,31.618,-147.65
F_S_WWC_WM_391,F_S_WWC_WM,train,0.289576020299003,0.03039100333038036,0.0393705919884717,-0.0922212950528239,0.131591887043189,0.10495,0.0883668308646299,0.1333955275748531,0.9999838139560012,0.4520693722702681,0.295082336778898,raw_stl/F_S_WWC_WM/F_S_WWC_WM_391.stl,normalized/F_S_WWC_WM/F_S_WWC_WM_391_norm.stl,pointclouds/F_S_WWC_WM/F_S_WWC_WM_391_pc.ply,-1.15704,8.96239,-4.29931,4.35183,1.09,-1.14,6.92097,7.06984,19.5231,-47.4233,-11.5429,-0.4,-23.1532,0.9,30.8026,-10.1637,-19.3145,49.6223,63.0152,30.5056,58.016,32.5952,113.509
F_S_WWC_WM_392,F_S_WWC_WM,test,0.224197831601328,0.023529562426559375,-0.0507726013930531,-0.0561456269921594,0.0053730255963023,0.10495,0.0901943500068239,0.1379501227045651,0.9995520695112868,0.4863779649063924,0.2837545127850555,raw_stl/F_S_WWC_WM/F_S_WWC_WM_392.stl,normalized/F_S_WWC_WM/F_S_WWC_WM_392_norm.stl,pointclouds/F_S_WWC_WM/F_S_WWC_WM_392_pc.ply,6.14936,-5.38067,8.69459,-15.652,-1.12,0.32,12.9629,8.62648,-23.5679,94.4304,-10.2686,0.5,-5.03499,0.7,23.3975,-12.7008,16.4618,-16.4713,-38.3875,-21.4186,119.823,-55.7661,-8.04637
F_S_WWC_WM_393,F_S_WWC_WM,train,0.222614821664451,0.01933409726155757,-0.087151470138206,-0.0267595191816106,-0.0603919509419601,0.08685,0.0713235765406871,0.1134177034399723,0.9998610582969076,0.4021478558896165,0.282069051015393,raw_stl/F_S_WWC_WM/F_S_WWC_WM_393.stl,normalized/F_S_WWC_WM/F_S_WWC_WM_393_norm.stl,pointclouds/F_S_WWC_WM/F_S_WWC_WM_393_pc.ply,9.96875,7.95606,5.88542,1.85171,-0.69,1.44,18.1307,3.46428,-42.583,124.084,1.55275,0.2,20.9864,0.8,-7.21598,-16.7486,12.9352,-21.2877,35.3315,-29.3607,-33.3322,-33.5665,-135.821
F_S_WWC_WM_394,F_S_WWC_WM,test,0.248989997478405,0.027507169971426795,-0.112265340031229,-0.138551387873754,0.0262860478278405,0.110475,0.093377127022163,0.1392525250631592,0.9996454318802948,0.470128062978373,0.2963063217274449,raw_stl/F_S_WWC_WM/F_S_WWC_WM_394.stl,normalized/F_S_WWC_WM/F_S_WWC_WM_394_norm.stl,pointclouds/F_S_WWC_WM/F_S_WWC_WM_394_pc.ply,-2.69047,-0.391359,13.9459,0.0486168,1.18,2.35,1.8379,2.19943,-6.92668,52.3717,-5.4467,-0.3,26.0568,0.9,-12.4483,-10.1318,-25.6061,48.6872,-56.6559,-28.5554,53.5058,-35.1178,81.7505
F_S_WWC_WM_395,F_S_WWC_WM,train,0.274906226973421,0.03054208181674707,-0.108582388464451,-0.208258493933554,0.0996761054906976,0.1111,0.095205795980167,0.1473991724312408,0.99963460973544,0.4687301447424253,0.3145798323283489,raw_stl/F_S_WWC_WM/F_S_WWC_WM_395.stl,normalized/F_S_WWC_WM/F_S_WWC_WM_395_norm.stl,pointclouds/F_S_WWC_WM/F_S_WWC_WM_395_pc.ply,-7.161,-0.727486,8.61681,-16.3348,2.19,-0.75,18.2407,-0.615154,49.8153,31.4745,-9.53954,0.2,15.2555,0.5,-16.606,-5.36598,-23.5298,35.1974,-53.2342,35.7001,38.964,52.8865,44.0016
F_S_WWC_WM_396,F_S_WWC_WM,val,0.255700358681063,0.026573659775929473,-0.107028765208305,-0.160503407847176,0.0534746425943521,0.103925,0.0871635172840222,0.1275238738482949,0.9997506612180752,0.4555451131915854,0.2800066881019004,raw_stl/F_S_WWC_WM/F_S_WWC_WM_396.stl,normalized/F_S_WWC_WM/F_S_WWC_WM_396_norm.stl,pointclouds/F_S_WWC_WM/F_S_WWC_WM_396_pc.ply,-5.48116,-1.01507,-0.439375,15.2265,-0.74,0.36,5.51759,9.16987,16.3957,122.147,-11.878,0.6,-31.3464,0.7,3.96411,-9.64584,20.8958,49.6942,65.8209,-42.503,116.999,-20.9259,69.6894
F_S_WWC_WM_397,F_S_WWC_WM,val,0.225163437980066,0.01903756868121458,-0.109233411189036,-0.0850838138764119,-0.0241495973096973,0.08455,0.0682730881743425,0.1115638060461205,0.9997693177060676,0.3945530697644119,0.2828251921740497,raw_stl/F_S_WWC_WM/F_S_WWC_WM_397.stl,normalized/F_S_WWC_WM/F_S_WWC_WM_397_norm.stl,pointclouds/F_S_WWC_WM/F_S_WWC_WM_397_pc.ply,2.27182,4.80003,4.27007,-3.72039,0.54,-0.96,0.343692,-4.5334,-16.9389,149.635,-3.21889,0.5,29.0038,0.7,13.3462,-8.16057,16.8631,-20.162,126.635,-11.9349,-38.7619,40.3375,142.64
F_S_WWC_WM_399,F_S_WWC_WM,train,0.245136934345514,0.02306738552191287,0.0203937350502907,-0.0368939773581395,0.0572877124063122,0.0941,0.0786242475037046,0.1238352294118,0.9999718426323252,0.4190526109150508,0.2955206891890095,raw_stl/F_S_WWC_WM/F_S_WWC_WM_399.stl,normalized/F_S_WWC_WM/F_S_WWC_WM_399_norm.stl,pointclouds/F_S_WWC_WM/F_S_WWC_WM_399_pc.ply,6.88572,10.4193,3.49369,-11.813,-0.28,1.56,4.32482,-3.77643,47.4764,57.1707,3.22638,-0.2,-36.4648,0.3,13.4191,6.89176,28.4938,-5.9574,52.5334,44.7741,-54.0833,-15.7797,4.62645
F_S_WWC_WM_400,F_S_WWC_WM,train,0.254270142192691,0.029527120262126245,0.0157494291636651,-0.0953721543285714,0.111121583476744,0.116125,0.0980778753842358,0.1499823354981787,0.99987599713412,0.4885252104991958,0.3070485060348382,raw_stl/F_S_WWC_WM/F_S_WWC_WM_400.stl,normalized/F_S_WWC_WM/F_S_WWC_WM_400_norm.stl,pointclouds/F_S_WWC_WM/F_S_WWC_WM_400_pc.ply,0.927547,8.91185,-0.772013,-17.1215,-1.16,2.42,-0.417599,-0.208327,9.4161,-86.7644,4.06274,-0.1,20.0129,0.1,53.2284,-0.455877,8.92921,33.613,41.6967,19.9115,111.706,74.0918,82.8182
F_S_WWC_WM_401,F_S_WWC_WM,train,0.284717242152823,0.03378881871248627,-0.0436258580852126,-0.163119845322259,0.119493987225581,0.118675,0.1045697048934395,0.1521906582845996,0.9999603318948492,0.5008909788716371,0.3038519399610293,raw_stl/F_S_WWC_WM/F_S_WWC_WM_401.stl,normalized/F_S_WWC_WM/F_S_WWC_WM_401_norm.stl,pointclouds/F_S_WWC_WM/F_S_WWC_WM_401_pc.ply,-5.14978,8.49075,-2.33954,0.999843,0.86,2.27,-8.83108,7.96489,10.8414,21.7297,-8.49431,-0.2,-38.2057,-0.2,-0.410378,15.1631,-19.1516,39.5206,18.866,-30.8091,104.199,-31.4131,26.0451
F_S_WWC_WM_402,F_S_WWC_WM,train,0.248867988594684,0.02517299704635229,-0.0336675046052159,-0.0634519915860465,0.0297844869848405,0.10115,0.085780766150728,0.1300927374187409,0.999602678015784,0.4552095660189338,0.2859000697342833,raw_stl/F_S_WWC_WM/F_S_WWC_WM_402.stl,normalized/F_S_WWC_WM/F_S_WWC_WM_402_norm.stl,pointclouds/F_S_WWC_WM/F_S_WWC_WM_402_pc.ply,2.44122,1.72096,-1.6032,-2.69761,1.64,1.13,6.82224,-4.98489,3.88655,-15.8704,-10.1683,0.8,-18.4819,0.0,-20.635,21.2803,-16.6661,16.8775,15.8297,-5.79851,31.3063,-58.1025,121.918
F_S_WWC_WM_403,F_S_WWC_WM,val,0.232181683328903,0.021581287465421532,-0.010961114344481,-0.0363508079830564,0.0253896936357804,0.09295,0.0789422088369171,0.1188881152403766,0.9996449650440622,0.4290552114328403,0.2771912250432984,raw_stl/F_S_WWC_WM/F_S_WWC_WM_403.stl,normalized/F_S_WWC_WM/F_S_WWC_WM_403_norm.stl,pointclouds/F_S_WWC_WM/F_S_WWC_WM_403_pc.ply,2.62663,-6.02601,7.56793,-4.73718,-0.19,2.43,19.3819,-0.66019,46.0644,100.728,-1.81477,0.6,17.8669,0.6,44.3628,7.69291,21.5221,51.3145,59.5509,24.8454,36.2868,-20.2421,35.9781
F_S_WWC_WM_404,F_S_WWC_WM,train,0.261709663870431,0.026098996229478727,-0.0349034290704318,-0.0619199425152824,0.0270165134454318,0.099725,0.0832968738874272,0.1295768192922762,0.999738128073178,0.4502713475568977,0.2878503405006083,raw_stl/F_S_WWC_WM/F_S_WWC_WM_404.stl,normalized/F_S_WWC_WM/F_S_WWC_WM_404_norm.stl,pointclouds/F_S_WWC_WM/F_S_WWC_WM_404_pc.ply,2.93651,14.9672,13.2719,-19.1316,-0.15,0.03,-1.48428,-1.29683,49.5735,92.0976,-2.34028,-0.1,30.3784,0.6,8.9231,14.6708,-20.3884,-1.13637,67.5769,-46.8539,53.7001,-2.96883,17.1109
F_S_WWC_WM_405,F_S_WWC_WM,train,0.212514151940199,0.023865339262884346,-0.0621500551810631,-0.0849224451096345,0.0227723899358139,0.1123,0.096245812667628,0.1489950071781393,0.9999176320031644,0.5086219596780742,0.2929627354345244,raw_stl/F_S_WWC_WM/F_S_WWC_WM_405.stl,normalized/F_S_WWC_WM/F_S_WWC_WM_405_norm.stl,pointclouds/F_S_WWC_WM/F_S_WWC_WM_405_pc.ply,5.29664,0.555752,-6.8122,-6.86644,-0.17,-1.1,5.15605,2.95354,41.8146,28.5261,-3.98494,0.7,30.8131,0.0,3.75731,-1.56477,19.9466,-24.9415,-20.2762,-1.60361,140.828,-25.9217,127.047
F_S_WWC_WM_406,F_S_WWC_WM,train,0.241047795687707,0.024400063118488143,-0.0730209462139535,-0.0745151490046511,0.0014942027984099,0.101225,0.0883718664164101,0.1313042408226048,0.9997735123635998,0.4555117814936933,0.2883218210428876,raw_stl/F_S_WWC_WM/F_S_WWC_WM_406.stl,normalized/F_S_WWC_WM/F_S_WWC_WM_406_norm.stl,pointclouds/F_S_WWC_WM/F_S_WWC_WM_406_pc.ply,0.701956,13.8057,11.8155,1.10384,0.12,-1.47,10.6014,9.81659,-25.2674,67.1858,0.944067,-0.1,-22.2043,-0.2,51.4735,-18.1615,-18.8998,5.4409,103.569,10.0595,68.2794,-31.2261,-62.7159
F_S_WWC_WM_407,F_S_WWC_WM,test,0.200927500445182,0.02020326016976305,-0.0303585854156883,-0.106580343414617,0.0762217579784053,0.10055,0.0888743131617511,0.1319980520218589,0.9999047373450244,0.4732005350602621,0.2789739611936989,raw_stl/F_S_WWC_WM/F_S_WWC_WM_407.stl,normalized/F_S_WWC_WM/F_S_WWC_WM_407_norm.stl,pointclouds/F_S_WWC_WM/F_S_WWC_WM_407_pc.ply,-1.00282,-5.32645,3.06457,3.93312,-1.6,0.3,2.02646,9.48621,-46.7905,-51.195,-0.85004,0.0,-9.93815,0.2,54.3971,10.2089,2.87109,-13.2991,120.504,40.1373,134.522,-24.1495,83.0912
F_S_WWC_WM_408,F_S_WWC_WM,train,0.258860960156146,0.02361459109024442,-0.0409107616484584,-0.0068428091405176,-0.034067952513279,0.091225,0.0767422311790716,0.1175540023080888,0.9999826672836456,0.41442091709874,0.2836633843112094,raw_stl/F_S_WWC_WM/F_S_WWC_WM_408.stl,normalized/F_S_WWC_WM/F_S_WWC_WM_408_norm.stl,pointclouds/F_S_WWC_WM/F_S_WWC_WM_408_pc.ply,12.3417,-1.9992,0.529818,-5.27558,1.02,-0.11,17.736,-0.678109,-44.2696,17.2428,-10.4993,0.5,9.52403,0.5,50.3094,26.2319,26.9692,46.6213,-3.54104,-3.70869,-24.7006,-36.7484,-93.502
F_S_WWC_WM_409,F_S_WWC_WM,train,0.253030253813953,0.029136433726676687,-0.0095352748579973,-0.090190871636877,0.0806555967707641,0.11515,0.0961748181494132,0.1459614916405508,0.9998771034484084,0.4842654063297561,0.3014450962246613,raw_stl/F_S_WWC_WM/F_S_WWC_WM_409.stl,normalized/F_S_WWC_WM/F_S_WWC_WM_409_norm.stl,pointclouds/F_S_WWC_WM/F_S_WWC_WM_409_pc.ply,-1.90626,6.41443,0.0805201,-11.6002,-0.35,1.88,-7.25845,0.931802,-25.7963,58.9682,4.24351,0.4,11.384,0.5,15.7247,-0.0712194,2.2374,50.5181,-53.1378,-34.2082,112.168,12.3265,-177.049
F_S_WWC_WM_410,F_S_WWC_WM,train,0.228183493259136,0.026606195314015257,-0.0293390214630139,-0.115701158203654,0.0863621367149501,0.1166,0.1007643679857343,0.1551003321965505,0.9998697756445072,0.4866195155393071,0.3187717050271298,raw_stl/F_S_WWC_WM/F_S_WWC_WM_410.stl,normalized/F_S_WWC_WM/F_S_WWC_WM_410_norm.stl,pointclouds/F_S_WWC_WM/F_S_WWC_WM_410_pc.ply,-1.21586,-0.865469,18.0805,-8.76359,1.15,2.4,11.9995,-0.499579,-40.5443,133.06,-0.40191,0.1,4.38743,-0.4,12.1193,-0.671307,-21.1987,-1.44597,33.1141,-14.6893,99.5598,75.1326,-115.045
F_S_WWC_WM_411,F_S_WWC_WM,train,0.23314062723588,0.02838487136596839,-0.0408573314457142,-0.113271108197342,0.0724137767598006,0.12175,0.1055774499393436,0.1563237149003793,0.9999038720564468,0.509653952167634,0.306754696509956,raw_stl/F_S_WWC_WM/F_S_WWC_WM_411.stl,normalized/F_S_WWC_WM/F_S_WWC_WM_411_norm.stl,pointclouds/F_S_WWC_WM/F_S_WWC_WM_411_pc.ply,5.63189,-3.48744,6.37581,14.3066,0.5,-0.86,8.3388,-0.296016,-36.6226,78.1785,-13.9682,-0.4,6.57527,0.3,-4.85982,5.49508,29.4178,-9.09088,-17.2526,45.8004,147.656,-8.79242,61.0775
F_S_WWC_WM_412,F_S_WWC_WM,val,0.273228029126245,0.027404771321362372,0.0612935565405315,-0.0478926720222591,0.10918622857176,0.1003,0.0818645575826679,0.1274377389731232,0.9998655557315804,0.4377209164821706,0.2911783964422001,raw_stl/F_S_WWC_WM/F_S_WWC_WM_412.stl,normalized/F_S_WWC_WM/F_S_WWC_WM_412_norm.stl,pointclouds/F_S_WWC_WM/F_S_WWC_WM_412_pc.ply,2.56111,14.7044,14.4543,-9.52161,-0.68,-1.13,13.5301,4.51195,-0.620434,57.3013,-11.1078,0.0,2.40277,0.9,41.2372,-10.8076,11.4024,21.5156,129.304,-36.1402,92.229,87.2278,-157.19
F_S_WWC_WM_413,F_S_WWC_WM,train,0.231650373222591,0.02243533864660794,-0.102747475966445,-0.0531140683724252,-0.0496334076056478,0.09685,0.0825012354534988,0.1186260669423924,0.9996967981909232,0.4409969904560782,0.2690767693596582,raw_stl/F_S_WWC_WM/F_S_WWC_WM_413.stl,normalized/F_S_WWC_WM/F_S_WWC_WM_413_norm.stl,pointclouds/F_S_WWC_WM/F_S_WWC_WM_413_pc.ply,7.79357,-0.68509,5.42343,19.9386,-1.06,0.48,2.87412,5.95522,-21.6769,-41.9598,-3.55548,0.7,12.4959,0.4,-10.869,-17.4621,23.9249,43.6892,118.286,38.5471,114.822,-49.0755,-24.089
F_S_WWC_WM_414,F_S_WWC_WM,train,0.257396653013289,0.023989368060838536,-0.0300665821818936,-0.032326977798774,0.0022603956213504,0.0932,0.0786472400335712,0.1202492295296489,0.9999133089512774,0.4226592726881417,0.2845309750343281,raw_stl/F_S_WWC_WM/F_S_WWC_WM_414.stl,normalized/F_S_WWC_WM/F_S_WWC_WM_414_norm.stl,pointclouds/F_S_WWC_WM/F_S_WWC_WM_414_pc.ply,5.36709,-0.810618,5.07765,-19.9174,0.69,0.7,14.0106,-0.327991,39.048,-76.7586,-4.49386,0.3,35.6788,0.8,-5.51463,-16.8061,1.46699,44.7529,-32.1158,46.3765,-17.7737,-44.0992,-156.493
F_S_WWC_WM_415,F_S_WWC_WM,train,0.23302856964784,0.02780030835898731,-0.157601484988704,-0.228502207644518,0.0709007226551162,0.1193,0.0972730701473481,0.1510856121303596,0.9997191272376128,0.4864801682580681,0.3106561577364106,raw_stl/F_S_WWC_WM/F_S_WWC_WM_415.stl,normalized/F_S_WWC_WM/F_S_WWC_WM_415_norm.stl,pointclouds/F_S_WWC_WM/F_S_WWC_WM_415_pc.ply,-6.40737,9.72755,1.32949,13.4195,1.82,2.31,8.73696,5.74279,-10.4077,-25.9797,-2.79473,0.5,11.1193,0.5,-19.214,3.69856,8.48357,-23.1329,-24.7455,-23.5425,143.438,71.4388,-32.6806
F_S_WWC_WM_416,F_S_WWC_WM,train,0.250746073873754,0.028259082525572077,-0.0258360368645315,-0.0616008213461794,0.0357647844820265,0.1127,0.0925262998002366,0.1452500227996066,0.999714475190804,0.4638546865259257,0.313226342968806,raw_stl/F_S_WWC_WM/F_S_WWC_WM_416.stl,normalized/F_S_WWC_WM/F_S_WWC_WM_416_norm.stl,pointclouds/F_S_WWC_WM/F_S_WWC_WM_416_pc.ply,11.1563,13.3958,13.098,16.2405,1.51,-0.92,-1.31205,-3.88137,-15.1298,23.0432,-12.8845,0.3,-26.1502,0.4,45.6052,10.8949,15.587,-22.7606,-18.712,10.5701,94.173,75.7774,-132.92
F_S_WWC_WM_417,F_S_WWC_WM,train,0.251097655850498,0.024877500253388085,-0.0709146581073089,-0.138073956611295,0.0671592985152823,0.099075,0.0852938030520436,0.1273155943542549,0.9998269495457685,0.4360779288129291,0.2920065928024205,raw_stl/F_S_WWC_WM/F_S_WWC_WM_417.stl,normalized/F_S_WWC_WM/F_S_WWC_WM_417_norm.stl,pointclouds/F_S_WWC_WM/F_S_WWC_WM_417_pc.ply,-6.62923,-3.99629,10.6385,9.6809,0.88,0.03,-6.48748,-1.64504,-15.3576,108.392,-14.8349,0.7,22.8439,-0.2,-15.2223,-11.7401,-8.75506,20.4072,26.2965,22.1671,14.5495,-25.0282,62.9305
F_S_WWC_WM_418,F_S_WWC_WM,train,0.234729674644518,0.021372136876383365,-0.0482367023468405,-0.0857238536627907,0.0374871513102853,0.09105,0.0763561004829841,0.1206336209743901,0.9999652998175762,0.4111020904407296,0.2934497535611477,raw_stl/F_S_WWC_WM/F_S_WWC_WM_418.stl,normalized/F_S_WWC_WM/F_S_WWC_WM_418_norm.stl,pointclouds/F_S_WWC_WM/F_S_WWC_WM_418_pc.ply,-0.324772,0.613478,17.6344,-18.7735,1.08,-0.78,0.563054,-0.718048,-38.1293,-51.7996,-4.85442,-0.1,-32.5164,0.4,58.2082,4.19707,-10.518,-7.78533,39.8031,49.7478,-55.0908,4.63293,-19.2733
F_S_WWC_WM_419,F_S_WWC_WM,test,0.22405227910299,0.02472977030599252,0.0080034194879667,-0.0593679922644518,0.0673714117495016,0.110375,0.0937306965914939,0.1406749210419584,0.9996942990954808,0.4522636083594376,0.3111414140826642,raw_stl/F_S_WWC_WM/F_S_WWC_WM_419.stl,normalized/F_S_WWC_WM/F_S_WWC_WM_419_norm.stl,pointclouds/F_S_WWC_WM/F_S_WWC_WM_419_pc.ply,8.176,-3.81831,6.81819,19.7659,0.39,-1.79,1.82426,-1.52546,-12.1366,14.1337,2.45827,0.0,-27.3875,0.1,-24.5354,19.2643,-27.4453,2.7963,-10.9733,3.84176,17.9362,11.4036,116.633
F_S_WWC_WM_420,F_S_WWC_WM,train,0.262019719076411,0.025291453383850568,-0.0383860146085249,-0.143766710950166,0.105380696358803,0.096525,0.083257263883453,0.1216919144819373,0.9998682284301894,0.4307633065898384,0.2825402030951885,raw_stl/F_S_WWC_WM/F_S_WWC_WM_420.stl,normalized/F_S_WWC_WM/F_S_WWC_WM_420_norm.stl,pointclouds/F_S_WWC_WM/F_S_WWC_WM_420_pc.ply,-6.11757,-6.27523,6.0652,9.06811,2.28,0.91,16.053,5.89764,17.2811,-56.6598,-14.0078,0.5,-12.3195,0.4,-7.94541,25.9918,18.1287,48.144,56.3836,-4.15952,34.5256,-32.319,-39.1505
F_S_WWC_WM_421,F_S_WWC_WM,train,0.243993493079734,0.022215607544909782,-0.0182734256941727,-0.0139158507543077,-0.0043575749391096,0.09105,0.0775496120582235,0.1148647896300121,0.999973450414044,0.4194917882617704,0.2738261928786702,raw_stl/F_S_WWC_WM/F_S_WWC_WM_421.stl,normalized/F_S_WWC_WM/F_S_WWC_WM_421_norm.stl,pointclouds/F_S_WWC_WM/F_S_WWC_WM_421_pc.ply,10.097,-0.117722,0.753637,17.1042,-0.41,-1.73,-7.06534,-1.05309,-49.193,-35.3888,-14.6558,0.1,27.6727,0.7,0.147791,-12.6308,-1.11511,28.7964,78.5063,8.66135,30.5561,-52.4882,33.9347
F_S_WWC_WM_422,F_S_WWC_WM,train,0.259229210049833,0.029824320616233288,-0.112157807453156,-0.133188987345515,0.0210311798408571,0.11505,0.0976515081909071,0.1494522577253841,0.9999507754340466,0.4752134477243723,0.314510491076714,raw_stl/F_S_WWC_WM/F_S_WWC_WM_422.stl,normalized/F_S_WWC_WM/F_S_WWC_WM_422_norm.stl,pointclouds/F_S_WWC_WM/F_S_WWC_WM_422_pc.ply,-2.24712,13.5409,10.8289,7.83779,-0.9,-0.48,-2.35988,7.28698,49.879,115.141,-8.62212,-0.1,23.9942,-0.3,41.4966,-13.1497,10.8679,-6.51723,-37.4661,-28.2366,47.8546,15.6029,70.4325
F_S_WWC_WM_423,F_S_WWC_WM,train,0.229722713867109,0.023133077286417874,-0.0194019858407126,-0.0384528745045515,0.0190508886595827,0.1007,0.0836829336868148,0.1305533674811018,0.99988585099194,0.4233232911822246,0.308436304922325,raw_stl/F_S_WWC_WM/F_S_WWC_WM_423.stl,normalized/F_S_WWC_WM/F_S_WWC_WM_423_norm.stl,pointclouds/F_S_WWC_WM/F_S_WWC_WM_423_pc.ply,13.0709,6.36022,-1.97063,13.9242,-1.49,-0.63,9.54025,2.89357,26.7287,123.026,0.884533,0.3,-38.0052,0.0,35.4487,26.3098,9.5965,-9.25673,11.3461,37.5699,-9.35381,36.4283,-181.799
F_S_WWC_WM_424,F_S_WWC_WM,val,0.27449657920598,0.032445495662146835,0.0824162012049833,-0.0989712605960133,0.181387461797342,0.1182,0.098974148123651,0.1513261506848832,0.9998786738275042,0.4934726686112828,0.3066927965053287,raw_stl/F_S_WWC_WM/F_S_WWC_WM_424.stl,normalized/F_S_WWC_WM/F_S_WWC_WM_424_norm.stl,pointclouds/F_S_WWC_WM/F_S_WWC_WM_424_pc.ply,-1.34732,11.4684,1.14319,-15.246,1.98,2.1,-2.25807,7.72743,-2.1378,-62.4354,1.10453,0.4,-35.6553,0.5,22.4554,22.3271,-8.18059,44.6946,4.55185,47.2429,137.073,64.8065,-1.72516
F_S_WWC_WM_425,F_S_WWC_WM,train,0.245851377036544,0.02467118568561719,0.0025908880720551,-0.0573964752182724,0.0599873632997807,0.10035,0.0852591191891028,0.1222418773998918,0.9997527373182415,0.4465324471965775,0.2738258137735445,raw_stl/F_S_WWC_WM/F_S_WWC_WM_425.stl,normalized/F_S_WWC_WM/F_S_WWC_WM_425_norm.stl,pointclouds/F_S_WWC_WM/F_S_WWC_WM_425_pc.ply,0.407562,-3.39514,4.04619,18.5492,0.11,-1.69,9.27999,3.81856,-6.519,-8.85926,-8.31891,0.0,-3.80685,0.9,52.5162,1.63284,18.4457,54.2891,121.445,-8.09683,138.117,-11.8186,-4.25558
F_S_WWC_WM_426,F_S_WWC_WM,train,0.243766512996677,0.025717367121149425,0.0383541674657076,-0.0067277679048368,0.0450819353655481,0.1055,0.0919255813326275,0.1314805319187571,0.9999367322122836,0.4593434103683863,0.2862539180044243,raw_stl/F_S_WWC_WM/F_S_WWC_WM_426.stl,normalized/F_S_WWC_WM/F_S_WWC_WM_426_norm.stl,pointclouds/F_S_WWC_WM/F_S_WWC_WM_426_pc.ply,14.6342,4.68227,7.27204,17.4545,0.88,0.29,12.4824,8.2065,30.2653,51.5344,4.73158,-0.3,14.7234,-0.1,46.5296,9.82516,-8.23979,39.7762,85.7022,11.8037,84.2084,-50.9106,64.7028
F_S_WWC_WM_427,F_S_WWC_WM,train,0.239840281112956,0.024565640792994517,-0.0879425635086378,-0.106114884940199,0.0181723214282691,0.102425,0.0875919184407333,0.130518188739672,0.9998695928139124,0.4553161917172953,0.2866913451440225,raw_stl/F_S_WWC_WM/F_S_WWC_WM_427.stl,normalized/F_S_WWC_WM/F_S_WWC_WM_427_norm.stl,pointclouds/F_S_WWC_WM/F_S_WWC_WM_427_pc.ply,-2.9735,-3.58513,8.23361,-14.6219,-1.28,-0.53,9.74008,8.41012,-34.0052,-74.5279,2.81582,0.4,-36.6596,0.4,43.4663,10.6242,-16.2653,39.6174,9.27478,-38.9952,57.4138,-29.444,-70.6681
F_S_WWC_WM_428,F_S_WWC_WM,train,0.239002416724252,0.023655264195282837,-0.0793563023186046,-0.0098174881422026,-0.0695388141654485,0.098975,0.0816855107597148,0.1295144010847937,0.9999513690693972,0.4486537800650729,0.2886874145542059,raw_stl/F_S_WWC_WM/F_S_WWC_WM_428.stl,normalized/F_S_WWC_WM/F_S_WWC_WM_428_norm.stl,pointclouds/F_S_WWC_WM/F_S_WWC_WM_428_pc.ply,11.7152,10.9957,17.4755,-5.69315,-0.03,0.58,19.8599,2.66639,13.1465,-54.3218,2.64218,0.3,-36.0512,0.7,14.3133,10.0591,-3.79551,-20.6443,-45.1315,18.0511,20.3003,-44.1485,12.8688
F_S_WWC_WM_429,F_S_WWC_WM,train,0.252021237365448,0.02512021683440103,0.0663245789713953,-0.0528098600661129,0.1191344390299,0.099675,0.0824703648747987,0.1275893274964991,0.9999415989044004,0.4288222499405099,0.2975516762619148,raw_stl/F_S_WWC_WM/F_S_WWC_WM_429.stl,normalized/F_S_WWC_WM/F_S_WWC_WM_429_norm.stl,pointclouds/F_S_WWC_WM/F_S_WWC_WM_429_pc.ply,7.09676,-0.764586,-2.73747,12.588,2.0,1.65,1.11928,4.97435,45.3263,124.189,-2.04119,0.2,-9.33658,0.9,39.0337,-18.354,-18.4509,24.3443,54.9976,-46.5115,52.7448,64.0531,-3.46932
F_S_WWC_WM_430,F_S_WWC_WM,train,0.246628881428571,0.021543032792785678,-0.0675408385066445,-0.105325388197342,0.0377845496616681,0.08735,0.0745928291072013,0.1138526222337624,0.9997678138544674,0.4068927659025775,0.2798748783894829,raw_stl/F_S_WWC_WM/F_S_WWC_WM_430.stl,normalized/F_S_WWC_WM/F_S_WWC_WM_430_norm.stl,pointclouds/F_S_WWC_WM/F_S_WWC_WM_430_pc.ply,-3.43939,-6.31613,13.2854,-13.6993,1.77,-1.33,-6.63036,7.05882,-37.5014,111.926,-4.93634,0.6,-15.1609,0.6,12.9486,-14.3121,-18.1052,25.8353,90.8391,46.79,2.08694,-7.17131,-150.058
F_S_WWC_WM_431,F_S_WWC_WM,train,0.243647947999999,0.0242064236337999,-0.0161269314127043,-0.0265680554719335,0.010441124057588,0.09935,0.0853698648529725,0.1287054578161775,0.999960650629484,0.4386414288531478,0.2934299271063776,raw_stl/F_S_WWC_WM/F_S_WWC_WM_431.stl,normalized/F_S_WWC_WM/F_S_WWC_WM_431_norm.stl,pointclouds/F_S_WWC_WM/F_S_WWC_WM_431_pc.ply,14.7223,1.8634,-2.43144,-15.8479,0.42,1.06,-3.89937,-3.98273,-36.0713,79.4957,1.95288,0.2,37.7908,-0.2,5.62305,20.3696,15.8816,49.1617,57.7261,-1.22757,8.52555,-17.2048,-153.697
F_S_WWC_WM_432,F_S_WWC_WM,train,0.259753515033222,0.024929843605313484,0.0042973204611531,-0.0571373124196013,0.0614346328837209,0.095975,0.0801166821169482,0.12618358596328,0.9998889681897865,0.4163187336449371,0.3031273582289717,raw_stl/F_S_WWC_WM/F_S_WWC_WM_432.stl,normalized/F_S_WWC_WM/F_S_WWC_WM_432_norm.stl,pointclouds/F_S_WWC_WM/F_S_WWC_WM_432_pc.ply,7.5353,9.22232,4.51134,-7.01823,0.28,1.58,8.88303,-1.60328,19.2962,-60.3356,-11.8077,0.7,-10.2917,-0.3,-23.5549,9.3268,25.8356,11.0479,113.215,32.801,-23.4102,75.974,-69.7664
F_S_WWC_WM_433,F_S_WWC_WM,test,0.247270379558139,0.02550593965142204,0.0079725403391594,-0.0371771013126245,0.0451496416540009,0.10315,0.0868437233230173,0.1311395082351019,0.9997597026718849,0.4454552436585276,0.2944651121522684,raw_stl/F_S_WWC_WM/F_S_WWC_WM_433.stl,normalized/F_S_WWC_WM/F_S_WWC_WM_433_norm.stl,pointclouds/F_S_WWC_WM/F_S_WWC_WM_433_pc.ply,6.103,12.1773,15.7105,13.2481,1.03,1.95,3.36924,9.42012,4.98349,130.554,3.97785,0.5,0.0419959,0.1,4.52622,25.6418,-15.8715,24.6691,92.4183,-21.8776,100.331,39.4602,-199.761
F_S_WWC_WM_434,F_S_WWC_WM,train,0.241340053491694,0.027301593551247883,-0.0516324915571428,-0.0394381624485049,-0.0121943291116644,0.113125,0.0983573584820083,0.1419863035341755,0.9998542800787452,0.4718072051856891,0.3009852228235358,raw_stl/F_S_WWC_WM/F_S_WWC_WM_434.stl,normalized/F_S_WWC_WM/F_S_WWC_WM_434_norm.stl,pointclouds/F_S_WWC_WM/F_S_WWC_WM_434_pc.ply,12.4639,2.33578,13.1765,13.0931,-1.7,0.39,-6.35203,2.05664,37.1317,-21.2464,-8.88751,-0.2,-12.8319,-0.2,-19.6094,7.90228,-29.449,27.8621,100.114,-15.0586,107.566,14.0802,-156.544
F_S_WWC_WM_435,F_S_WWC_WM,train,0.275217386159468,0.028278586427885336,0.0333212862831677,-0.050312556257475,0.0836338425295681,0.10275,0.0856883869112307,0.1275485663215698,0.9998677325091602,0.4554391154412495,0.2800932874606612,raw_stl/F_S_WWC_WM/F_S_WWC_WM_435.stl,normalized/F_S_WWC_WM/F_S_WWC_WM_435_norm.stl,pointclouds/F_S_WWC_WM/F_S_WWC_WM_435_pc.ply,-1.32028,10.9343,-4.40903,-2.17317,-1.21,-0.59,17.3132,5.70146,4.32712,116.714,-8.02314,-0.2,33.4455,0.8,10.3682,9.38984,-26.0957,42.3504,42.3561,31.8706,87.5471,-49.2869,-148.474
F_S_WWC_WM_436,F_S_WWC_WM,train,0.283203031275747,0.033842762237451765,0.0322108131070976,-0.113021369394019,0.145232182468438,0.1195,0.1000952849462672,0.1546179254739676,0.9996487775093732,0.4926731761584754,0.3139449382099851,raw_stl/F_S_WWC_WM/F_S_WWC_WM_436.stl,normalized/F_S_WWC_WM/F_S_WWC_WM_436_norm.stl,pointclouds/F_S_WWC_WM/F_S_WWC_WM_436_pc.ply,-3.41426,13.116,-6.69738,-14.9632,-1.74,-1.18,-8.56091,2.3308,5.85069,3.11396,-8.68466,0.2,-25.2619,0.3,32.9192,-12.0222,-19.5293,31.0868,-8.12081,-33.007,124.688,81.7802,-91.7151
F_S_WWC_WM_437,F_S_WWC_WM,train,0.264382922003322,0.023411107743394163,0.010139234784691,-0.112668823322259,0.122808058098671,0.08855,0.0743275810163138,0.1165008802420072,0.9998471008481812,0.4071211830406196,0.2862015063464497,raw_stl/F_S_WWC_WM/F_S_WWC_WM_437.stl,normalized/F_S_WWC_WM/F_S_WWC_WM_437_norm.stl,pointclouds/F_S_WWC_WM/F_S_WWC_WM_437_pc.ply,-4.51607,0.0916819,0.971945,-9.95208,-0.83,0.74,13.8009,0.0451047,-46.2154,121.626,-14.2076,-0.2,-12.7628,0.7,56.4072,9.97766,-19.5982,9.29156,122.315,10.8697,-20.8976,28.0341,16.8754
F_S_WWC_WM_438,F_S_WWC_WM,train,0.277588990524917,0.031055268314975088,-0.0527942989265707,-0.0714030621169435,0.0186087631814318,0.111875,0.0945478849101523,0.1434437653703546,0.9998595958129384,0.4761370253767366,0.3013080282724473,raw_stl/F_S_WWC_WM/F_S_WWC_WM_438.stl,normalized/F_S_WWC_WM/F_S_WWC_WM_438_norm.stl,pointclouds/F_S_WWC_WM/F_S_WWC_WM_438_pc.ply,6.7342,14.3183,7.77849,-15.2921,-1.57,0.77,-2.04962,5.32154,1.68521,-89.5726,-8.03779,0.3,-13.6784,-0.2,3.64164,29.5282,-21.7019,49.284,70.4007,-21.58,66.0453,34.6818,129.617
F_S_WWC_WM_439,F_S_WWC_WM,train,0.226138568810631,0.024202480326957782,-0.110491951044518,-0.18985745954485,0.0793655085315614,0.107025,0.0908559521884658,0.1391660167517257,0.999822756062753,0.4519919944856116,0.307949452988884,raw_stl/F_S_WWC_WM/F_S_WWC_WM_439.stl,normalized/F_S_WWC_WM/F_S_WWC_WM_439_norm.stl,pointclouds/F_S_WWC_WM/F_S_WWC_WM_439_pc.ply,-5.79868,3.88237,1.62385,6.55569,0.9,-0.04,-7.18599,7.50636,5.10994,-90.6736,-4.63234,-0.1,34.3944,0.0,-19.8234,-18.3907,-28.3127,-16.3738,48.0667,-16.9327,48.3969,53.811,-49.3928
F_S_WWC_WM_440,F_S_WWC_WM,train,0.245255688847176,0.022753596532796752,-0.101067499528239,-0.0734938717913621,-0.027573627734877,0.092775,0.0802804345976471,0.1177259703002009,0.9998889146959524,0.4252004407748749,0.2769024631388778,raw_stl/F_S_WWC_WM/F_S_WWC_WM_440.stl,normalized/F_S_WWC_WM/F_S_WWC_WM_440_norm.stl,pointclouds/F_S_WWC_WM/F_S_WWC_WM_440_pc.ply,3.72014,-1.52197,19.1802,-0.40938,-1.36,0.34,19.0052,-1.15468,-16.6626,69.8798,-13.7329,-0.2,1.99376,0.2,6.28872,27.9779,11.2274,47.3845,124.719,-18.612,8.78044,-55.6394,-24.8767
F_S_WWC_WM_441,F_S_WWC_WM,test,0.218447207700996,0.022549213014935312,0.0056781956409318,-0.0340013205903654,0.0396795162305647,0.103225,0.0872257560128418,0.138611719707581,0.9998789006859096,0.4445606957833153,0.3118325772828215,raw_stl/F_S_WWC_WM/F_S_WWC_WM_441.stl,normalized/F_S_WWC_WM/F_S_WWC_WM_441_norm.stl,pointclouds/F_S_WWC_WM/F_S_WWC_WM_441_pc.ply,9.72236,-0.619883,4.212,-6.93841,1.95,0.82,-0.301438,-3.73546,8.70673,136.337,-0.0380798,0.8,-32.005,-0.1,1.43523,-8.8442,20.2293,-18.6247,-46.7934,-2.26014,-3.22803,15.1001,-179.803
F_S_WWC_WM_442,F_S_WWC_WM,train,0.217689066269102,0.019777051670547916,-0.0072399597188667,-0.0080673857960627,0.0008274260800843,0.09085,0.0756429847759255,0.1164122086784387,0.9999174456482356,0.4013838451176281,0.2900510850709148,raw_stl/F_S_WWC_WM/F_S_WWC_WM_442.stl,normalized/F_S_WWC_WM/F_S_WWC_WM_442_norm.stl,pointclouds/F_S_WWC_WM/F_S_WWC_WM_442_pc.ply,10.3506,0.676918,11.4032,2.34248,-1.01,0.79,15.0154,8.07166,25.7406,88.3484,-1.23183,0.0,-0.279375,0.2,51.332,8.17577,28.7192,1.24957,129.84,-28.7793,-16.2278,34.0063,-129.837
F_S_WWC_WM_443,F_S_WWC_WM,train,0.252931561382059,0.026203709759181314,-0.0407275717285215,-0.0727597018016611,0.0320321300747169,0.1036,0.0887060537419807,0.1313681245545629,0.9999182357339836,0.4725497028782376,0.278021266019116,raw_stl/F_S_WWC_WM/F_S_WWC_WM_443.stl,normalized/F_S_WWC_WM/F_S_WWC_WM_443_norm.stl,pointclouds/F_S_WWC_WM/F_S_WWC_WM_443_pc.ply,-0.0916211,14.8464,-6.00009,12.9687,-0.43,0.62,13.0341,7.12278,24.0747,-30.9248,-11.6971,0.3,26.4734,-0.1,-1.64247,-12.906,-16.8929,-9.11786,99.2403,-10.8921,132.048,-58.4115,56.2542
F_S_WWC_WM_444,F_S_WWC_WM,train,0.267541579734219,0.025951533234219244,0.067571409085392,-0.0926157288345514,0.160187137935215,0.097,0.0813812426565002,0.1217453570497374,0.9999354038215368,0.4323671302152345,0.2815968498391046,raw_stl/F_S_WWC_WM/F_S_WWC_WM_444.stl,normalized/F_S_WWC_WM/F_S_WWC_WM_444_norm.stl,pointclouds/F_S_WWC_WM/F_S_WWC_WM_444_pc.ply,1.23307,4.75972,-7.69255,8.92607,2.48,-1.41,4.77101,7.10315,-21.9135,-80.9151,-7.12025,0.7,1.18686,-0.1,44.6263,-0.832106,-7.3497,41.3319,129.475,-30.6781,53.0453,6.26975,99.2559
F_S_WWC_WM_445,F_S_WWC_WM,train,0.234205611401993,0.019626430235487012,-0.0904096898528239,-0.111594106396677,0.0211844165634119,0.0838,0.0708021328795453,0.1099289368416718,0.9999787384227008,0.389962238064393,0.2819023572631212,raw_stl/F_S_WWC_WM/F_S_WWC_WM_445.stl,normalized/F_S_WWC_WM/F_S_WWC_WM_445_norm.stl,pointclouds/F_S_WWC_WM/F_S_WWC_WM_445_pc.ply,-1.80006,1.33829,-3.91754,7.56929,1.61,-0.45,9.84571,7.8909,-4.47754,101.955,-9.32394,0.6,38.3169,0.0,-22.8497,11.8696,-0.275121,-11.2833,112.408,-18.369,-44.7929,-18.6048,-86.2632
F_S_WWC_WM_446,F_S_WWC_WM,train,0.216924935322259,0.02540190992623653,-0.0289673716227463,-0.108996277278737,0.0800289056611295,0.1171,0.0981043709259514,0.1518641421512476,0.9997107070894968,0.4822625533703105,0.3149904279786247,raw_stl/F_S_WWC_WM/F_S_WWC_WM_446.stl,normalized/F_S_WWC_WM/F_S_WWC_WM_446_norm.stl,pointclouds/F_S_WWC_WM/F_S_WWC_WM_446_pc.ply,1.74024,5.85407,15.4493,7.64628,-1.02,-0.86,8.63848,2.4957,-38.6187,-6.09754,0.0532965,-0.3,-38.8299,1.0,10.7997,16.6501,20.6737,-6.21194,-39.7778,49.4905,110.851,73.2415,-123.175
F_S_WWC_WM_447,F_S_WWC_WM,train,0.265071312873754,0.0320073610295058,0.039850593824176,-0.115430782358139,0.155281376190365,0.12075,0.1021204708293473,0.1526377733922768,0.9999767732951176,0.5002768527103394,0.3051136943877745,raw_stl/F_S_WWC_WM/F_S_WWC_WM_447.stl,normalized/F_S_WWC_WM/F_S_WWC_WM_447_norm.stl,pointclouds/F_S_WWC_WM/F_S_WWC_WM_447_pc.ply,-2.80775,3.98771,-6.16839,-9.09353,1.84,0.23,11.0396,5.58716,-41.0869,39.877,-1.13751,0.1,-7.25626,-0.1,49.9798,26.5512,-21.077,43.1085,-41.8124,48.0236,96.5049,-18.2738,52.1802
F_S_WWC_WM_448,F_S_WWC_WM,train,0.229360362009966,0.025086289594840033,-0.0506460459770764,-0.123356881568438,0.0727108356063123,0.109375,0.0920191090568064,0.1439906232909324,0.9999904992389654,0.4619734530117353,0.3116888868520658,raw_stl/F_S_WWC_WM/F_S_WWC_WM_448.stl,normalized/F_S_WWC_WM/F_S_WWC_WM_448_norm.stl,pointclouds/F_S_WWC_WM/F_S_WWC_WM_448_pc.ply,-0.935673,0.925159,-4.00809,-5.16344,-0.83,1.7,11.495,5.2947,33.5015,65.2471,-9.15881,0.4,-5.78926,-0.1,-11.9928,-16.601,3.83635,-17.7765,-48.9373,-44.4566,26.7566,12.0141,-167.254
F_S_WWC_WM_449,F_S_WWC_WM,train,0.259971752199335,0.02542523736509496,-0.0149914366661262,-0.0284223361232225,0.0134308994574667,0.0978,0.0818719832308211,0.1205187640403631,0.9998729006773692,0.4055677537518402,0.2971983909611461,raw_stl/F_S_WWC_WM/F_S_WWC_WM_449.stl,normalized/F_S_WWC_WM/F_S_WWC_WM_449_norm.stl,pointclouds/F_S_WWC_WM/F_S_WWC_WM_449_pc.ply,6.63981,3.56234,15.2639,19.2389,-1.79,-0.8,12.694,8.46845,-23.3352,23.8944,0.544804,0.0,-32.2055,0.2,-2.75811,-0.365825,-18.7559,52.2595,50.8984,29.2313,-42.7588,1.03778,17.571
F_S_WWC_WM_450,F_S_WWC_WM,train,0.243241004641196,0.02789366220722915,-0.133419490764119,-0.163421581455149,0.0300020906774704,0.114675,0.0966596453011323,0.1520094822236421,0.9998498940924724,0.4924068228453881,0.3087534455594252,raw_stl/F_S_WWC_WM/F_S_WWC_WM_450.stl,normalized/F_S_WWC_WM/F_S_WWC_WM_450_norm.stl,pointclouds/F_S_WWC_WM/F_S_WWC_WM_450_pc.ply,-3.57802,6.96881,10.9269,-10.46,-0.6,0.5,3.54988,9.62433,-7.69552,-93.7667,-14.8213,0.3,32.7355,0.0,34.7805,18.4819,5.52002,-16.5754,-1.27621,-12.125,103.322,69.7365,132.809
F_S_WWC_WM_451,F_S_WWC_WM,train,0.216655889401993,0.02488834529505395,0.0406230650594684,-0.0931794204019933,0.133802485458471,0.114875,0.1016813670478623,0.1535859092987437,0.9999622637233346,0.4979948087133772,0.308420293927658,raw_stl/F_S_WWC_WM/F_S_WWC_WM_451.stl,normalized/F_S_WWC_WM/F_S_WWC_WM_451_norm.stl,pointclouds/F_S_WWC_WM/F_S_WWC_WM_451_pc.ply,6.26519,-7.94283,2.2564,-9.47998,-1.6,0.35,8.77888,5.00104,9.9787,50.2228,-10.7137,-0.2,21.4435,-0.3,7.7316,12.2602,-14.4471,-23.0304,110.544,3.47847,149.036,72.0194,-21.5835
F_S_WWC_WM_452,F_S_WWC_WM,train,0.240596203993355,0.028642978085408912,-0.102941548639534,-0.204472289292358,0.10153074065382,0.11905,0.1004159559132422,0.1530255905692866,0.9997268888128996,0.4865403892896469,0.3146036759881696,raw_stl/F_S_WWC_WM/F_S_WWC_WM_452.stl,normalized/F_S_WWC_WM/F_S_WWC_WM_452_norm.stl,pointclouds/F_S_WWC_WM/F_S_WWC_WM_452_pc.ply,-7.72726,6.89642,6.17078,11.1239,-1.31,-0.46,15.4014,-4.77133,6.7148,89.5403,1.74299,0.4,-4.55173,0.2,16.3332,12.5555,15.3211,19.7012,-16.3424,1.70069,134.316,80.9828,-141.018
F_S_WWC_WM_453,F_S_WWC_WM,train,0.22642705510299,0.02414278475035631,-0.0695672798817275,-0.0672846408847176,-0.002282638994485,0.106625,0.0903237599057913,0.1390266774922358,0.9999124968405226,0.460818022384338,0.3017218013977716,raw_stl/F_S_WWC_WM/F_S_WWC_WM_453.stl,normalized/F_S_WWC_WM/F_S_WWC_WM_453_norm.stl,pointclouds/F_S_WWC_WM/F_S_WWC_WM_453_pc.ply,2.7798,4.10775,2.87842,-10.1617,0.14,1.25,13.2299,8.6347,-13.1651,98.4883,3.77963,0.5,34.4295,-0.4,-1.46384,24.8158,-22.3906,0.841294,-28.8321,-41.0702,16.6164,-28.1286,9.46173
F_S_WWC_WM_454,F_S_WWC_WM,train,0.244875305096345,0.02627512023683782,-0.0700934174054664,-0.100499609026245,0.0304061915910574,0.1073,0.0892728649707606,0.142596207765574,0.9998718137582392,0.4514744801646462,0.3158860472665648,raw_stl/F_S_WWC_WM/F_S_WWC_WM_454.stl,normalized/F_S_WWC_WM/F_S_WWC_WM_454_norm.stl,pointclouds/F_S_WWC_WM/F_S_WWC_WM_454_pc.ply,-0.210201,8.1871,9.14885,-18.9723,-1.15,1.02,1.34318,-0.56055,-3.14007,65.4931,-7.1703,-0.4,28.127,0.2,-17.7427,4.82363,1.8141,-4.49989,-43.9378,36.9325,-45.5281,20.2403,144.146
F_S_WWC_WM_455,F_S_WWC_WM,train,0.240279427196013,0.02551166818253668,-0.0810638070299003,-0.0590426687714285,-0.02202113826798,0.106175,0.0908575498341729,0.1375412853665665,0.9996689305371786,0.4795836834373662,0.2868880675430159,raw_stl/F_S_WWC_WM/F_S_WWC_WM_455.stl,normalized/F_S_WWC_WM/F_S_WWC_WM_455_norm.stl,pointclouds/F_S_WWC_WM/F_S_WWC_WM_455_pc.ply,7.27606,3.95079,9.61736,-18.4379,-1.2,-1.59,-4.60726,8.43806,-47.7511,119.764,-2.56468,0.4,0.698004,0.6,-20.947,12.352,-24.2851,18.5333,28.3285,-0.0409913,123.189,-22.7807,-53.2464
F_S_WWC_WM_456,F_S_WWC_WM,train,0.245968031016611,0.02610335729163784,-0.0953028738780731,-0.0746864749704318,-0.0206163989278903,0.106125,0.0877519322427865,0.1354754640787945,0.9999633060034688,0.4296459538114922,0.3153304114598116,raw_stl/F_S_WWC_WM/F_S_WWC_WM_456.stl,normalized/F_S_WWC_WM/F_S_WWC_WM_456_norm.stl,pointclouds/F_S_WWC_WM/F_S_WWC_WM_456_pc.ply,11.5836,11.1043,15.8236,19.5628,-0.39,1.24,2.81542,-0.580985,25.2465,-91.4144,-8.51475,0.2,-17.0474,0.0,-13.0146,-3.45519,16.253,1.895,-21.0715,-44.3376,-8.55409,50.7866,-160.305
F_S_WWC_WM_457,F_S_WWC_WM,train,0.225698739923588,0.024155407640322004,-0.0842085550601328,-0.147201539315614,0.0629929842362126,0.107025,0.0925751938122608,0.135739374165987,0.9997864526521794,0.4642705931456833,0.2924336995388918,raw_stl/F_S_WWC_WM/F_S_WWC_WM_457.stl,normalized/F_S_WWC_WM/F_S_WWC_WM_457_norm.stl,pointclouds/F_S_WWC_WM/F_S_WWC_WM_457_pc.ply,-2.09493,-3.76243,2.41098,18.4984,-0.64,-0.77,-4.53625,-2.67401,-44.3993,-84.114,-7.81306,0.2,-3.20629,0.3,-23.9161,18.2686,-16.3239,13.1473,85.4465,47.4212,128.971,22.5237,-80.0455
F_S_WWC_WM_458,F_S_WWC_WM,train,0.218073371099667,0.022107187995228744,-0.0280370677762754,-0.0276466314007641,-0.0003904363716112,0.101375,0.0862990610771198,0.1332294854609454,0.999923474509236,0.4497577120004714,0.2962476865607066,raw_stl/F_S_WWC_WM/F_S_WWC_WM_458.stl,normalized/F_S_WWC_WM/F_S_WWC_WM_458_norm.stl,pointclouds/F_S_WWC_WM/F_S_WWC_WM_458_pc.ply,7.37789,7.56294,-5.81386,-19.2081,-1.3,-0.03,15.837,8.59228,-34.6977,110.628,-4.57981,-0.1,26.0818,-0.3,56.5419,3.10447,-11.6556,-19.3252,52.0434,-13.5993,29.4231,-13.7097,-92.8308
F_S_WWC_WM_459,F_S_WWC_WM,train,0.272221338232558,0.03422502774928836,0.0165976791914086,-0.0905003724541528,0.107098051663455,0.125725,0.1096812055547067,0.1676755190948485,0.9997386321438856,0.5104413316528994,0.3285771451934168,raw_stl/F_S_WWC_WM/F_S_WWC_WM_459.stl,normalized/F_S_WWC_WM/F_S_WWC_WM_459_norm.stl,pointclouds/F_S_WWC_WM/F_S_WWC_WM_459_pc.ply,4.48924,5.40258,12.3566,-13.7719,1.79,-0.47,19.4856,-2.42611,18.7551,86.5938,-9.59642,-0.3,5.34517,-0.3,9.11199,25.8368,18.547,6.9113,-13.4148,16.5088,95.3716,62.3958,26.6613
F_S_WWC_WM_460,F_S_WWC_WM,test,0.255125600109634,0.02475356135063724,-0.0182879498693099,-0.0442825943295681,0.0259946444521594,0.097025,0.0822893244865114,0.1237166365744116,0.9999682696678382,0.4279432948039534,0.2891050374457338,raw_stl/F_S_WWC_WM/F_S_WWC_WM_460.stl,normalized/F_S_WWC_WM/F_S_WWC_WM_460_norm.stl,pointclouds/F_S_WWC_WM/F_S_WWC_WM_460_pc.ply,7.47952,2.57958,-5.25793,13.4324,2.43,1.72,3.66169,6.05222,-41.2796,90.8984,-14.5685,0.4,21.6613,0.1,35.9352,15.7077,21.9921,30.3321,45.6425,-42.0241,25.7159,-17.7011,-6.64424
F_S_WWC_WM_461,F_S_WWC_WM,val,0.259961612229235,0.027991366596782877,0.0333849722525448,-0.0658029443176079,0.0991879165794352,0.107675,0.0905514160466866,0.143997165879765,0.9999705028999732,0.4503106730078575,0.3197823683414017,raw_stl/F_S_WWC_WM/F_S_WWC_WM_461.stl,normalized/F_S_WWC_WM/F_S_WWC_WM_461_norm.stl,pointclouds/F_S_WWC_WM/F_S_WWC_WM_461_pc.ply,6.98398,11.2424,-7.51176,-10.8301,1.88,-0.09,19.712,2.78101,-38.326,-3.84253,-7.96619,-0.3,-37.0827,0.3,-8.85254,-1.30711,0.440214,-12.7016,-9.55203,20.2744,-7.87102,48.6286,-90.1858
F_S_WWC_WM_462,F_S_WWC_WM,train,0.213033581392026,0.01933279751132636,-0.0039503591023169,-0.0413466235332225,0.0373962644321262,0.09075,0.0756791360226078,0.121380040539035,0.9999742461691998,0.4055339794255642,0.2993168828725733,raw_stl/F_S_WWC_WM/F_S_WWC_WM_462.stl,normalized/F_S_WWC_WM/F_S_WWC_WM_462_norm.stl,pointclouds/F_S_WWC_WM/F_S_WWC_WM_462_pc.ply,10.7021,-3.85183,18.7853,-7.2322,1.17,2.22,-5.56534,-3.15517,1.89103,107.224,-1.5811,0.3,11.5858,0.0,27.4638,25.7427,7.00244,-22.3355,98.3182,-37.9775,-26.2084,66.4116,-188.554
F_S_WWC_WM_463,F_S_WWC_WM,train,0.2474619220299,0.027424967508963668,-0.0109104510257926,-0.0291794730312956,0.0182690220049036,0.110825,0.0952891081499489,0.140193312683942,0.9999744403385205,0.475136928485209,0.295066301236803,raw_stl/F_S_WWC_WM/F_S_WWC_WM_463.stl,normalized/F_S_WWC_WM/F_S_WWC_WM_463_norm.stl,pointclouds/F_S_WWC_WM/F_S_WWC_WM_463_pc.ply,12.0169,-5.52905,13.0451,-7.54517,0.29,1.55,3.01814,1.20952,7.4973,117.531,-11.8334,0.3,-33.1049,0.2,39.6505,-12.5678,23.3555,51.1757,-0.783167,-31.0079,92.4457,-25.9364,-158.345
F_S_WWC_WM_464,F_S_WWC_WM,test,0.252918827916943,0.028383815462978926,-0.107552856931229,-0.149218364249169,0.0416655073388704,0.112225,0.095067267894071,0.1430662925549485,0.9997884288439598,0.4846671942793306,0.2952470671632099,raw_stl/F_S_WWC_WM/F_S_WWC_WM_464.stl,normalized/F_S_WWC_WM/F_S_WWC_WM_464_norm.stl,pointclouds/F_S_WWC_WM/F_S_WWC_WM_464_pc.ply,-0.869616,-0.0541968,18.955,-14.3321,0.66,-0.99,9.49699,7.13064,33.9598,5.39139,-9.07794,0.3,23.0913,0.6,17.5066,16.0552,22.4146,42.6832,-45.6924,-41.5928,126.626,5.33056,-87.947
F_S_WWC_WM_465,F_S_WWC_WM,test,0.278280285906976,0.026130518846665046,-0.0704059343076412,-0.0480931679916943,-0.022312766323789,0.0939,0.0787013133764547,0.1227033680984134,0.999910939030054,0.4232803823292927,0.2899125550715412,raw_stl/F_S_WWC_WM/F_S_WWC_WM_465.stl,normalized/F_S_WWC_WM/F_S_WWC_WM_465_norm.stl,pointclouds/F_S_WWC_WM/F_S_WWC_WM_465_pc.ply,6.94925,9.67803,17.186,-17.7123,2.27,-0.54,6.42536,2.24477,-13.0257,-58.8338,-13.7142,0.5,1.61959,0.3,27.3363,5.94821,9.41779,31.6547,-50.9923,-22.6828,-39.7845,-42.3428,-25.5712
F_S_WWC_WM_466,F_S_WWC_WM,val,0.237990613186046,0.025227004997720875,-0.104437284483388,-0.217039242857142,0.112601958345847,0.106,0.0885927365757304,0.1362499420359285,0.9999476568940896,0.443683640332175,0.3071041205224057,raw_stl/F_S_WWC_WM/F_S_WWC_WM_466.stl,normalized/F_S_WWC_WM/F_S_WWC_WM_466_norm.stl,pointclouds/F_S_WWC_WM/F_S_WWC_WM_466_pc.ply,-7.80991,-6.85375,17.37,14.2213,0.31,1.33,-9.43143,3.58033,-9.24869,40.8899,-2.62906,0.6,-34.1564,0.7,-10.5362,21.7031,17.9901,14.1319,-34.8687,14.3807,59.7039,69.1681,-108.319
F_S_WWC_WM_467,F_S_WWC_WM,val,0.244113185365448,0.0223546649498409,-0.0054460744821395,-0.0707476361950166,0.0653015617116279,0.091575,0.0786970768466694,0.1210593246417165,0.99998652634665,0.4123781048738043,0.293567855189877,raw_stl/F_S_WWC_WM/F_S_WWC_WM_467.stl,normalized/F_S_WWC_WM/F_S_WWC_WM_467_norm.stl,pointclouds/F_S_WWC_WM/F_S_WWC_WM_467_pc.ply,3.1989,-1.93819,-6.75451,-17.0844,0.16,-0.89,13.3327,-0.736289,-25.5223,126.624,-1.54964,0.0,-26.5699,0.2,-8.07235,9.0142,29.3575,17.4459,60.5302,-39.7325,-49.4296,-22.6611,-137.044
F_S_WWC_WM_468,F_S_WWC_WM,train,0.221002439485049,0.01978524339489901,0.038499395416897,-0.0226856254587308,0.0611850208651162,0.089525,0.0741209898506465,0.1181512254826169,0.9999610775073184,0.4089392948143484,0.2889324305590841,raw_stl/F_S_WWC_WM/F_S_WWC_WM_468.stl,normalized/F_S_WWC_WM/F_S_WWC_WM_468_norm.stl,pointclouds/F_S_WWC_WM/F_S_WWC_WM_468_pc.ply,11.8366,-5.75465,-4.8503,-6.10936,-0.82,2.12,6.21928,4.93156,-10.471,133.902,-12.0624,0.2,39.0698,0.5,20.2346,-18.5253,9.44947,-17.5478,116.784,27.7239,4.04172,48.9029,-128.437
F_S_WWC_WM_469,F_S_WWC_WM,train,0.249336948475083,0.023306771258708385,0.0632037466644518,-0.0225725273834318,0.0857762740425249,0.093475,0.0807277534601422,0.1190944747035512,0.9999770827350564,0.4116200204868017,0.2893377342163318,raw_stl/F_S_WWC_WM/F_S_WWC_WM_469.stl,normalized/F_S_WWC_WM/F_S_WWC_WM_469_norm.stl,pointclouds/F_S_WWC_WM/F_S_WWC_WM_469_pc.ply,6.00715,-4.74442,-7.53334,18.6822,0.49,1.28,-0.733007,3.40983,5.65822,-19.8315,-5.87663,0.1,-19.9517,-0.1,15.8686,16.3642,-15.5023,14.9076,87.1372,-48.3422,-11.7773,-26.5734,-125.202
F_S_WWC_WM_470,F_S_WWC_WM,train,0.246340208940199,0.026364560861824798,-0.0837232334906976,-0.0554655504840531,-0.0282576830148338,0.107025,0.0921965077435992,0.1399710662697071,0.9999057476593304,0.4834878347614131,0.2895300564965772,raw_stl/F_S_WWC_WM/F_S_WWC_WM_470.stl,normalized/F_S_WWC_WM/F_S_WWC_WM_470_norm.stl,pointclouds/F_S_WWC_WM/F_S_WWC_WM_470_pc.ply,6.48065,1.16874,1.59285,-16.2652,-1.47,1.36,19.5626,-2.20158,34.9474,86.1804,-11.3552,0.3,36.2681,0.4,31.9125,11.6322,-22.3465,19.5479,-53.7065,-5.46479,97.5067,-49.6676,-66.2152
F_S_WWC_WM_471,F_S_WWC_WM,train,0.248327459345514,0.028948773573203294,-0.0252354062303279,-0.0944917306388704,0.0692563243976744,0.116575,0.0999934721603427,0.1478130988548829,0.9998982665202164,0.4754282036971171,0.3109368286866327,raw_stl/F_S_WWC_WM/F_S_WWC_WM_471.stl,normalized/F_S_WWC_WM/F_S_WWC_WM_471_norm.stl,pointclouds/F_S_WWC_WM/F_S_WWC_WM_471_pc.ply,3.56341,-3.29338,8.07505,15.1689,0.2,2.07,-8.09814,-3.16617,8.47876,50.9723,-13.4194,0.0,19.9785,-0.1,55.8969,26.8499,-23.9132,27.2823,-24.2997,-14.1759,93.2972,30.5423,-102.171
F_S_WWC_WM_472,F_S_WWC_WM,test,0.25935706230897,0.023731171201270752,-0.0588605193828239,-0.0371234518890365,-0.0217370674939421,0.0915,0.0765795245586326,0.1200242029355408,0.9999535133561664,0.4147961370491738,0.2893705413246651,raw_stl/F_S_WWC_WM/F_S_WWC_WM_472.stl,normalized/F_S_WWC_WM/F_S_WWC_WM_472_norm.stl,pointclouds/F_S_WWC_WM/F_S_WWC_WM_472_pc.ply,7.57616,13.9566,19.9334,-9.73043,0.04,-1.32,-0.98594,3.79981,-36.9208,27.3129,-12.1215,-0.1,38.6347,0.6,-4.6538,29.43,-6.66621,15.9959,108.124,5.31486,7.13734,42.9522,-72.2595
F_S_WWC_WM_473,F_S_WWC_WM,train,0.238912898222591,0.02685380976021923,0.049230895199784,-0.0896947467621262,0.138925641961129,0.1124,0.0934962804347984,0.1457045013332325,0.9999785413112184,0.4642332899374705,0.3138672542150121,raw_stl/F_S_WWC_WM/F_S_WWC_WM_473.stl,normalized/F_S_WWC_WM/F_S_WWC_WM_473_norm.stl,pointclouds/F_S_WWC_WM/F_S_WWC_WM_473_pc.ply,0.847271,10.7379,-6.09542,9.26516,-0.33,-0.56,-1.72091,-3.3997,-18.3253,-57.1084,0.520774,0.6,1.59872,-0.4,16.7638,-9.36673,-26.9378,-12.1932,-42.9548,37.9459,44.2768,33.7133,-81.1225
F_S_WWC_WM_474,F_S_WWC_WM,train,0.246045314591362,0.025490294591665102,0.0006450132075299,-0.0544084708259136,0.0550534840289036,0.1036,0.087285948117173,0.1313582642882641,0.9997380229576762,0.4418179359621008,0.2973910189260334,raw_stl/F_S_WWC_WM/F_S_WWC_WM_474.stl,normalized/F_S_WWC_WM/F_S_WWC_WM_474_norm.stl,pointclouds/F_S_WWC_WM/F_S_WWC_WM_474_pc.ply,7.47206,-4.84255,7.20428,13.2818,0.92,0.19,-3.71549,-4.48384,48.1842,-20.9868,-7.26933,0.7,-21.5865,0.3,-15.6561,-13.0701,8.12409,36.2512,92.7637,0.344664,63.7422,68.1871,137.721
F_S_WWC_WM_475,F_S_WWC_WM,train,0.230128177119601,0.019923346934129456,-0.0308369301342358,-0.0415800046870431,0.0107430745523322,0.086575,0.0745699442053837,0.1131667541727733,0.9997273649840244,0.4067201348877841,0.2783181999037222,raw_stl/F_S_WWC_WM/F_S_WWC_WM_475.stl,normalized/F_S_WWC_WM/F_S_WWC_WM_475_norm.stl,pointclouds/F_S_WWC_WM/F_S_WWC_WM_475_pc.ply,8.29876,-6.53659,14.0974,-0.305176,2.27,-0.88,15.0838,-0.242565,-16.7225,96.9481,-3.73485,0.0,39.7948,0.6,-7.01129,-5.47783,16.6304,9.48931,92.9837,30.6153,-10.7236,-40.7498,-192.509
F_S_WWC_WM_476,F_S_WWC_WM,train,0.219489331126245,0.021230105553186048,-0.0079612237385149,-0.0557174846348837,0.047756260895681,0.096725,0.08249118513301,0.1271852161409393,0.9998751460400984,0.4424672058793043,0.2874814133375322,raw_stl/F_S_WWC_WM/F_S_WWC_WM_476.stl,normalized/F_S_WWC_WM/F_S_WWC_WM_476_norm.stl,pointclouds/F_S_WWC_WM/F_S_WWC_WM_476_pc.ply,9.34228,-4.53654,0.783355,-1.11424,0.25,0.59,4.12493,-4.72144,-36.4542,-50.3603,-14.089,0.7,35.92,-0.1,21.1242,18.9705,3.72991,-10.3105,114.915,-29.1653,69.0283,34.8968,-10.6985
F_S_WWC_WM_477,F_S_WWC_WM,val,0.231237080920265,0.0222507881115525,-0.0691544064030033,-0.15959035282392,0.0904359463921332,0.096225,0.0793399166220854,0.1234535026511091,0.999887537941831,0.4306740774674918,0.2866840483497762,raw_stl/F_S_WWC_WM/F_S_WWC_WM_477.stl,normalized/F_S_WWC_WM/F_S_WWC_WM_477_norm.stl,pointclouds/F_S_WWC_WM/F_S_WWC_WM_477_pc.ply,-4.98776,10.3602,-2.65771,2.17476,2.16,-1.68,5.78489,3.36028,0.568186,-68.4063,2.32905,0.7,-19.7201,0.5,-0.151568,-17.0134,-0.0952003,-7.22275,118.736,-19.5903,71.4622,46.0755,-134.673
F_S_WWC_WM_478,F_S_WWC_WM,train,0.228125284445182,0.022082527534293617,-0.147508240136212,-0.171301171272425,0.0237929310999335,0.0968,0.0798450116180423,0.1211876525297727,0.9995572698465416,0.4325929987766346,0.2802665093174289,raw_stl/F_S_WWC_WM/F_S_WWC_WM_478.stl,normalized/F_S_WWC_WM/F_S_WWC_WM_478_norm.stl,pointclouds/F_S_WWC_WM/F_S_WWC_WM_478_pc.ply,-6.98766,6.30253,11.2655,18.013,-0.73,1.31,6.88274,-2.82949,-13.6614,19.9748,-13.5788,0.4,-14.5461,0.6,40.39,-2.12336,22.1676,-20.3442,95.4085,32.568,76.7355,3.89962,90.7903
F_S_WWC_WM_479,F_S_WWC_WM,train,0.28342994795681,0.025331551598639892,-0.0451309389451847,-0.133923262009966,0.0887923230634551,0.089375,0.0745282664633708,0.1141517319368652,0.9998347396322208,0.4023311290901633,0.2837727224099379,raw_stl/F_S_WWC_WM/F_S_WWC_WM_479.stl,normalized/F_S_WWC_WM/F_S_WWC_WM_479_norm.stl,pointclouds/F_S_WWC_WM/F_S_WWC_WM_479_pc.ply,-7.46355,9.19522,-4.72255,11.2959,1.68,-0.31,-3.92593,0.305473,43.7524,112.879,-4.55339,0.0,-9.755,0.7,43.7722,14.219,-5.56467,19.1485,5.43624,-24.2103,-53.0151,-57.457,48.4067
F_S_WWC_WM_480,F_S_WWC_WM,test,0.274671309697674,0.024912687789579033,0.0626029894395348,-0.020632873510196,0.0832358629295681,0.0907,0.0748548298954795,0.1189083183163135,0.9999880331511612,0.3987655677901318,0.2981946057935339,raw_stl/F_S_WWC_WM/F_S_WWC_WM_480.stl,normalized/F_S_WWC_WM/F_S_WWC_WM_480_norm.stl,pointclouds/F_S_WWC_WM/F_S_WWC_WM_480_pc.ply,12.5195,-4.05757,-3.00006,-7.50774,-0.07,-0.55,2.31325,2.12208,14.937,40.7353,-12.5747,-0.2,-30.6057,0.9,32.1416,3.51763,7.87314,37.8178,107.132,-32.5867,-56.876,84.1677,85.3475
F_S_WWC_WM_481,F_S_WWC_WM,test,0.244373704993355,0.023667593328606434,-0.0199746963719634,-0.127239682425249,0.107264986051827,0.09685,0.0823234779784127,0.1270361897215436,0.9998822893685476,0.4406711487410458,0.2883128277288404,raw_stl/F_S_WWC_WM/F_S_WWC_WM_481.stl,normalized/F_S_WWC_WM/F_S_WWC_WM_481_norm.stl,pointclouds/F_S_WWC_WM/F_S_WWC_WM_481_pc.ply,-5.40066,-0.247541,9.76116,-12.4133,0.07,1.81,-9.22453,-3.46384,38.7624,-56.0578,1.58555,-0.1,18.3749,1.0,22.2709,-15.1505,-0.990484,15.4139,-5.59761,-23.8446,22.7867,-9.64204,3.42872
F_S_WWC_WM_482,F_S_WWC_WM,test,0.222848511923588,0.02491446363305714,-0.0388451596568139,-0.094519683367774,0.0556745237255515,0.1118,0.0910782863645093,0.1453643217539297,0.9998597828373684,0.4708427208292223,0.3087755225970525,raw_stl/F_S_WWC_WM/F_S_WWC_WM_482.stl,normalized/F_S_WWC_WM/F_S_WWC_WM_482_norm.stl,pointclouds/F_S_WWC_WM/F_S_WWC_WM_482_pc.ply,4.79361,4.89431,1.91858,-0.171758,1.38,1.58,18.0981,2.87678,-1.6859,139.904,4.43019,0.7,-32.5876,0.9,4.75773,4.5303,-2.55646,-4.63858,-19.8139,21.0976,119.48,84.6687,-167.56
F_S_WWC_WM_483,F_S_WWC_WM,train,0.235363554116279,0.023000903326013365,-0.0837087031877076,-0.0428973853505647,-0.0408113178349514,0.097725,0.0813125980901964,0.1267818235938169,0.9995963796396656,0.4400589928251837,0.2882182117610192,raw_stl/F_S_WWC_WM/F_S_WWC_WM_483.stl,normalized/F_S_WWC_WM/F_S_WWC_WM_483_norm.stl,pointclouds/F_S_WWC_WM/F_S_WWC_WM_483_pc.ply,9.70899,12.8963,8.44016,-17.3756,0.97,0.9,-8.77331,4.26591,-27.1686,-14.6191,2.68983,0.6,17.244,0.3,-20.2772,-16.4597,-11.1888,3.45189,82.7455,16.4151,51.6959,15.7301,-77.8813
F_S_WWC_WM_484,F_S_WWC_WM,train,0.258866131461794,0.028934761844142023,0.0483760911910298,-0.0391804849614617,0.0875565761408637,0.111775,0.0942351038944437,0.1400208231782097,0.9999055963917038,0.4623565809759523,0.3028702275666902,raw_stl/F_S_WWC_WM/F_S_WWC_WM_484.stl,normalized/F_S_WWC_WM/F_S_WWC_WM_484_norm.stl,pointclouds/F_S_WWC_WM/F_S_WWC_WM_484_pc.ply,5.10347,5.34724,7.36034,17.6166,2.23,1.39,12.7145,-4.01332,22.9152,-51.4419,-0.535212,-0.3,23.7445,0.6,42.1771,20.8215,15.6972,39.8728,13.244,37.7717,102.812,41.8437,-131.571
F_S_WWC_WM_485,F_S_WWC_WM,train,0.245778693591362,0.02269766235316228,-0.100304619792358,-0.176954128897009,0.0766495091086378,0.09235,0.0792462074467163,0.1235048089131546,0.9999172465598144,0.4199314354779642,0.2941314218742271,raw_stl/F_S_WWC_WM/F_S_WWC_WM_485.stl,normalized/F_S_WWC_WM/F_S_WWC_WM_485_norm.stl,pointclouds/F_S_WWC_WM/F_S_WWC_WM_485_pc.ply,-7.98577,-2.27331,-0.97753,-19.4096,-0.17,0.16,-0.0686506,0.342698,24.627,-75.6599,-8.24217,0.2,26.5554,0.1,-3.24966,27.2607,-15.019,5.05745,16.198,-1.04761,-50.6772,-12.0845,-4.84133
F_S_WWC_WM_486,F_S_WWC_WM,train,0.255728604813953,0.0252979522312203,-0.0976907407524916,-0.160895927385382,0.063205186651495,0.098925,0.0833636928641485,0.1303636657506923,0.9998574503375608,0.4347880971248996,0.2998753934590933,raw_stl/F_S_WWC_WM/F_S_WWC_WM_486.stl,normalized/F_S_WWC_WM/F_S_WWC_WM_486_norm.stl,pointclouds/F_S_WWC_WM/F_S_WWC_WM_486_pc.ply,-7.76337,0.49401,6.97924,-14.5404,-0.3,1.38,3.10555,7.01077,-42.1001,81.3638,-3.2731,0.1,-31.9916,0.7,-17.3467,29.2464,-4.37053,24.0653,7.35779,-26.6786,-21.0328,14.8136,79.5103
F_S_WWC_WM_488,F_S_WWC_WM,train,0.243650696940199,0.024614811658383605,-0.052184290630897,-0.119431263211627,0.0672469725740863,0.101025,0.0846070968772944,0.1354802864238311,0.9997679173651488,0.4306376999302285,0.3146768997851575,raw_stl/F_S_WWC_WM/F_S_WWC_WM_488.stl,normalized/F_S_WWC_WM/F_S_WWC_WM_488_norm.stl,pointclouds/F_S_WWC_WM/F_S_WWC_WM_488_pc.ply,-2.21213,2.04421,8.3926,-15.3467,0.47,0.89,16.8488,-2.74531,20.7993,-70.3878,1.50487,0.0,-27.9788,0.2,-5.96309,-1.80526,-11.898,0.783284,16.7348,-41.8475,-57.0275,70.0555,127.773
F_S_WWC_WM_489,F_S_WWC_WM,train,0.23589074310299,0.02443238371689219,-0.0454770605208604,-0.0605715335083056,0.0150944729825116,0.103575,0.0922419887729893,0.1345171340488621,0.9999769428350364,0.4739865755985519,0.2838060034385048,raw_stl/F_S_WWC_WM/F_S_WWC_WM_489.stl,normalized/F_S_WWC_WM/F_S_WWC_WM_489_norm.stl,pointclouds/F_S_WWC_WM/F_S_WWC_WM_489_pc.ply,9.85023,-3.93421,13.5815,-10.2335,1.82,1.84,-4.06937,5.4101,-10.5889,44.7179,-12.7692,0.6,32.3759,-0.3,-4.01857,2.92234,15.3994,45.3637,117.328,31.1315,133.51,-15.5761,-102.555
F_S_WWC_WM_490,F_S_WWC_WM,train,0.261192099784053,0.02814997855422631,-0.0521682298335232,-0.0499165340966777,-0.0022516957319501,0.107775,0.0932108908792806,0.1374498623781019,0.9997730853164256,0.4779848905631124,0.2876263697103524,raw_stl/F_S_WWC_WM/F_S_WWC_WM_490.stl,normalized/F_S_WWC_WM/F_S_WWC_WM_490_norm.stl,pointclouds/F_S_WWC_WM/F_S_WWC_WM_490_pc.ply,12.275,6.08096,11.7464,11.1593,0.15,1.97,-3.14621,4.57333,-22.2054,80.5526,-12.2506,-0.3,-6.61694,0.4,0.114685,-4.81509,-17.9567,14.8459,76.1762,24.6815,113.809,-37.446,138.361
F_S_WWC_WM_491,F_S_WWC_WM,test,0.260605639943521,0.0278001066409751,-0.0975566646501661,-0.158191634478405,0.0606349698403388,0.106675,0.0886197522940959,0.1321381418143261,0.9998517876033785,0.4472745173509359,0.2954734153218365,raw_stl/F_S_WWC_WM/F_S_WWC_WM_491.stl,normalized/F_S_WWC_WM/F_S_WWC_WM_491_norm.stl,pointclouds/F_S_WWC_WM/F_S_WWC_WM_491_pc.ply,-6.5347,10.5244,-6.4664,13.9859,-1.32,1.01,9.94203,6.08956,29.7767,85.0923,-5.82149,0.5,15.7247,-0.2,58.0526,27.3137,-13.6066,37.2613,-37.6371,-34.4377,37.215,-33.1988,-73.3159
F_S_WWC_WM_492,F_S_WWC_WM,train,0.23412370344186,0.023201659011088324,-0.0683812217146179,-0.105036677027906,0.0366554553173591,0.0991,0.0812085552665462,0.1311975251997551,0.9999410985387668,0.4234718671739632,0.3098322782490798,raw_stl/F_S_WWC_WM/F_S_WWC_WM_492.stl,normalized/F_S_WWC_WM/F_S_WWC_WM_492_norm.stl,pointclouds/F_S_WWC_WM/F_S_WWC_WM_492_pc.ply,0.252634,12.2698,13.9097,-1.96293,-1.32,-0.34,6.40887,3.27062,1.51725,23.3161,-5.94068,0.4,-37.8997,0.3,2.48682,27.9127,-16.5735,-20.2987,8.01649,-24.0397,-23.0147,71.8829,-67.6825
F_S_WWC_WM_493,F_S_WWC_WM,train,0.269779942036544,0.024738820684751084,-0.0473027998717903,-0.0533564910963455,0.0060536912205514,0.0917,0.0740496523515913,0.1206865834287233,0.9992829751448868,0.4139161861859972,0.2917817298087451,raw_stl/F_S_WWC_WM/F_S_WWC_WM_493.stl,normalized/F_S_WWC_WM/F_S_WWC_WM_493_norm.stl,pointclouds/F_S_WWC_WM/F_S_WWC_WM_493_pc.ply,9.87846,12.9883,10.549,-16.8075,2.03,1.09,-8.25619,5.80511,29.1357,9.11563,-12.6832,0.4,-34.5436,0.9,32.5963,-7.23184,13.5795,-8.79346,50.493,-35.208,-25.4546,39.1905,72.8665
F_S_WWC_WM_494,F_S_WWC_WM,train,0.251979835870431,0.02390658692820714,-0.0436022025779279,0.0010334010591275,-0.0446356036350195,0.094875,0.0776377023243046,0.1221454738668137,0.9999416826121216,0.4204611361946321,0.2905205427373366,raw_stl/F_S_WWC_WM/F_S_WWC_WM_494.stl,normalized/F_S_WWC_WM/F_S_WWC_WM_494_norm.stl,pointclouds/F_S_WWC_WM/F_S_WWC_WM_494_pc.ply,13.05,9.45609,16.3521,-13.2836,0.18,0.65,17.3687,-2.3783,2.02552,86.7495,2.55908,0.2,37.1297,0.3,49.6848,17.1585,-26.3806,40.014,38.8182,21.649,-29.1789,10.2255,110.437
F_S_WWC_WM_495,F_S_WWC_WM,train,0.244336862794019,0.025612611642383043,-0.0670613704245847,-0.128054452053156,0.0609930816202657,0.104825,0.0912011800301441,0.1303061749149973,0.9997961745300769,0.4601269383284182,0.2832538788545303,raw_stl/F_S_WWC_WM/F_S_WWC_WM_495.stl,normalized/F_S_WWC_WM/F_S_WWC_WM_495_norm.stl,pointclouds/F_S_WWC_WM/F_S_WWC_WM_495_pc.ply,-3.67123,-2.23315,12.4647,16.1141,2.22,1.05,17.5276,1.06589,-13.729,117.447,-1.01156,0.2,26.7459,0.1,49.1517,-0.567055,-26.7538,53.8965,74.884,-20.7042,117.904,-32.0126,25.1124
F_S_WWC_WM_496,F_S_WWC_WM,val,0.227064781461794,0.024386757528996675,-0.0299287043906312,-0.0975635375119601,0.067634833113289,0.1074,0.0953815186722865,0.1416216472170191,0.9999580429029372,0.4859630335253876,0.2914369606924837,raw_stl/F_S_WWC_WM/F_S_WWC_WM_496.stl,normalized/F_S_WWC_WM/F_S_WWC_WM_496_norm.stl,pointclouds/F_S_WWC_WM/F_S_WWC_WM_496_pc.ply,-0.730784,-0.564574,2.33321,-16.6971,0.08,2.26,10.1255,-4.6494,-23.2156,11.9388,-10.0355,-0.1,-5.86992,-0.3,-0.544273,20.0431,6.03442,-6.61567,79.7296,28.0109,104.5,-42.9486,-191.452
F_S_WWC_WM_497,F_S_WWC_WM,train,0.216727605634551,0.023433672359235828,-0.0573954811906976,-0.0705786975754152,0.0131832163869787,0.108125,0.0919958428544285,0.1378919287659301,0.9998523305184012,0.4532324967934895,0.3042859794445838,raw_stl/F_S_WWC_WM/F_S_WWC_WM_497.stl,normalized/F_S_WWC_WM/F_S_WWC_WM_497_norm.stl,pointclouds/F_S_WWC_WM/F_S_WWC_WM_497_pc.ply,11.0325,2.79293,16.039,18.7311,-1.14,0.93,17.0063,-2.44776,-4.71235,13.7681,1.3477,0.1,-1.25275,-0.1,21.6736,27.5146,-21.794,6.34482,84.1938,-32.2753,81.848,65.0984,42.1215
F_S_WWC_WM_498,F_S_WWC_WM,test,0.2406328490299,0.02144038684856409,-0.184071727631229,-0.134172520169435,-0.0498992074401794,0.0891,0.072100966945354,0.1165662696339542,0.9999472809886388,0.3984201935829985,0.2925866135651885,raw_stl/F_S_WWC_WM/F_S_WWC_WM_498.stl,normalized/F_S_WWC_WM/F_S_WWC_WM_498_norm.stl,pointclouds/F_S_WWC_WM/F_S_WWC_WM_498_pc.ply,-4.33683,5.1253,12.74,-4.26684,-0.92,2.19,8.19858,9.21937,4.049,62.5738,-4.7943,0.8,22.4025,0.5,52.6086,23.849,7.24491,-4.19263,-39.1275,-1.40313,-52.2842,20.9754,-129.029
F_S_WWC_WM_499,F_S_WWC_WM,val,0.234087348053156,0.02107371350848537,-0.115078929894019,-0.175231051970099,0.0601521220607973,0.090025,0.074145640615754,0.1195979454925409,0.9997735483965442,0.4040331659149812,0.2960772650991997,raw_stl/F_S_WWC_WM/F_S_WWC_WM_499.stl,normalized/F_S_WWC_WM/F_S_WWC_WM_499_norm.stl,pointclouds/F_S_WWC_WM/F_S_WWC_WM_499_pc.ply,-6.83696,-0.205503,5.21182,-10.2072,1.37,2.25,-0.815763,-1.99733,-0.851894,8.64786,-11.0279,0.7,-16.2593,0.3,47.1461,16.3541,-26.4205,-24.5699,56.1111,16.0193,-31.7377,59.0999,-105.167
F_S_WWC_WM_500,F_S_WWC_WM,train,0.24781601236877,0.0244284634192515,-0.0920336979431893,-0.0619794493156146,-0.0300542486421073,0.098575,0.0819557537811552,0.1218239959432951,0.9993436702261256,0.443524696370505,0.2748528011382918,raw_stl/F_S_WWC_WM/F_S_WWC_WM_500.stl,normalized/F_S_WWC_WM/F_S_WWC_WM_500_norm.stl,pointclouds/F_S_WWC_WM/F_S_WWC_WM_500_pc.ply,3.92431,6.05572,7.60156,14.8246,1.26,2.17,0.505814,7.03939,26.3574,-64.2514,-10.0819,0.6,39.6758,1.0,31.2077,-11.2503,2.22478,43.6733,24.0143,-31.6174,113.009,-21.7949,-82.4127
F_S_WWC_WM_501,F_S_WWC_WM,train,0.226155702083056,0.023028304364607177,0.0005594448762857,-0.030756331412469,0.0313157762907458,0.101825,0.0832188033981143,0.1326708083420922,0.9999307444043312,0.4526981444091781,0.2930871239763797,raw_stl/F_S_WWC_WM/F_S_WWC_WM_501.stl,normalized/F_S_WWC_WM/F_S_WWC_WM_501_norm.stl,pointclouds/F_S_WWC_WM/F_S_WWC_WM_501_pc.ply,11.3192,12.1565,-4.55923,-1.33486,-0.02,1.42,14.7322,-3.48872,-1.31035,0.359371,4.88698,0.1,17.5277,1.0,26.883,3.85122,-27.073,-12.8179,11.5018,-16.4974,80.246,31.9074,-142.749
F_S_WWC_WM_502,F_S_WWC_WM,train,0.268763681996677,0.02506221334619013,-0.0521529206913853,-0.0431147797548172,-0.0090381409380465,0.09325,0.0764031468249621,0.1202895030172523,0.999969622683657,0.4104051187729911,0.2931083256470803,raw_stl/F_S_WWC_WM/F_S_WWC_WM_502.stl,normalized/F_S_WWC_WM/F_S_WWC_WM_502_norm.stl,pointclouds/F_S_WWC_WM/F_S_WWC_WM_502_pc.ply,7.66194,4.44226,19.0366,-7.88473,-1.21,-0.69,13.6346,9.23108,-26.0898,113.997,-7.79581,0.6,29.4748,0.1,37.5055,16.9072,9.62087,53.3761,37.5586,-38.7991,-39.2846,39.7921,90.2908
F_S_WWC_WM_503,F_S_WWC_WM,train,0.258626901913621,0.025959675279579708,-0.0023503582369787,0.0049487599497142,-0.0072991181885966,0.100375,0.0846138293814186,0.1312833069762959,0.9999306644069894,0.4423860364355507,0.2967824465511656,raw_stl/F_S_WWC_WM/F_S_WWC_WM_503.stl,normalized/F_S_WWC_WM/F_S_WWC_WM_503_norm.stl,pointclouds/F_S_WWC_WM/F_S_WWC_WM_503_pc.ply,13.6842,14.1241,-1.28114,-14.3915,-1.75,-1.52,-1.35672,2.1,38.3744,93.6162,-5.58687,-0.2,20.2477,0.0,40.5454,21.3648,-14.3899,9.62728,-5.96286,13.9231,-23.8676,-42.1739,10.6805
F_S_WWC_WM_504,F_S_WWC_WM,train,0.25461599788372,0.028058682966785948,-0.0748816041337508,-0.152755369744186,0.0778737656342192,0.1102,0.093202699717675,0.1473796085510212,0.9997836289403996,0.458419126981299,0.3215649074354212,raw_stl/F_S_WWC_WM/F_S_WWC_WM_504.stl,normalized/F_S_WWC_WM/F_S_WWC_WM_504_norm.stl,pointclouds/F_S_WWC_WM/F_S_WWC_WM_504_pc.ply,-0.248724,7.33671,-3.71871,-17.8643,1.29,1.32,7.47271,-2.13589,33.0237,107.725,-5.72514,0.0,-33.1943,0.0,-22.6081,13.4623,-15.7912,-7.09992,25.4095,45.0572,24.6439,71.3469,-164.195
F_S_WWC_WM_505,F_S_WWC_WM,val,0.251919536156146,0.023560774619003553,-0.0617696832790697,-0.0930636296159468,0.0312939463418837,0.093525,0.0794983237339999,0.1224712609922802,0.9997982552071878,0.4389680662540836,0.279054408131491,raw_stl/F_S_WWC_WM/F_S_WWC_WM_505.stl,normalized/F_S_WWC_WM/F_S_WWC_WM_505_norm.stl,pointclouds/F_S_WWC_WM/F_S_WWC_WM_505_pc.ply,1.54088,7.65222,4.98593,-17.3092,1.01,-1.09,-9.48085,-1.77806,-2.75982,131.241,-1.43833,0.3,-35.0543,0.9,34.8682,-15.9701,-10.41,34.6663,54.47,-16.7664,35.2671,-33.8811,67.9496
F_S_WWC_WM_506,F_S_WWC_WM,train,0.261570014717608,0.025346134426136216,-0.0240772166284983,-0.0171748772847707,-0.0069023393431096,0.0969,0.0795528272891002,0.1212861286325579,0.9999952653602678,0.4084112875123888,0.2969719657361852,raw_stl/F_S_WWC_WM/F_S_WWC_WM_506.stl,normalized/F_S_WWC_WM/F_S_WWC_WM_506_norm.stl,pointclouds/F_S_WWC_WM/F_S_WWC_WM_506_pc.ply,11.2471,6.25249,3.20399,18.1804,0.63,-1.54,4.84072,8.57802,-17.2367,38.1143,-12.5394,-0.3,33.0832,0.6,46.2559,8.6003,24.737,22.095,-40.8077,0.934264,-48.2837,-22.1755,36.9132
F_S_WWC_WM_507,F_S_WWC_WM,train,0.232111532295681,0.02718606322013164,-0.0554726182886877,-0.0697249253880398,0.0142523071014003,0.117125,0.0972571262319008,0.1518250360581443,0.999970288378458,0.5023314955964655,0.3022497066004332,raw_stl/F_S_WWC_WM/F_S_WWC_WM_507.stl,normalized/F_S_WWC_WM/F_S_WWC_WM_507_norm.stl,pointclouds/F_S_WWC_WM/F_S_WWC_WM_507_pc.ply,12.6404,12.5129,0.166011,-4.44108,-0.54,-0.89,-4.7983,-1.90773,-44.4561,75.5718,2.2854,-0.3,-33.8188,0.9,17.968,4.03055,4.78584,-0.959704,-22.8674,-11.1429,121.16,5.73284,104.946
F_S_WWC_WM_508,F_S_WWC_WM,train,0.206400395461794,0.017652393821869932,-0.0479385892769966,-0.0592003729704318,0.0112617836967275,0.085525,0.0705538922037344,0.1120758609073233,0.9998501403941024,0.3899693446019491,0.2874396683243167,raw_stl/F_S_WWC_WM/F_S_WWC_WM_508.stl,normalized/F_S_WWC_WM/F_S_WWC_WM_508_norm.stl,pointclouds/F_S_WWC_WM/F_S_WWC_WM_508_pc.ply,1.71507,-2.08332,15.8467,6.7236,-0.21,-1.24,16.8222,9.18879,34.6547,95.8915,1.62517,0.4,-24.4199,0.9,2.24076,-9.7475,-12.2597,-19.5934,74.1891,4.50615,-30.8071,35.9148,-113.612
F_S_WWC_WM_509,F_S_WWC_WM,val,0.248905958627907,0.025855106452473835,0.0365531354829391,-0.0556438316335548,0.0921969670973421,0.103875,0.0877051188700378,0.1354472387603241,0.9999912879712614,0.4545020742998367,0.298014962856881,raw_stl/F_S_WWC_WM/F_S_WWC_WM_509.stl,normalized/F_S_WWC_WM/F_S_WWC_WM_509_norm.stl,pointclouds/F_S_WWC_WM/F_S_WWC_WM_509_pc.ply,9.47041,8.31584,-0.810148,5.32752,1.62,2.37,-7.41436,-3.08404,14.3115,121.273,-13.3394,-0.2,-22.978,0.5,9.45075,-17.2909,13.9952,-4.81778,122.9,-7.15741,88.5985,48.2412,-15.8021
F_S_WWC_WM_510,F_S_WWC_WM,train,0.247843809448504,0.028198429420003543,-0.0956819703979069,-0.0529019320996677,-0.0427800382873754,0.113775,0.0974874198159263,0.1455796096756203,0.9996283030913417,0.4908887965208341,0.2966735894549431,raw_stl/F_S_WWC_WM/F_S_WWC_WM_510.stl,normalized/F_S_WWC_WM/F_S_WWC_WM_510_norm.stl,pointclouds/F_S_WWC_WM/F_S_WWC_WM_510_pc.ply,14.1127,0.646894,8.52585,2.62713,-0.93,0.55,-6.01023,-4.56139,-44.7464,136.366,-8.56909,0.2,-11.0565,0.2,-10.6831,-9.20828,27.9298,24.9802,56.6608,-9.46237,141.069,6.13296,-38.2299
F_S_WWC_WM_511,F_S_WWC_WM,test,0.244239235043189,0.026939587625263748,0.04744316572297,-0.0442904183830564,0.0917335840950166,0.1103,0.0890017035969531,0.1376808728005727,0.9998428882069936,0.4557840666045973,0.3021222494990937,raw_stl/F_S_WWC_WM/F_S_WWC_WM_511.stl,normalized/F_S_WWC_WM/F_S_WWC_WM_511_norm.stl,pointclouds/F_S_WWC_WM/F_S_WWC_WM_511_pc.ply,5.9458,5.09834,-3.55224,16.8202,1.22,-0.31,-9.37088,1.17269,0.706734,-32.3172,2.42915,0.4,1.72252,1.0,48.8431,-19.4607,-7.66716,34.2112,-51.5318,41.8835,82.0061,58.4512,122.871
F_S_WWC_WM_512,F_S_WWC_WM,train,0.251895109940199,0.024773884062618573,0.066748126316279,0.0102330251890531,0.0565151011229235,0.09835,0.0787429675042208,0.1226663457160122,0.9999875907748708,0.4013041677562219,0.3056730474917916,raw_stl/F_S_WWC_WM/F_S_WWC_WM_512.stl,normalized/F_S_WWC_WM/F_S_WWC_WM_512_norm.stl,pointclouds/F_S_WWC_WM/F_S_WWC_WM_512_pc.ply,12.9715,8.67421,-4.5816,19.6864,-0.98,-1.1,-6.95945,0.408796,-25.6027,45.7585,0.807063,0.2,31.9684,0.6,11.5188,0.0454157,-14.7032,36.3853,-19.1517,29.5448,-32.0389,56.7958,-183.169
F_S_WWC_WM_513,F_S_WWC_WM,train,0.266953702637873,0.029057910532132476,0.0552875407127292,-0.033085852036877,0.0883733927420265,0.10885,0.0920479969087695,0.1361976620872287,0.9998719793262032,0.4663526929907156,0.2920860166210719,raw_stl/F_S_WWC_WM/F_S_WWC_WM_513.stl,normalized/F_S_WWC_WM/F_S_WWC_WM_513_norm.stl,pointclouds/F_S_WWC_WM/F_S_WWC_WM_513_pc.ply,4.56304,10.9189,-7.66054,2.76096,-1.72,-1.31,-1.47128,6.9579,2.80278,47.5294,3.48116,0.0,0.229022,0.1,42.0806,17.6627,-1.44996,52.4091,62.2288,-18.9949,93.7837,-5.00073,-48.5334
F_S_WWC_WM_514,F_S_WWC_WM,train,0.217484946820598,0.01878526228162915,-0.0640158332287707,-0.0178454737366561,-0.0461703594902325,0.086375,0.0732501559940196,0.1162110406538637,0.9998162369628668,0.4176056396151651,0.2783305320775575,raw_stl/F_S_WWC_WM/F_S_WWC_WM_514.stl,normalized/F_S_WWC_WM/F_S_WWC_WM_514_norm.stl,pointclouds/F_S_WWC_WM/F_S_WWC_WM_514_pc.ply,13.725,-0.34494,11.5353,-18.3682,-1.16,-1.3,-0.908618,0.866853,20.8713,109.348,0.690414,0.2,-28.2806,0.6,17.0039,14.0781,22.6441,-13.6956,99.7152,5.63858,-27.9599,-32.5081,108.361
F_S_WWC_WM_515,F_S_WWC_WM,test,0.235495892667774,0.024579883797198908,0.0571327278797342,-0.0706099267541528,0.12774265464784,0.104375,0.087315753512343,0.1297034172075269,0.9999393777122794,0.4615343057917958,0.2810436385212385,raw_stl/F_S_WWC_WM/F_S_WWC_WM_515.stl,normalized/F_S_WWC_WM/F_S_WWC_WM_515_norm.stl,pointclouds/F_S_WWC_WM/F_S_WWC_WM_515_pc.ply,2.53704,1.05902,-5.20168,17.4173,-1.43,1.97,15.3148,-1.5833,4.58489,11.6853,-3.25527,0.2,21.1829,0.8,-14.2606,6.07731,29.607,19.041,50.211,-8.20921,131.467,-23.1996,-104.661
F_S_WWC_WM_516,F_S_WWC_WM,train,0.241124407451827,0.02970652699806509,0.051758885930897,-0.155830628269103,0.207589514239202,0.1232,0.1071063938310041,0.1627104526014127,0.9999457225964898,0.5100431709959639,0.319030415139052,raw_stl/F_S_WWC_WM/F_S_WWC_WM_516.stl,normalized/F_S_WWC_WM/F_S_WWC_WM_516_norm.stl,pointclouds/F_S_WWC_WM/F_S_WWC_WM_516_pc.ply,-4.09069,-6.16834,-3.62932,-17.8036,2.32,1.17,5.58457,5.49087,-20.8944,-44.0702,2.88258,0.0,-20.6441,0.2,13.2322,14.9816,14.1323,12.3267,-54.8985,-37.4747,124.918,44.5948,-133.558
F_S_WWC_WM_517,F_S_WWC_WM,test,0.276359551398671,0.0316708045902877,-0.0005121269259601,-0.0578168015980066,0.0573046746790189,0.1146,0.0969207252960908,0.1482792307431142,0.999565598695244,0.4786766505132642,0.3099037132236807,raw_stl/F_S_WWC_WM/F_S_WWC_WM_517.stl,normalized/F_S_WWC_WM/F_S_WWC_WM_517_norm.stl,pointclouds/F_S_WWC_WM/F_S_WWC_WM_517_pc.ply,4.12887,14.1989,4.10576,-9.16673,0.58,1.31,5.91374,9.01102,46.2466,138.836,-8.37114,0.8,-17.5554,-0.3,-15.8327,13.8959,-21.6201,40.8262,-26.9337,36.6636,57.6133,9.86148,37.2866
F_S_WWC_WM_519,F_S_WWC_WM,train,0.238793974691029,0.027771739256566674,-0.0415272188577707,-0.0373132078817275,-0.0042140109772169,0.1163,0.099482208134976,0.1494614896543236,0.9996658462779352,0.4929892165633098,0.3032752937354609,raw_stl/F_S_WWC_WM/F_S_WWC_WM_519.stl,normalized/F_S_WWC_WM/F_S_WWC_WM_519_norm.stl,pointclouds/F_S_WWC_WM/F_S_WWC_WM_519_pc.ply,11.0838,4.97219,10.5096,-0.794204,-1.69,-0.32,3.72183,9.5339,-31.6763,42.5079,-7.66944,0.1,30.5745,0.2,29.8585,-9.03334,-28.9743,22.0071,-18.1159,-27.2888,139.677,20.0571,-177.835
F_S_WWC_WM_520,F_S_WWC_WM,train,0.266734798684385,0.02770040884337338,0.0758110732382059,-0.0492089729830564,0.125020046221262,0.10385,0.0873985229811182,0.1351652996809731,0.9998890973854077,0.4273598549677304,0.3163149040729444,raw_stl/F_S_WWC_WM/F_S_WWC_WM_520.stl,normalized/F_S_WWC_WM/F_S_WWC_WM_520_norm.stl,pointclouds/F_S_WWC_WM/F_S_WWC_WM_520_pc.ply,4.71812,-6.94967,-5.46415,-2.14607,-1.06,1.12,-8.63355,2.59004,-17.408,-52.3539,-7.58671,0.1,-26.3712,0.0,3.47669,-13.9675,24.5038,31.4924,22.2001,12.8001,-35.2866,78.3138,-28.8651
F_S_WWC_WM_521,F_S_WWC_WM,train,0.232036134923588,0.02127191266911993,-0.124925890788039,-0.0207832004952199,-0.104142690292026,0.091675,0.075127938192287,0.115800456230789,0.9998921781743184,0.4402550958664355,0.263058723183794,raw_stl/F_S_WWC_WM/F_S_WWC_WM_521.stl,normalized/F_S_WWC_WM/F_S_WWC_WM_521_norm.stl,pointclouds/F_S_WWC_WM/F_S_WWC_WM_521_pc.ply,7.37577,9.91737,16.8205,-5.04371,-1.44,-1.02,7.70847,1.59655,30.8985,-43.5462,-2.80782,0.4,27.3667,0.9,45.8102,-5.90544,25.1944,-13.5171,92.2248,-12.431,104.759,-51.4902,-79.0637
F_S_WWC_WM_522,F_S_WWC_WM,train,0.255828363073089,0.02647823557806471,-0.0811112025777408,-0.0495306408435215,-0.0315805617453554,0.1035,0.0862627484772415,0.1356297340467517,0.9996075851596828,0.4430089449415533,0.3062759332744897,raw_stl/F_S_WWC_WM/F_S_WWC_WM_522.stl,normalized/F_S_WWC_WM/F_S_WWC_WM_522_norm.stl,pointclouds/F_S_WWC_WM/F_S_WWC_WM_522_pc.ply,13.5785,3.4445,12.1517,-6.1504,-1.56,2.41,11.0778,0.331546,23.9847,-1.40711,-14.7701,0.0,-14.7819,0.4,30.5898,-16.4161,-16.8341,10.0026,18.4678,2.42851,5.36799,56.3022,68.603
F_S_WWC_WM_523,F_S_WWC_WM,train,0.259740690252491,0.030467582966617196,-0.0097153079349667,-0.0909595103365448,0.0812442023991754,0.1173,0.1022212961892907,0.1540458771707105,0.9996977799065894,0.481903843431451,0.3197576634940393,raw_stl/F_S_WWC_WM/F_S_WWC_WM_523.stl,normalized/F_S_WWC_WM/F_S_WWC_WM_523_norm.stl,pointclouds/F_S_WWC_WM/F_S_WWC_WM_523_pc.ply,1.93658,1.09396,15.335,-12.4759,1.34,-0.39,-2.84249,-0.698839,-19.5561,-13.5135,-3.71092,0.0,-31.5968,0.1,-23.9011,-16.3199,-19.6913,37.7312,-32.7952,-29.6801,61.5868,41.0406,-179.392
F_S_WWC_WM_524,F_S_WWC_WM,train,0.27182893051495,0.024688862614020333,-0.0036275948708119,-0.0995727335584717,0.0959451386714285,0.090825,0.0756647484340863,0.1148282035717749,0.9999571244778328,0.4022197803043853,0.2854984581194889,raw_stl/F_S_WWC_WM/F_S_WWC_WM_524.stl,normalized/F_S_WWC_WM/F_S_WWC_WM_524_norm.stl,pointclouds/F_S_WWC_WM/F_S_WWC_WM_524_pc.ply,-5.2993,1.64675,-5.17005,-0.651179,2.27,2.03,9.10784,-1.74344,-24.7714,64.0663,-4.2041,-0.2,19.35,0.8,15.4645,10.3053,10.9086,51.4872,9.1966,24.4549,-57.509,-47.4218,-133.3
F_S_WWC_WM_525,F_S_WWC_WM,train,0.241661240069767,0.02336864191474647,-0.0669655645687707,-0.057921991533887,-0.0090435730336079,0.0967,0.0820108333886342,0.1263125610800231,0.9998198935332618,0.444946764636298,0.2839335509956542,raw_stl/F_S_WWC_WM/F_S_WWC_WM_525.stl,normalized/F_S_WWC_WM/F_S_WWC_WM_525_norm.stl,pointclouds/F_S_WWC_WM/F_S_WWC_WM_525_pc.ply,11.4664,-3.17759,2.61581,-2.77402,0.84,-0.07,11.3869,4.29414,-49.027,-91.1366,-12.9195,0.7,-29.9708,0.8,8.30071,-4.73001,-3.93899,21.6595,-42.5313,-48.2403,23.9732,-49.7657,60.7266
F_S_WWC_WM_526,F_S_WWC_WM,train,0.211940439784053,0.02300083622756435,-0.0478038189099335,-0.0546998640378737,0.0068960451277029,0.108525,0.0939706330755439,0.1407217094772704,0.9998132548014624,0.4657888803994517,0.3021712183608924,raw_stl/F_S_WWC_WM/F_S_WWC_WM_526.stl,normalized/F_S_WWC_WM/F_S_WWC_WM_526_norm.stl,pointclouds/F_S_WWC_WM/F_S_WWC_WM_526_pc.ply,4.387,-3.71917,8.24371,11.3701,-0.48,0.78,-3.36421,4.60214,-29.3732,66.8465,-4.99508,0.4,27.1705,-0.4,10.9926,3.2028,-13.2105,-21.486,-52.4354,-0.314495,51.909,-42.6067,-196.518
F_S_WWC_WM_527,F_S_WWC_WM,train,0.257902913149501,0.023398241795488477,-0.0274268176912823,-0.033829779675083,0.006402961982782,0.090725,0.0747278588367296,0.1110747932095253,0.9998750557226668,0.4105615674527831,0.2705773796430226,raw_stl/F_S_WWC_WM/F_S_WWC_WM_527.stl,normalized/F_S_WWC_WM/F_S_WWC_WM_527_norm.stl,pointclouds/F_S_WWC_WM/F_S_WWC_WM_527_pc.ply,5.44555,7.6859,18.8317,6.18597,-0.25,1.72,6.77434,0.465503,4.18956,-85.021,-4.44865,0.2,-11.1433,0.6,33.6372,-4.97448,-24.2065,49.4953,126.797,-11.3883,32.716,-29.7276,-180.492
F_S_WWC_WM_528,F_S_WWC_WM,val,0.245854381295681,0.023479093413737533,0.0036530231513156,-0.0195611404766245,0.0232141636308219,0.0955,0.0833970452739432,0.1240969643281656,0.9998231057555692,0.4288796546558759,0.2894026771924478,raw_stl/F_S_WWC_WM/F_S_WWC_WM_528.stl,normalized/F_S_WWC_WM/F_S_WWC_WM_528_norm.stl,pointclouds/F_S_WWC_WM/F_S_WWC_WM_528_pc.ply,10.6488,0.840446,18.8817,0.500045,1.32,1.62,-2.4755,-1.10668,-9.06565,34.3945,4.50102,-0.3,-29.2579,0.2,8.14908,-6.99006,23.4766,42.9495,86.2581,-34.8844,-19.484,-34.8363,92.6275
F_S_WWC_WM_529,F_S_WWC_WM,train,0.248919548654485,0.027213129656651576,-0.0025840467723578,-0.0709549955262458,0.0683709487538206,0.109325,0.0908404867849649,0.1409120161604832,0.9997065731886606,0.4564734030803071,0.3087877074740602,raw_stl/F_S_WWC_WM/F_S_WWC_WM_529.stl,normalized/F_S_WWC_WM/F_S_WWC_WM_529_norm.stl,pointclouds/F_S_WWC_WM/F_S_WWC_WM_529_pc.ply,10.0239,7.5883,2.06877,-16.1494,1.54,-0.45,-6.10652,2.97371,42.0621,-94.3469,1.24588,0.1,14.2559,0.5,-3.72343,3.03978,-9.20327,50.8957,-21.9224,-45.2636,18.919,49.8403,66.8057
F_S_WWC_WM_530,F_S_WWC_WM,train,0.222411155222591,0.023058476517702122,0.0325539166584086,-0.0795354902142857,0.112089406881727,0.103675,0.0874060298093215,0.1376627447111948,0.999989874693072,0.4522637647645832,0.3043890519827728,raw_stl/F_S_WWC_WM/F_S_WWC_WM_530.stl,normalized/F_S_WWC_WM/F_S_WWC_WM_530_norm.stl,pointclouds/F_S_WWC_WM/F_S_WWC_WM_530_pc.ply,8.08445,-7.73847,4.79741,-8.93235,-1.01,0.96,12.1503,6.48621,40.8481,15.3194,0.145422,-0.4,11.9996,0.8,21.9543,-19.8407,14.8883,-10.9055,65.3761,-43.1347,55.0293,88.3009,50.2399
F_S_WWC_WM_531,F_S_WWC_WM,train,0.279503330970099,0.025700331282700602,-0.0960786174438538,-0.111256210164451,0.0151775927168305,0.09195,0.0764845104640922,0.1203302663992681,0.9997586001582208,0.4095743573079323,0.2938643959828102,raw_stl/F_S_WWC_WM/F_S_WWC_WM_531.stl,normalized/F_S_WWC_WM/F_S_WWC_WM_531_norm.stl,pointclouds/F_S_WWC_WM/F_S_WWC_WM_531_pc.ply,-4.07887,11.9669,2.17828,-5.78257,-0.12,1.17,13.69,-4.80803,-25.8747,62.3606,-14.1623,0.7,19.1047,0.0,46.3037,-9.54185,-20.0744,31.7121,-7.36983,-20.1331,-52.6958,-2.16728,-68.7896
F_S_WWC_WM_532,F_S_WWC_WM,val,0.247156587033222,0.021613843536055263,-0.0556014537141196,-0.0290616042750166,-0.0265398494414249,0.08745,0.0723569486419929,0.1152369057272922,0.9995958389507392,0.4149382790337299,0.2778328841956985,raw_stl/F_S_WWC_WM/F_S_WWC_WM_532.stl,normalized/F_S_WWC_WM/F_S_WWC_WM_532_norm.stl,pointclouds/F_S_WWC_WM/F_S_WWC_WM_532_pc.ply,5.97188,11.6352,4.55541,-12.1133,-0.99,2.0,18.6161,3.61512,-18.9902,45.5871,-10.9575,0.5,-22.4092,0.6,44.4888,25.5614,-8.5562,1.56144,59.1047,-45.638,-26.7921,-31.7624,119.036
F_S_WWC_WM_533,F_S_WWC_WM,train,0.23627918651495,0.025134198465527807,-0.0786459676209302,-0.13851329936877,0.0598673317734219,0.106375,0.0905502439604403,0.136915066508393,0.9998941655407736,0.4534283225248391,0.3019872195271934,raw_stl/F_S_WWC_WM/F_S_WWC_WM_533.stl,normalized/F_S_WWC_WM/F_S_WWC_WM_533_norm.stl,pointclouds/F_S_WWC_WM/F_S_WWC_WM_533_pc.ply,-3.46887,1.41274,-4.71363,12.4018,-1.0,1.59,-0.669129,-0.765125,27.5606,121.699,-13.1089,0.6,9.18358,-0.4,-4.25754,18.2027,28.1729,-0.731802,15.5568,43.5382,49.7118,3.39124,-18.7048
F_S_WWC_WM_534,F_S_WWC_WM,train,0.28845661461794,0.029444208937126223,0.0048470574337043,-0.102456594386378,0.107303651853156,0.102075,0.0847261469517821,0.1309084519194495,0.9999742446402278,0.430670906817964,0.303971829831307,raw_stl/F_S_WWC_WM/F_S_WWC_WM_534.stl,normalized/F_S_WWC_WM/F_S_WWC_WM_534_norm.stl,pointclouds/F_S_WWC_WM/F_S_WWC_WM_534_pc.ply,-3.7972,11.8823,-7.76511,3.59965,0.6,2.48,2.54527,3.42341,-19.3663,148.342,-2.763,-0.3,0.65879,0.5,34.2074,9.43578,26.4823,45.612,37.0924,-37.2593,-11.5449,37.3146,125.105
F_S_WWC_WM_535,F_S_WWC_WM,train,0.213229701026578,0.022666317219125244,-0.0070032447591162,-0.0634760707348837,0.056472825982392,0.1063,0.0930807808150701,0.1377514646046661,0.9999371736488548,0.4481961876875874,0.3073656656498313,raw_stl/F_S_WWC_WM/F_S_WWC_WM_535.stl,normalized/F_S_WWC_WM/F_S_WWC_WM_535_norm.stl,pointclouds/F_S_WWC_WM/F_S_WWC_WM_535_pc.ply,10.9888,-5.17209,5.73731,9.23348,2.09,0.72,11.7995,9.77056,-10.7417,24.2723,3.95709,-0.1,-14.7037,-0.3,38.4377,-1.37854,6.28546,1.83801,-49.7578,-21.5572,-7.08287,-47.325,-94.0099
F_S_WWC_WM_536,F_S_WWC_WM,train,0.237710620481727,0.02208925940826448,-0.0055305638367747,-0.0460756619066445,0.0405450980681063,0.092925,0.0790475703323198,0.1184929105885399,0.999921507037594,0.4033032352825535,0.2938290641164906,raw_stl/F_S_WWC_WM/F_S_WWC_WM_536.stl,normalized/F_S_WWC_WM/F_S_WWC_WM_536_norm.stl,pointclouds/F_S_WWC_WM/F_S_WWC_WM_536_pc.ply,13.4044,-6.5746,18.9722,14.3906,1.75,-1.37,9.32773,3.71388,-15.4403,-86.1915,0.10988,0.1,16.7644,0.3,-10.2056,20.975,-14.9403,37.5907,101.609,-25.9856,-10.9616,47.5309,-51.5957
F_S_WWC_WM_537,F_S_WWC_WM,train,0.265883933568106,0.026521922373418577,0.0548246360480664,-0.0217151133558804,0.0765397494169435,0.09975,0.0813768689262233,0.127886102489838,0.9998135669054692,0.4254900790504282,0.3006179354943722,raw_stl/F_S_WWC_WM/F_S_WWC_WM_537.stl,normalized/F_S_WWC_WM/F_S_WWC_WM_537_norm.stl,pointclouds/F_S_WWC_WM/F_S_WWC_WM_537_pc.ply,12.1654,10.5604,-3.83545,-5.55156,-1.62,-1.56,17.8211,2.5134,-6.28835,133.552,-5.18845,0.4,3.25816,0.3,-9.31917,-8.51155,28.6893,33.9874,90.3981,17.3887,14.9901,72.5043,-89.8418
F_S_WWC_WM_538,F_S_WWC_WM,train,0.239161545996677,0.023288355541426425,-0.0402405517832225,-0.0278503171129568,-0.0123902346698006,0.097375,0.0824797769236215,0.1247200237760316,0.9998110724250164,0.4178045629148733,0.2985692411062613,raw_stl/F_S_WWC_WM/F_S_WWC_WM_538.stl,normalized/F_S_WWC_WM/F_S_WWC_WM_538_norm.stl,pointclouds/F_S_WWC_WM/F_S_WWC_WM_538_pc.ply,8.58383,-0.525139,8.94136,13.3286,-0.66,2.26,15.1378,-4.89761,-7.26715,-40.9603,0.452838,0.6,5.69355,0.1,-0.329476,-14.7607,-12.038,43.9546,12.5542,-30.9543,-13.6062,21.5445,-144.972
F_S_WWC_WM_539,F_S_WWC_WM,train,0.255095010767441,0.022652436956148762,-0.107653719016611,-0.0790651854006644,-0.0285885336245245,0.0888,0.0719386040367305,0.1156985410717238,0.999726408892404,0.4005422567283935,0.2889338187976686,raw_stl/F_S_WWC_WM/F_S_WWC_WM_539.stl,normalized/F_S_WWC_WM/F_S_WWC_WM_539_norm.stl,pointclouds/F_S_WWC_WM/F_S_WWC_WM_539_pc.ply,-2.17589,7.0698,18.1287,-4.52159,-1.52,-0.24,-4.82116,1.74023,-15.6038,133.231,-4.26678,0.7,27.484,0.7,7.19865,-19.0824,-17.0776,14.6393,-23.6493,-49.0891,-42.0005,14.7766,-38.6292
F_S_WWC_WM_540,F_S_WWC_WM,train,0.230076918784053,0.024491688004562442,0.0081619226102325,-0.0582770141767441,0.0664389367830564,0.10645,0.0918620750083619,0.1401967024936009,0.9998242557061195,0.4711809207903594,0.2975955506852061,raw_stl/F_S_WWC_WM/F_S_WWC_WM_540.stl,normalized/F_S_WWC_WM/F_S_WWC_WM_540_norm.stl,pointclouds/F_S_WWC_WM/F_S_WWC_WM_540_pc.ply,4.30293,-1.13045,1.38683,-13.6233,1.98,-1.57,19.5277,2.92604,-37.2644,93.1968,-0.245702,0.4,22.1952,-0.3,56.8862,28.0982,9.92662,25.1551,69.5631,-24.4808,79.2354,24.474,96.676
F_S_WWC_WM_541,F_S_WWC_WM,train,0.241764170760797,0.022889022866778456,-0.0132002873986478,-0.0596705845245847,0.0464702971251827,0.094675,0.0810210453160745,0.1210842759385654,0.9998860219727964,0.3997584652974156,0.3029281152771855,raw_stl/F_S_WWC_WM/F_S_WWC_WM_541.stl,normalized/F_S_WWC_WM/F_S_WWC_WM_541_norm.stl,pointclouds/F_S_WWC_WM/F_S_WWC_WM_541_pc.ply,2.23695,-2.20172,9.57447,10.4805,-0.14,-0.61,-3.85515,0.549449,-0.0745922,-65.3693,3.80147,0.5,-20.2554,-0.4,9.1439,1.50769,-8.85512,50.8296,116.992,28.2908,-40.8258,71.7715,-103.446
F_S_WWC_WM_542,F_S_WWC_WM,train,0.226365083664451,0.022834577814651494,0.0209103685983219,-0.0693128242252491,0.0902231928295681,0.100875,0.086171797286997,0.1307559329415879,0.9999115334792674,0.4611181364904065,0.283587851223436,raw_stl/F_S_WWC_WM/F_S_WWC_WM_542.stl,normalized/F_S_WWC_WM/F_S_WWC_WM_542_norm.stl,pointclouds/F_S_WWC_WM/F_S_WWC_WM_542_pc.ply,5.02169,-3.65874,-6.91182,-6.48143,1.41,-0.14,-4.14919,7.87478,35.4583,-48.5096,-5.49294,0.4,-21.4726,0.6,-16.6717,28.7176,-18.0808,-9.41808,35.597,36.8486,88.4317,-38.4328,-75.9987
F_S_WWC_WM_543,F_S_WWC_WM,train,0.222915852093023,0.022681687950465088,-0.0105130535813555,-0.0655701846438538,0.055057131064784,0.10175,0.0884256650471257,0.1330871763012017,0.9999054860359002,0.4639294183125952,0.28689656407408,raw_stl/F_S_WWC_WM/F_S_WWC_WM_543.stl,normalized/F_S_WWC_WM/F_S_WWC_WM_543_norm.stl,pointclouds/F_S_WWC_WM/F_S_WWC_WM_543_pc.ply,4.97512,-3.86561,4.18916,-13.594,-0.6,-1.23,-7.71687,7.98638,-9.71761,147.198,-4.75407,-0.3,13.0189,0.5,51.5371,3.37309,24.2956,4.44398,84.8078,49.0135,107.081,-6.91682,-93.2021
F_S_WWC_WM_544,F_S_WWC_WM,train,0.235341974837209,0.026746615440248804,-0.0287320950540132,-0.160204246764119,0.131472151730897,0.11365,0.1016264154060848,0.1487284402749534,0.9999086092881366,0.4921212839156656,0.3022466996993505,raw_stl/F_S_WWC_WM/F_S_WWC_WM_544.stl,normalized/F_S_WWC_WM/F_S_WWC_WM_544_norm.stl,pointclouds/F_S_WWC_WM/F_S_WWC_WM_544_pc.ply,-3.7605,-5.86005,7.3471,-2.68092,0.13,0.83,6.08786,7.64298,44.3523,-3.33358,-8.79569,-0.4,-20.716,0.0,21.3257,-10.6672,10.0473,7.7442,46.4662,48.6499,124.361,-1.33481,-184.879
F_S_WWC_WM_545,F_S_WWC_WM,train,0.242172997684385,0.028751989150078608,-0.0224530973646611,-0.0864966472611295,0.0640435498840531,0.118725,0.1049168393561038,0.1541134375709625,0.9999334217790335,0.5012042224575475,0.3075067845536663,raw_stl/F_S_WWC_WM/F_S_WWC_WM_545.stl,normalized/F_S_WWC_WM/F_S_WWC_WM_545_norm.stl,pointclouds/F_S_WWC_WM/F_S_WWC_WM_545_pc.ply,3.38561,2.1687,14.1433,-4.33536,2.37,2.44,6.99469,-3.34877,13.5263,-76.9116,-11.906,-0.4,-2.20687,-0.1,-16.9315,-8.32451,24.8088,13.3628,17.954,-16.1978,108.595,-11.3015,-114.222
F_S_WWC_WM_546,F_S_WWC_WM,train,0.245073681146179,0.021296902891602958,-0.199979253046511,-0.190146797026578,-0.0098324560544308,0.0869,0.0742928351453193,0.113538844741714,0.9998662674812429,0.4096513527881427,0.2771967670444103,raw_stl/F_S_WWC_WM/F_S_WWC_WM_546.stl,normalized/F_S_WWC_WM/F_S_WWC_WM_546_norm.stl,pointclouds/F_S_WWC_WM/F_S_WWC_WM_546_pc.ply,-7.42602,3.24959,8.91708,-15.9457,-0.04,-1.55,15.9164,-3.23673,-0.2058,18.6714,-12.457,0.5,-16.0142,0.4,30.0094,-14.4595,20.0225,11.9173,48.8926,7.56822,-21.4356,-54.256,-178.513
F_S_WWC_WM_547,F_S_WWC_WM,train,0.218215059073089,0.022394320437375756,-0.0383815225698212,-0.132269629036544,0.0938881064292358,0.102625,0.0870550400810971,0.1317272882150998,0.9996619298843812,0.4399666777457535,0.2995041283812698,raw_stl/F_S_WWC_WM/F_S_WWC_WM_547.stl,normalized/F_S_WWC_WM/F_S_WWC_WM_547_norm.stl,pointclouds/F_S_WWC_WM/F_S_WWC_WM_547_pc.ply,-3.01301,-2.84553,11.3016,19.0663,0.03,-0.97,-4.86326,7.23357,12.2629,104.414,3.85627,0.1,4.81133,0.9,53.7238,26.5953,2.08518,16.1121,48.3756,-0.852069,102.422,85.8489,-126.333
F_S_WWC_WM_548,F_S_WWC_WM,val,0.243392010352159,0.02614638671208068,0.0237008704626282,-0.0934396002521594,0.117140470689036,0.107425,0.087969829676511,0.139607265032431,0.9999137895515664,0.4495430820624602,0.3105804699173182,raw_stl/F_S_WWC_WM/F_S_WWC_WM_548.stl,normalized/F_S_WWC_WM/F_S_WWC_WM_548_norm.stl,pointclouds/F_S_WWC_WM/F_S_WWC_WM_548_pc.ply,1.58885,10.144,-6.53278,6.75159,0.44,1.28,-3.52195,-3.58009,6.00359,141.855,-3.13219,0.4,22.5363,-0.1,-13.4696,27.4684,-19.756,-21.0421,68.5683,-23.9572,50.157,82.4501,58.7152
F_S_WWC_WM_549,F_S_WWC_WM,train,0.271514278043189,0.026248642829825298,0.0235482609435491,0.0090933956641627,0.0144548652782657,0.096675,0.0803606385504448,0.1236153506321678,0.9997608274287684,0.4241007106434825,0.2915461351591277,raw_stl/F_S_WWC_WM/F_S_WWC_WM_549.stl,normalized/F_S_WWC_WM/F_S_WWC_WM_549_norm.stl,pointclouds/F_S_WWC_WM/F_S_WWC_WM_549_pc.ply,11.3568,12.6235,13.3874,-4.96924,-0.27,0.29,-2.08385,-4.2911,-47.3891,-89.0215,-4.00347,-0.2,-17.3896,0.6,48.7277,-14.6453,-1.68627,36.5672,8.43573,-27.1694,-30.5225,-21.4154,-20.1866
F_S_WWC_WM_550,F_S_WWC_WM,train,0.288710283970099,0.03590112381168181,0.003302049898198,-0.0787188011491694,0.0820208510345514,0.12435,0.1063710415027097,0.1573103011790968,0.9997507489444488,0.5051728694223254,0.3114765860113533,raw_stl/F_S_WWC_WM/F_S_WWC_WM_550.stl,normalized/F_S_WWC_WM/F_S_WWC_WM_550_norm.stl,pointclouds/F_S_WWC_WM/F_S_WWC_WM_550_pc.ply,1.68991,10.373,9.22663,-11.4558,0.28,0.81,16.7576,3.16646,-35.9328,-40.165,-7.62494,-0.4,36.0614,0.1,22.2016,-15.7502,3.21105,54.3282,-56.9881,14.74,105.439,-0.397391,-116.286
F_S_WWC_WM_551,F_S_WWC_WM,train,0.260170398016611,0.02709024269347962,0.0544608669179195,-0.0436323305661129,0.0980931974704319,0.104125,0.0898856543423834,0.1346623000740542,0.9999119701775674,0.474741181749746,0.2836791089403185,raw_stl/F_S_WWC_WM/F_S_WWC_WM_551.stl,normalized/F_S_WWC_WM/F_S_WWC_WM_551_norm.stl,pointclouds/F_S_WWC_WM/F_S_WWC_WM_551_pc.ply,2.46309,8.37191,-1.48758,-17.6349,0.76,0.05,2.69672,6.60787,31.189,134.648,3.30376,0.3,12.6155,0.2,52.9037,-13.1263,-29.1429,40.0625,101.178,48.4429,137.331,-5.52699,0.854219
F_S_WWC_WM_552,F_S_WWC_WM,train,0.28108391626578,0.027806226416592285,-0.0406570628058671,-0.0499955139764119,0.0093384511694189,0.098925,0.0819422254649929,0.1259657592548314,0.9998731256699896,0.447004799847173,0.2818353251400285,raw_stl/F_S_WWC_WM/F_S_WWC_WM_552.stl,normalized/F_S_WWC_WM/F_S_WWC_WM_552_norm.stl,pointclouds/F_S_WWC_WM/F_S_WWC_WM_552_pc.ply,2.21616,10.6198,14.4003,-19.1839,-1.63,1.16,1.46098,-1.01411,39.3246,-23.5649,-10.7593,0.5,-39.222,0.7,45.6727,-3.58049,0.813722,40.2331,14.8005,32.0324,49.0395,-23.5821,-11.1424
F_S_WWC_WM_553,F_S_WWC_WM,train,0.232416690385382,0.020754810451414616,0.0206705665975325,0.0108709822068805,0.0097995843925492,0.0893,0.0750208874243691,0.1140587360126387,0.9999877402299984,0.3993302459964112,0.2856285881352384,raw_stl/F_S_WWC_WM/F_S_WWC_WM_553.stl,normalized/F_S_WWC_WM/F_S_WWC_WM_553_norm.stl,pointclouds/F_S_WWC_WM/F_S_WWC_WM_553_pc.ply,13.364,-0.458843,-0.602948,12.6549,-0.98,1.21,13.4844,4.83162,14.2589,27.6753,-6.54108,-0.2,-29.44,0.6,-15.4934,-11.9521,-10.0495,2.61047,44.8577,19.5859,-54.5029,-56.5993,-170.221
F_S_WWC_WM_554,F_S_WWC_WM,val,0.232864469358803,0.024078186131700232,-0.126606254503322,-0.189325083435215,0.0627188288651162,0.1034,0.0904298888069825,0.1369017933535366,0.9999559774188348,0.4728585582026848,0.2895322882799301,raw_stl/F_S_WWC_WM/F_S_WWC_WM_554.stl,normalized/F_S_WWC_WM/F_S_WWC_WM_554_norm.stl,pointclouds/F_S_WWC_WM/F_S_WWC_WM_554_pc.ply,-7.29033,6.70392,-6.29713,-11.8965,-0.95,-0.01,5.70517,-3.89387,12.3684,31.1158,1.82854,0.3,24.4167,-0.3,29.2518,-18.9656,-15.7505,7.58401,34.3661,-45.0522,74.591,-39.0517,-13.5497
F_S_WWC_WM_555,F_S_WWC_WM,train,0.230711301810631,0.024628431468284858,0.0119737235362664,-0.0430040600069767,0.0549777835455149,0.10675,0.0901009513230687,0.1386164673593438,0.9999263979712928,0.4585644018641387,0.3023057830045035,raw_stl/F_S_WWC_WM/F_S_WWC_WM_555.stl,normalized/F_S_WWC_WM/F_S_WWC_WM_555_norm.stl,pointclouds/F_S_WWC_WM/F_S_WWC_WM_555_pc.ply,10.5997,-4.64135,-0.10001,4.55399,-1.53,0.95,18.1897,5.85594,19.5862,127.009,-10.8328,0.7,-39.1425,0.1,5.16006,23.5811,-15.4048,12.746,41.9722,-22.0421,65.148,45.3258,74.0766
F_S_WWC_WM_556,F_S_WWC_WM,train,0.229678618212624,0.02688388226178764,-0.050336413547176,-0.132518060325581,0.0821816467996677,0.11705,0.0993096510263654,0.1525454523886852,0.9999822399739812,0.4906409840988203,0.3109160599948584,raw_stl/F_S_WWC_WM/F_S_WWC_WM_556.stl,normalized/F_S_WWC_WM/F_S_WWC_WM_556_norm.stl,pointclouds/F_S_WWC_WM/F_S_WWC_WM_556_pc.ply,-1.2651,-3.96128,15.9204,-1.53862,-1.26,-1.8,0.213405,6.40842,-44.6483,88.815,-8.44396,-0.1,-28.0752,0.5,6.74988,-5.97248,-2.62035,-0.545885,37.4045,-16.3181,123.55,81.1945,86.1186
F_S_WWC_WM_557,F_S_WWC_WM,train,0.265310738873754,0.03060359372908752,0.0285365063054076,-0.0540239565418604,0.0825604628401993,0.11535,0.0989494668770964,0.1473349665753963,0.9999450159885076,0.4776941268485165,0.3084464719304994,raw_stl/F_S_WWC_WM/F_S_WWC_WM_557.stl,normalized/F_S_WWC_WM/F_S_WWC_WM_557_norm.stl,pointclouds/F_S_WWC_WM/F_S_WWC_WM_557_pc.ply,5.5215,11.5791,-2.82065,15.9959,0.18,-0.98,13.9769,9.70427,41.4572,-81.972,-11.2646,-0.1,-2.0515,-0.3,33.7089,14.3738,-7.39884,-14.9002,-23.6252,-18.7457,79.5348,-13.1143,-98.4809
F_S_WWC_WM_558,F_S_WWC_WM,train,0.260346432325581,0.02577429680023252,-0.072162132952784,-0.137148943079734,0.0649868101236511,0.099,0.0830539451719005,0.1317582907115981,0.999898213061868,0.4368384280984588,0.3016486070683199,raw_stl/F_S_WWC_WM/F_S_WWC_WM_558.stl,normalized/F_S_WWC_WM/F_S_WWC_WM_558_norm.stl,pointclouds/F_S_WWC_WM/F_S_WWC_WM_558_pc.ply,-4.2838,13.9033,-3.36748,-15.1478,0.37,0.12,3.85522,0.39777,13.0642,144.038,-9.78265,0.2,-8.16942,-0.3,57.3284,-5.72467,-4.14031,-9.67088,35.2409,26.765,-24.3031,5.48121,97.7686
F_S_WWC_WM_559,F_S_WWC_WM,train,0.223026257508305,0.024047806215832985,-0.139460010633222,-0.196276465707641,0.0568164550441196,0.107825,0.0925100183377358,0.1383670698658448,0.999869747392096,0.4706256046987566,0.2940449765242326,raw_stl/F_S_WWC_WM/F_S_WWC_WM_559.stl,normalized/F_S_WWC_WM/F_S_WWC_WM_559_norm.stl,pointclouds/F_S_WWC_WM/F_S_WWC_WM_559_pc.ply,-4.92424,0.895484,0.354838,13.7902,1.06,-1.15,-6.80241,-3.79826,1.22897,-34.7824,-7.21616,0.7,14.8828,-0.2,25.7593,21.8057,13.7608,-19.8109,3.46825,-4.85603,117.044,-11.6082,-169.842
F_S_WWC_WM_560,F_S_WWC_WM,train,0.210361673764119,0.021667252397704256,-0.0247988477056877,-0.135577066458471,0.110778218743521,0.103,0.0843258077847615,0.130552270809181,0.9998897615430062,0.4337644092613975,0.3010082466173543,raw_stl/F_S_WWC_WM/F_S_WWC_WM_560.stl,normalized/F_S_WWC_WM/F_S_WWC_WM_560_norm.stl,pointclouds/F_S_WWC_WM/F_S_WWC_WM_560_pc.ply,-1.67382,-1.04231,-5.67642,19.9607,-0.87,-0.06,15.8699,1.67151,31.0002,-38.142,4.46698,0.4,-32.8295,0.6,35.6554,-15.3379,9.34171,-11.512,22.6206,-8.42526,49.9737,66.9162,31.1657
F_S_WWC_WM_561,F_S_WWC_WM,val,0.277812483700996,0.03284438088555025,-0.0738627988023255,-0.148156735335548,0.0742939365385714,0.118225,0.0999490104898385,0.1537066440932865,0.99983609498884,0.5004204704918701,0.3072053414629104,raw_stl/F_S_WWC_WM/F_S_WWC_WM_561.stl,normalized/F_S_WWC_WM/F_S_WWC_WM_561_norm.stl,pointclouds/F_S_WWC_WM/F_S_WWC_WM_561_pc.ply,-3.29506,13.1896,7.06808,-15.5004,1.37,-0.8,-9.74551,-4.11547,-4.20289,-15.9987,-14.2658,0.2,36.7197,-0.1,18.9543,-4.11835,-7.50245,2.48649,-27.7673,36.1476,111.266,15.3524,-0.491471
F_S_WWC_WM_562,F_S_WWC_WM,train,0.225259740352159,0.024626521113999784,0.0205725880543611,-0.103107770015946,0.123680358088372,0.109325,0.0936749625740557,0.1441255558775178,0.9999332763009436,0.4832399685302217,0.2982683190461669,raw_stl/F_S_WWC_WM/F_S_WWC_WM_562.stl,normalized/F_S_WWC_WM/F_S_WWC_WM_562_norm.stl,pointclouds/F_S_WWC_WM/F_S_WWC_WM_562_pc.ply,0.139506,-4.79609,-7.27312,-15.7722,-0.94,0.65,9.81705,-1.87984,-7.09834,113.011,-6.28567,0.5,-17.8378,0.2,59.9709,13.0317,26.6937,20.6623,60.3413,33.5842,138.518,58.755,-15.096
F_S_WWC_WM_563,F_S_WWC_WM,val,0.241025939764119,0.025940416767113308,-0.211781829611295,-0.222578279598006,0.0107964500180016,0.107625,0.0912374355592986,0.1389530936720915,0.999771972883376,0.4838080889688873,0.2872725552569858,raw_stl/F_S_WWC_WM/F_S_WWC_WM_563.stl,normalized/F_S_WWC_WM/F_S_WWC_WM_563_norm.stl,pointclouds/F_S_WWC_WM/F_S_WWC_WM_563_pc.ply,-7.65277,11.7228,4.57014,5.01851,-0.57,-0.74,13.2143,-2.76557,-32.0541,123.579,-6.34429,0.3,-11.8288,0.4,29.9026,27.6209,-20.7815,-5.85364,-3.76732,28.6939,108.615,-47.8591,131.762
F_S_WWC_WM_564,F_S_WWC_WM,train,0.249190346046511,0.025068548812279004,-0.060523239452794,-0.0798914337833887,0.0193681943321176,0.1006,0.0834777016377499,0.1337416756409474,0.9999269858769192,0.4410614580927884,0.3032489892984776,raw_stl/F_S_WWC_WM/F_S_WWC_WM_564.stl,normalized/F_S_WWC_WM/F_S_WWC_WM_564_norm.stl,pointclouds/F_S_WWC_WM/F_S_WWC_WM_564_pc.ply,5.78348,3.63073,19.4955,-17.9221,1.64,-1.46,5.81735,-2.52684,-22.4155,103.811,-13.0568,0.0,9.82797,0.8,28.7113,-17.7099,-2.26839,-3.88847,33.7812,25.8742,44.9152,79.5368,-47.5564
F_S_WWC_WM_565,F_S_WWC_WM,train,0.250701019873754,0.02355336081713919,-0.0066613241099568,-0.0832763034262458,0.0766149792989701,0.09395,0.0762339274937044,0.1197521407448122,0.999909146487746,0.4026261641102507,0.2974546423246638,raw_stl/F_S_WWC_WM/F_S_WWC_WM_565.stl,normalized/F_S_WWC_WM/F_S_WWC_WM_565_norm.stl,pointclouds/F_S_WWC_WM/F_S_WWC_WM_565_pc.ply,-0.826919,14.0608,-6.65047,12.8295,0.86,-0.82,-5.61405,6.26651,18.3298,-41.7799,3.68451,0.0,25.2198,0.9,-8.83247,-11.61,0.981035,11.2857,-33.3707,4.26239,-50.0762,5.92892,-64.9391
F_S_WWC_WM_566,F_S_WWC_WM,train,0.260932437421926,0.025714891707930808,0.0070245854071428,0.0014766041164182,0.0055479812898239,0.09855,0.0802761068852008,0.1242093656912568,0.9998237633099476,0.4330758031245497,0.2868580024581897,raw_stl/F_S_WWC_WM/F_S_WWC_WM_566.stl,normalized/F_S_WWC_WM/F_S_WWC_WM_566_norm.stl,pointclouds/F_S_WWC_WM/F_S_WWC_WM_566_pc.ply,11.2647,12.8381,-3.79118,1.04384,-0.72,1.69,0.0126929,-4.83628,-3.24396,-68.366,-6.25479,0.5,14.5735,0.6,-17.6654,9.64931,7.99157,34.4793,-38.223,23.1208,-3.89743,-50.4913,-30.6928
F_S_WWC_WM_567,F_S_WWC_WM,train,0.227198907076412,0.021538456390843855,-0.0789337293285714,-0.121033211153156,0.0420994818548172,0.0948,0.0765151880573958,0.1202845498323416,0.999955651673493,0.4135811169837439,0.2908495565868459,raw_stl/F_S_WWC_WM/F_S_WWC_WM_567.stl,normalized/F_S_WWC_WM/F_S_WWC_WM_567_norm.stl,pointclouds/F_S_WWC_WM/F_S_WWC_WM_567_pc.ply,-2.7443,3.10722,17.4801,18.2491,0.31,0.17,-5.29082,-1.81284,27.8546,144.16,-8.74129,0.6,-31.2895,0.8,48.5189,26.1689,10.352,-17.2365,4.89163,-37.5988,22.0911,29.1739,-17.0629
F_S_WWC_WM_568,F_S_WWC_WM,test,0.23322267320598,0.021269907796385375,-0.099539127723588,-0.091338244133887,-0.0082008835763362,0.0912,0.0763182902216271,0.1218884743250243,0.9999245245280046,0.429373950132657,0.2838962973228576,raw_stl/F_S_WWC_WM/F_S_WWC_WM_568.stl,normalized/F_S_WWC_WM/F_S_WWC_WM_568_norm.stl,pointclouds/F_S_WWC_WM/F_S_WWC_WM_568_pc.ply,0.578123,8.24602,0.429682,-9.2503,0.72,-0.49,-9.50749,2.39164,-49.4084,-69.3381,-5.57075,0.7,-9.05756,0.2,25.4817,19.0752,-29.9826,-23.2011,89.6997,-5.63558,9.51692,7.80634,119.77
F_S_WWC_WM_569,F_S_WWC_WM,test,0.249276025946843,0.02470325417133214,-0.0228920481038637,-0.0856992553305648,0.0628072072318936,0.0991,0.0831153123048593,0.1310889650756704,0.9999789129548712,0.4259471579372308,0.3077652402888031,raw_stl/F_S_WWC_WM/F_S_WWC_WM_569.stl,normalized/F_S_WWC_WM/F_S_WWC_WM_569_norm.stl,pointclouds/F_S_WWC_WM/F_S_WWC_WM_569_pc.ply,-0.279307,13.1459,-1.91957,-17.1611,-0.32,1.19,18.524,7.67686,25.6846,-19.3397,-7.38477,-0.4,37.9819,0.0,11.1897,15.8925,11.8795,-14.309,31.1844,-35.6411,-38.0357,31.0043,-106.407
F_S_WWC_WM_570,F_S_WWC_WM,test,0.231516700704318,0.02112011102175141,-0.0357336961587707,-0.0055517043254554,-0.0301819918286711,0.091225,0.0767716174798685,0.1149345657096239,0.9999155785817038,0.4280985572985438,0.2684995487796483,raw_stl/F_S_WWC_WM/F_S_WWC_WM_570.stl,normalized/F_S_WWC_WM/F_S_WWC_WM_570_norm.stl,pointclouds/F_S_WWC_WM/F_S_WWC_WM_570_pc.ply,13.8159,-2.79856,18.0775,8.59173,1.91,1.06,6.29084,-1.49466,4.44405,132.246,-4.39714,0.5,37.4122,0.3,19.0981,26.387,-2.36888,20.935,116.677,-47.811,56.507,-55.3158,123.352
F_S_WWC_WM_571,F_S_WWC_WM,val,0.270002881661129,0.03250834695199993,-0.009542457126387,-0.185362843581395,0.175820386468438,0.1204,0.1045426129369156,0.1563686944459059,0.9995313610937904,0.4927336901698007,0.3174980976115078,raw_stl/F_S_WWC_WM/F_S_WWC_WM_571.stl,normalized/F_S_WWC_WM/F_S_WWC_WM_571_norm.stl,pointclouds/F_S_WWC_WM/F_S_WWC_WM_571_pc.ply,-7.02086,-7.983,7.54547,0.639528,1.05,0.38,3.52777,-4.17042,-40.295,100.378,-14.3513,0.3,-31.8211,0.0,1.5525,21.7619,11.6486,45.2122,-14.0231,6.8167,95.0458,54.9323,79.0117
F_S_WWC_WM_572,F_S_WWC_WM,test,0.268654187451827,0.028302718648049976,-0.118172725958471,-0.174111559318936,0.0559388333524916,0.10535,0.090211009062878,0.135117503258362,0.9998605915474712,0.4550068184525071,0.2969984996408195,raw_stl/F_S_WWC_WM/F_S_WWC_WM_572.stl,normalized/F_S_WWC_WM/F_S_WWC_WM_572_norm.stl,pointclouds/F_S_WWC_WM/F_S_WWC_WM_572_pc.ply,-5.93534,-4.31862,12.2778,-15.4808,1.95,2.48,5.43654,-0.838345,-21.1429,12.2363,-10.0951,0.4,24.1073,0.1,49.916,-11.0906,-10.7582,48.1174,9.58088,38.0502,63.0888,16.7249,-194.508
F_S_WWC_WM_573,F_S_WWC_WM,test,0.240065574624584,0.02387452139641488,0.0419952693640863,0.0051237032111388,0.0368715661539867,0.09945,0.0849970577337314,0.1274984439256122,0.9999004491214052,0.4217323307602191,0.3023508715624317,raw_stl/F_S_WWC_WM/F_S_WWC_WM_573.stl,normalized/F_S_WWC_WM/F_S_WWC_WM_573_norm.stl,pointclouds/F_S_WWC_WM/F_S_WWC_WM_573_pc.ply,13.0228,-0.415405,16.0873,5.06396,1.79,0.04,3.83212,0.273084,47.3836,-9.68008,4.35607,-0.2,-3.07849,0.1,22.065,7.44187,-27.909,34.4141,0.580288,47.1253,-47.1534,-14.8737,-28.0429
F_S_WWC_WM_574,F_S_WWC_WM,test,0.212405629259136,0.020056401542793915,-0.0102279183642601,-0.0610647532199335,0.0508368348534883,0.094425,0.0769705658954018,0.1195886003122708,0.999903855934092,0.4363110181837225,0.2741166144507607,raw_stl/F_S_WWC_WM/F_S_WWC_WM_574.stl,normalized/F_S_WWC_WM/F_S_WWC_WM_574_norm.stl,pointclouds/F_S_WWC_WM/F_S_WWC_WM_574_pc.ply,5.54365,1.79902,-7.34453,5.15762,1.57,1.25,-9.05438,7.76872,3.60451,125.311,1.43015,0.5,32.0394,0.9,7.47847,-7.09639,-6.0545,-13.3873,81.2466,8.87441,77.2617,-24.6631,102.735
F_S_WWC_WM_575,F_S_WWC_WM,train,0.23985265295681,0.02304384363282552,-0.0366522390396677,-0.120708930405315,0.0840566913717607,0.096075,0.0806135759772995,0.1239098265097349,0.9998928293238668,0.4234064455494554,0.2926812020353913,raw_stl/F_S_WWC_WM/F_S_WWC_WM_575.stl,normalized/F_S_WWC_WM/F_S_WWC_WM_575_norm.stl,pointclouds/F_S_WWC_WM/F_S_WWC_WM_575_pc.ply,-3.70872,-1.42296,2.83622,4.61736,-0.71,0.94,-7.86963,-4.89229,-20.5492,103.034,-2.70066,0.4,-35.1993,0.5,2.94523,-1.18633,-26.0361,29.4526,94.6397,36.3101,11.2745,42.0122,111.056
F_S_WWC_WM_576,F_S_WWC_WM,train,0.272064236458471,0.024819059970924016,-0.0628660420863787,-0.118473536694352,0.0556074946382059,0.091225,0.0771348243105762,0.117145156975939,0.999942038587892,0.4010798930083702,0.2920912997894636,raw_stl/F_S_WWC_WM/F_S_WWC_WM_576.stl,normalized/F_S_WWC_WM/F_S_WWC_WM_576_norm.stl,pointclouds/F_S_WWC_WM/F_S_WWC_WM_576_pc.ply,-4.17696,-7.10514,16.9969,-13.1506,0.46,0.61,-8.23621,0.970734,13.9352,16.6006,-13.2416,0.3,17.343,-0.1,39.4957,23.9532,15.1984,52.5457,100.558,18.7431,-45.6162,38.2076,-39.6955
F_S_WWC_WM_577,F_S_WWC_WM,train,0.228109683086378,0.026295343717782225,-0.0304807070060408,-0.0457568190126245,0.0152761120079568,0.115275,0.0988889441303436,0.1480842740151534,0.9996859244748136,0.498950409404191,0.2968848115593372,raw_stl/F_S_WWC_WM/F_S_WWC_WM_577.stl,normalized/F_S_WWC_WM/F_S_WWC_WM_577_norm.stl,pointclouds/F_S_WWC_WM/F_S_WWC_WM_577_pc.ply,6.59004,7.02784,8.18432,8.01674,-0.97,-1.53,19.7925,-2.56972,-6.57517,-54.6837,2.53205,-0.1,20.6193,0.3,53.4411,-10.6109,-11.282,7.46256,-19.4964,-19.4952,142.257,-10.9906,24.0573
F_S_WWC_WM_578,F_S_WWC_WM,train,0.246582444654485,0.023369851192128817,0.0009592870430564,-0.053540307033887,0.0544995940777906,0.094775,0.0785016123891068,0.1255753762825885,0.9999430929085708,0.4203360704552653,0.2987669430384079,raw_stl/F_S_WWC_WM/F_S_WWC_WM_578.stl,normalized/F_S_WWC_WM/F_S_WWC_WM_578_norm.stl,pointclouds/F_S_WWC_WM/F_S_WWC_WM_578_pc.ply,13.1866,1.96297,-7.3186,-3.47592,1.95,2.06,-2.02714,-4.23628,44.6983,52.978,-5.20515,0.3,3.18939,0.4,-14.7988,-5.34954,1.98219,1.30102,36.7198,-29.0975,-37.0024,22.398,96.1793
F_S_WWC_WM_579,F_S_WWC_WM,train,0.251764907797342,0.027310198373316674,-0.0661016736548172,-0.0199700992230221,-0.0461315744231561,0.108475,0.0903805049061452,0.1323592470924276,0.9999693942001632,0.4555430938445254,0.2905615296677339,raw_stl/F_S_WWC_WM/F_S_WWC_WM_579.stl,normalized/F_S_WWC_WM/F_S_WWC_WM_579_norm.stl,pointclouds/F_S_WWC_WM/F_S_WWC_WM_579_pc.ply,11.7955,4.69168,17.593,10.7523,-1.47,-0.36,-1.23038,1.01573,-0.86367,2.55163,2.09383,0.3,-17.3369,0.2,-12.2334,17.538,28.573,51.9544,-23.2928,8.08094,51.0343,-56.8255,-83.2595
F_S_WWC_WM_580,F_S_WWC_WM,train,0.285913970332225,0.03170785930984375,-0.0013013174980537,-0.10083356211794,0.0995322446382059,0.1109,0.0987499596650591,0.1434581554152439,0.9998633160158904,0.4894336051525399,0.2931506235320457,raw_stl/F_S_WWC_WM/F_S_WWC_WM_580.stl,normalized/F_S_WWC_WM/F_S_WWC_WM_580_norm.stl,pointclouds/F_S_WWC_WM/F_S_WWC_WM_580_pc.ply,0.555189,6.75126,5.58703,-6.20011,-0.68,-1.72,11.8357,-2.1215,9.0838,5.97437,-12.055,-0.3,-29.0615,0.1,-15.9886,-5.78727,-17.3082,41.9257,110.033,17.5118,135.577,-10.7594,-126.79
F_S_WWC_WM_581,F_S_WWC_WM,val,0.216949389807308,0.021526803203630134,-0.0577033897325581,-0.124690942906976,0.0669875531561461,0.099225,0.0826213076255497,0.1293949633989346,0.99986319614946,0.4426246849827751,0.2923756219226687,raw_stl/F_S_WWC_WM/F_S_WWC_WM_581.stl,normalized/F_S_WWC_WM/F_S_WWC_WM_581_norm.stl,pointclouds/F_S_WWC_WM/F_S_WWC_WM_581_pc.ply,-4.23496,-2.04782,15.0674,-19.7322,-1.58,-0.12,-0.752536,8.15162,2.47067,1.3483,-2.88107,0.4,-7.85667,0.8,39.7832,0.73718,-18.6787,-17.6351,45.315,47.6882,83.3592,64.4413,-161.692
F_S_WWC_WM_582,F_S_WWC_WM,train,0.228534110963455,0.02195070135803985,-0.0259025502341657,-0.0225431808054551,-0.0033593694283279,0.09605,0.0788559831994514,0.1207419302271914,0.9998974008140842,0.4253266983289194,0.2839095688008912,raw_stl/F_S_WWC_WM/F_S_WWC_WM_582.stl,normalized/F_S_WWC_WM/F_S_WWC_WM_582_norm.stl,pointclouds/F_S_WWC_WM/F_S_WWC_WM_582_pc.ply,12.1194,2.65808,-1.44176,13.6033,0.91,1.5,7.5255,-1.13419,32.1572,-18.3791,3.06029,0.7,25.7488,0.5,41.1008,-7.88592,-27.9599,21.3448,-41.1385,-19.8007,6.28414,-44.6455,77.5709
F_S_WWC_WM_583,F_S_WWC_WM,train,0.266483325534883,0.03455622523873596,0.0217960989442458,-0.0498514737355481,0.071647572682392,0.129675,0.1121648002531264,0.1632456699852481,0.9999926925128866,0.5057772425145666,0.3227643499695295,raw_stl/F_S_WWC_WM/F_S_WWC_WM_583.stl,normalized/F_S_WWC_WM/F_S_WWC_WM_583_norm.stl,pointclouds/F_S_WWC_WM/F_S_WWC_WM_583_pc.ply,14.4085,0.0588059,-4.13792,15.567,-0.52,0.61,-3.583,3.24038,-12.8377,34.7772,-9.71066,-0.2,-23.4028,-0.3,37.6053,11.7736,13.929,49.7805,-57.7769,-6.1887,103.199,17.8351,25.9025
F_S_WWC_WM_584,F_S_WWC_WM,train,0.237044284966777,0.026697112594383263,-0.0853950257817275,-0.0713686766528239,-0.0140263491400232,0.112625,0.0935753702235378,0.1429289906404588,0.9999550911932492,0.4783730212246503,0.2987948804747216,raw_stl/F_S_WWC_WM/F_S_WWC_WM_584.stl,normalized/F_S_WWC_WM/F_S_WWC_WM_584_norm.stl,pointclouds/F_S_WWC_WM/F_S_WWC_WM_584_pc.ply,13.1174,3.19469,18.4656,12.1262,1.22,1.94,-4.55802,3.94572,-11.8498,0.581666,-4.68689,0.8,6.91763,0.3,47.6776,0.465897,23.5655,21.9639,-59.9125,-20.753,141.403,28.1708,-142.31
F_S_WWC_WM_585,F_S_WWC_WM,train,0.2230535650598,0.023381589957393537,0.0661739382980066,-0.0216859972104019,0.0878599355086378,0.104825,0.0871209871564874,0.1345517769523622,0.9999124351079184,0.4524669135421441,0.2973997787872234,raw_stl/F_S_WWC_WM/F_S_WWC_WM_585.stl,normalized/F_S_WWC_WM/F_S_WWC_WM_585_norm.stl,pointclouds/F_S_WWC_WM/F_S_WWC_WM_585_pc.ply,13.2092,-2.51612,-4.45141,17.8863,1.89,-1.36,19.6887,-1.4409,9.82031,132.798,-4.68118,0.2,4.5037,0.7,50.5629,-10.4927,-15.5874,-12.2594,-1.06874,19.8305,90.5598,22.0074,-35.5266
F_S_WWC_WM_586,F_S_WWC_WM,train,0.229755174554817,0.023412052287135852,-0.0434976532133554,-0.0757040323843853,0.032206379167774,0.1019,0.0849811142918088,0.1335699208471989,0.9999600436654426,0.4487045902283382,0.2976908659591001,raw_stl/F_S_WWC_WM/F_S_WWC_WM_586.stl,normalized/F_S_WWC_WM/F_S_WWC_WM_586_norm.stl,pointclouds/F_S_WWC_WM/F_S_WWC_WM_586_pc.ply,11.8657,4.15602,-2.2383,-19.7845,-0.12,0.1,-4.49331,1.35906,9.43991,21.9394,-13.6805,-0.1,21.1191,0.7,-21.758,8.1428,25.0159,-9.87203,49.1689,23.2261,54.8543,35.2459,-143.21
F_S_WWC_WM_587,F_S_WWC_WM,train,0.244020868760797,0.0259028152189586,-0.0192112095172159,-0.10435758847475,0.085146378955401,0.10615,0.0914229485865189,0.1429008732822693,0.9998871117402324,0.4542597235091681,0.3146151849660714,raw_stl/F_S_WWC_WM/F_S_WWC_WM_587.stl,normalized/F_S_WWC_WM/F_S_WWC_WM_587_norm.stl,pointclouds/F_S_WWC_WM/F_S_WWC_WM_587_pc.ply,-2.01592,6.75439,2.21081,-12.884,-1.65,-1.61,-5.6334,1.06309,-34.2085,-28.0307,1.3975,-0.2,23.8615,-0.2,-14.0855,13.6122,-10.1609,11.8439,76.799,-13.8963,11.4878,89.0972,89.4922
F_S_WWC_WM_588,F_S_WWC_WM,train,0.241902253810631,0.025508592664331038,-0.0873842892279069,-0.0941685370950166,0.0067842478662873,0.10545,0.0855235742746801,0.1326341668061461,0.9999392573499284,0.4507477234776254,0.294271533581951,raw_stl/F_S_WWC_WM/F_S_WWC_WM_588.stl,normalized/F_S_WWC_WM/F_S_WWC_WM_588_norm.stl,pointclouds/F_S_WWC_WM/F_S_WWC_WM_588_pc.ply,2.03537,11.9385,16.5391,18.1257,0.06,-1.21,17.2196,-0.924998,-12.8832,110.989,-6.9806,0.5,39.6499,0.6,-19.9655,19.8097,7.62489,-5.39217,32.4454,-24.3542,105.635,46.0407,41.3324
F_S_WWC_WM_589,F_S_WWC_WM,val,0.233102246152823,0.02128806262990656,-0.0526746338433887,-0.114069489170764,0.0613948553172757,0.091325,0.0764252057434608,0.1187115976513505,0.999820855946272,0.4230897426481924,0.2806328208182361,raw_stl/F_S_WWC_WM/F_S_WWC_WM_589.stl,normalized/F_S_WWC_WM/F_S_WWC_WM_589_norm.stl,pointclouds/F_S_WWC_WM/F_S_WWC_WM_589_pc.ply,-2.29347,-7.73654,9.16648,-6.32098,2.06,1.99,4.40229,5.64465,-42.9137,19.7039,-10.7227,0.5,14.748,1.0,-23.1533,14.4992,-22.2446,-5.1635,0.0596398,0.538401,4.87865,-39.341,-78.379
F_S_WWC_WM_590,F_S_WWC_WM,val,0.25673269261794,0.029665462632002967,-0.0298345457472923,-0.097841160910299,0.0680066151611295,0.11555,0.097290911054366,0.1502515344489831,0.9999128860593832,0.5047236964115901,0.2977166034820555,raw_stl/F_S_WWC_WM/F_S_WWC_WM_590.stl,normalized/F_S_WWC_WM/F_S_WWC_WM_590_norm.stl,pointclouds/F_S_WWC_WM/F_S_WWC_WM_590_pc.ply,0.663193,14.7661,-4.36653,-15.0382,0.26,1.15,3.40647,2.73699,-32.5999,-13.9267,-9.72453,0.3,-2.64579,0.0,53.1205,12.4459,-28.5853,-22.0445,-48.7251,-44.0773,122.545,-36.2487,-27.4278
F_S_WWC_WM_591,F_S_WWC_WM,train,0.217782887906976,0.0199706908210697,-0.0388017315947508,-0.0744459162418604,0.0356441846478405,0.0917,0.0783000991983287,0.1206082382295545,0.9999256232973122,0.4092507192182082,0.2947269330895442,raw_stl/F_S_WWC_WM/F_S_WWC_WM_591.stl,normalized/F_S_WWC_WM/F_S_WWC_WM_591_norm.stl,pointclouds/F_S_WWC_WM/F_S_WWC_WM_591_pc.ply,9.36503,-2.55852,12.8849,3.45222,0.04,0.63,8.57573,5.19427,-32.3002,-60.5136,-4.33851,-0.2,-29.9366,0.4,-13.4537,22.5396,25.2839,3.83742,114.539,46.0408,-40.4637,27.7288,63.1587
F_S_WWC_WM_592,F_S_WWC_WM,train,0.256530401352159,0.027025477782449948,0.031498491399794,-0.064569914588372,0.0960684059857142,0.10535,0.0919233874345981,0.1346681291980451,0.999993271208687,0.4511582145861924,0.298496250326286,raw_stl/F_S_WWC_WM/F_S_WWC_WM_592.stl,normalized/F_S_WWC_WM/F_S_WWC_WM_592_norm.stl,pointclouds/F_S_WWC_WM/F_S_WWC_WM_592_pc.ply,0.609382,-5.25609,-0.889506,14.5061,0.02,-1.77,5.37748,5.65478,24.8304,134.539,-10.6008,-0.1,9.6055,-0.2,22.5247,-6.11222,-29.6222,29.2151,12.767,-20.9176,20.6852,-37.7017,107.81
F_S_WWC_WM_593,F_S_WWC_WM,train,0.225028532498338,0.02094453066228281,-0.0557607653820598,-0.0612235029169435,0.0054627375344089,0.093075,0.0761894430064061,0.1207485214231869,0.9999315059791352,0.4076207384897282,0.2962479116957339,raw_stl/F_S_WWC_WM/F_S_WWC_WM_593.stl,normalized/F_S_WWC_WM/F_S_WWC_WM_593_norm.stl,pointclouds/F_S_WWC_WM/F_S_WWC_WM_593_pc.ply,12.8188,-4.22356,-1.80295,-8.32174,1.52,0.33,-9.84809,4.39928,48.7436,-35.8413,-1.60737,0.6,15.8518,0.7,25.7193,-9.89498,24.2171,28.4315,-40.5175,25.1012,-46.0676,21.0167,-94.9144
F_S_WWC_WM_594,F_S_WWC_WM,train,0.252926706421926,0.029725211172236855,-0.054949757369103,-0.175379728940199,0.12042997157475,0.117525,0.100601969055099,0.1517321267779642,0.9998838252239156,0.4969790117463974,0.3053443962123618,raw_stl/F_S_WWC_WM/F_S_WWC_WM_594.stl,normalized/F_S_WWC_WM/F_S_WWC_WM_594_norm.stl,pointclouds/F_S_WWC_WM/F_S_WWC_WM_594_pc.ply,-2.85381,-6.62604,3.3483,-5.61567,2.0,1.8,9.42337,9.4788,-11.9331,142.665,-13.2614,0.7,33.2175,-0.1,28.5689,10.3922,-11.0161,30.4499,-11.3884,-9.18312,140.34,34.3867,39.0198
F_S_WWC_WM_595,F_S_WWC_WM,val,0.240927869136212,0.024701129783190136,-0.0336213543576943,-0.0360930179209302,0.0024716635634053,0.102525,0.0878485003627289,0.1343768719901732,0.9999807767045036,0.4578111416485385,0.2935259607755732,raw_stl/F_S_WWC_WM/F_S_WWC_WM_595.stl,normalized/F_S_WWC_WM/F_S_WWC_WM_595_norm.stl,pointclouds/F_S_WWC_WM/F_S_WWC_WM_595_pc.ply,8.70444,5.48396,14.7328,-19.6241,-0.77,-1.47,-1.97592,7.19071,48.4036,28.1675,-10.5645,0.5,-36.8341,0.0,0.486038,-13.6355,-19.8568,-2.86714,79.9992,-28.2993,75.5302,16.5057,-52.8713
F_S_WWC_WM_596,F_S_WWC_WM,train,0.235260394558139,0.02356132851499762,0.039180902428186,-0.0535076344372093,0.0926885368521594,0.10015,0.0879107667276447,0.1309435292789559,0.9999221885209134,0.4389370303021814,0.2983428372205647,raw_stl/F_S_WWC_WM/F_S_WWC_WM_596.stl,normalized/F_S_WWC_WM/F_S_WWC_WM_596_norm.stl,pointclouds/F_S_WWC_WM/F_S_WWC_WM_596_pc.ply,5.92184,-6.59348,2.67267,-15.675,-0.56,0.07,0.82621,2.04071,-17.7311,145.242,-3.16577,-0.2,6.18971,-0.3,34.4277,29.1099,-27.104,54.7826,106.385,-5.94168,-3.56137,11.2807,58.1358
F_S_WWC_WM_597,F_S_WWC_WM,val,0.227944529006644,0.02041243257254497,0.0178604986312425,-0.0334575821943521,0.0513180808242524,0.08955,0.0740858223171078,0.1153255708869668,0.9999273527319564,0.3934278234438119,0.2931514822051937,raw_stl/F_S_WWC_WM/F_S_WWC_WM_597.stl,normalized/F_S_WWC_WM/F_S_WWC_WM_597_norm.stl,pointclouds/F_S_WWC_WM/F_S_WWC_WM_597_pc.ply,8.72771,-6.14775,7.46641,19.3909,2.02,0.48,-7.98183,-2.58163,27.2601,-37.628,-4.2957,0.3,31.8821,0.6,44.9977,10.8048,-21.2684,-3.54409,17.0421,27.0816,-47.0149,29.4227,120.975
F_S_WWC_WM_598,F_S_WWC_WM,train,0.277152705112956,0.03034822120986868,0.0639469779118936,-0.0547872869707641,0.118734264862126,0.1095,0.0920265236652767,0.1430193033345923,0.9999882773138896,0.4354289020225851,0.3284600063530668,raw_stl/F_S_WWC_WM/F_S_WWC_WM_598.stl,normalized/F_S_WWC_WM/F_S_WWC_WM_598_norm.stl,pointclouds/F_S_WWC_WM/F_S_WWC_WM_598_pc.ply,10.2158,-6.7143,-1.34658,14.6848,1.49,-0.62,2.26838,6.6148,40.1419,49.2607,-11.68,-0.1,-26.5093,0.2,-21.0316,-12.1794,-9.06121,-4.96613,-25.4774,-22.8981,-15.5666,83.1189,-61.2226
F_S_WWC_WM_599,F_S_WWC_WM,train,0.283971392930232,0.028645614261837152,0.0358148071569837,-0.010754414863692,0.0465692220250963,0.100875,0.0833924311857953,0.1279009044923099,0.9997721687194994,0.4470097936703862,0.2861907116378908,raw_stl/F_S_WWC_WM/F_S_WWC_WM_599.stl,normalized/F_S_WWC_WM/F_S_WWC_WM_599_norm.stl,pointclouds/F_S_WWC_WM/F_S_WWC_WM_599_pc.ply,12.8844,10.8823,5.4515,-8.28457,2.46,-1.48,-1.1788,7.93556,-7.34777,42.6054,-13.884,0.1,32.9609,1.0,6.48456,-2.90313,-20.9554,48.8496,58.4153,-37.7165,76.3067,13.4241,-16.7113
F_S_WWC_WM_600,F_S_WWC_WM,val,0.273006192322259,0.028754377206341927,-0.161799118093023,-0.140418351724252,-0.0213807663976489,0.105325,0.0897351635826728,0.1321762160546819,0.9998635886956668,0.4657027046399427,0.2838597404041232,raw_stl/F_S_WWC_WM/F_S_WWC_WM_600.stl,normalized/F_S_WWC_WM/F_S_WWC_WM_600_norm.stl,pointclouds/F_S_WWC_WM/F_S_WWC_WM_600_pc.ply,-3.38782,13.9445,19.3937,7.46483,-0.11,-0.43,9.65055,0.710599,16.7818,72.3164,-2.11612,0.6,29.6922,-0.4,-22.0063,-6.35841,-23.0128,32.3817,46.1293,-2.69544,106.073,-51.0257,-117.451
F_S_WWC_WM_601,F_S_WWC_WM,train,0.249474335810631,0.030211342066667413,0.105134246183056,-0.0437538145518272,0.148888060767441,0.1211,0.1040904565939964,0.155282584800053,0.9999399484219272,0.4964714684931284,0.3127912079130471,raw_stl/F_S_WWC_WM/F_S_WWC_WM_601.stl,normalized/F_S_WWC_WM/F_S_WWC_WM_601_norm.stl,pointclouds/F_S_WWC_WM/F_S_WWC_WM_601_pc.ply,8.22373,-6.21495,-5.63015,-6.28017,-0.05,1.19,10.3564,9.3154,-49.9646,54.0643,-0.961029,-0.3,-36.7175,0.3,-5.22627,-14.8047,-9.61105,37.3579,-31.6822,-0.497491,86.6966,5.12939,-19.8532
F_S_WWC_WM_602,F_S_WWC_WM,train,0.245796097830564,0.021445709535716707,-0.0300963974230711,0.0044919107366009,-0.0345883081628119,0.08725,0.0729066725454968,0.1105198749848766,0.999877557903822,0.3911373954990282,0.2825948380265216,raw_stl/F_S_WWC_WM/F_S_WWC_WM_602.stl,normalized/F_S_WWC_WM/F_S_WWC_WM_602_norm.stl,pointclouds/F_S_WWC_WM/F_S_WWC_WM_602_pc.ply,13.2846,9.30947,12.1608,9.15321,-1.26,1.91,-1.78541,6.029,21.3213,15.9462,3.53338,0.4,34.749,0.1,31.7787,-13.2455,22.3418,41.6862,97.6481,16.6617,-42.5025,-3.51956,-54.3615
F_S_WWC_WM_603,F_S_WWC_WM,train,0.222017775724252,0.023861360445963983,-0.0593878789822402,-0.131029974089701,0.0716420950794019,0.107475,0.0937406857984632,0.1411574239852939,0.9998762861765204,0.4917078414934379,0.2871113237524175,raw_stl/F_S_WWC_WM/F_S_WWC_WM_603.stl,normalized/F_S_WWC_WM/F_S_WWC_WM_603_norm.stl,pointclouds/F_S_WWC_WM/F_S_WWC_WM_603_pc.ply,-2.36326,-2.30408,4.03537,-8.53467,-1.13,-0.41,-3.48386,-1.09156,35.0345,141.069,4.1427,0.4,9.86097,0.1,0.894393,11.1949,-5.2878,19.9494,110.282,-24.9085,149.538,8.33861,141.343
F_S_WWC_WM_604,F_S_WWC_WM,train,0.259894246797342,0.028393446462609617,-0.0138031483477209,-0.168119719016611,0.154316570691029,0.10925,0.0930254219162129,0.1440735520356639,0.9998630712664194,0.4888617279135607,0.294752635190617,raw_stl/F_S_WWC_WM/F_S_WWC_WM_604.stl,normalized/F_S_WWC_WM/F_S_WWC_WM_604_norm.stl,pointclouds/F_S_WWC_WM/F_S_WWC_WM_604_pc.ply,-4.47151,6.26811,-6.86849,-15.1062,2.31,0.85,-2.44764,-3.00413,-46.884,129.463,-5.03799,0.1,23.5552,0.7,24.6246,13.1191,-13.7991,14.0502,32.1409,-11.8129,142.873,22.0897,41.9228
F_S_WWC_WM_605,F_S_WWC_WM,train,0.238901934461794,0.02657186766051304,0.0313596968389654,-0.0729710307172757,0.104330727558139,0.111225,0.0946387019522201,0.1434971412335878,0.9999442555293748,0.4754343498223052,0.3018400771953731,raw_stl/F_S_WWC_WM/F_S_WWC_WM_605.stl,normalized/F_S_WWC_WM/F_S_WWC_WM_605_norm.stl,pointclouds/F_S_WWC_WM/F_S_WWC_WM_605_pc.ply,3.10536,11.0414,2.14109,-5.96281,-0.37,-1.44,0.47146,6.34085,45.1514,107.348,-0.450964,-0.4,17.4418,0.1,-21.6427,1.72951,0.620405,-16.0845,115.072,-15.8553,118.997,37.2119,-165.214
F_S_WWC_WM_606,F_S_WWC_WM,train,0.251749618538205,0.021272842766478322,-0.0830196897365448,-0.0217933772789402,-0.0612263124662823,0.0845,0.0692737474002471,0.104784314829352,0.9998833427818096,0.3948655946771713,0.2653980025478654,raw_stl/F_S_WWC_WM/F_S_WWC_WM_606.stl,normalized/F_S_WWC_WM/F_S_WWC_WM_606_norm.stl,pointclouds/F_S_WWC_WM/F_S_WWC_WM_606_pc.ply,4.69164,3.47633,15.8978,14.6998,-0.68,2.12,-5.89548,9.12958,-30.5266,39.6959,-5.27786,0.5,7.45288,0.9,-4.79101,18.5075,17.8755,18.1888,90.2586,-26.47,-2.12396,-59.4618,22.4051
F_S_WWC_WM_607,F_S_WWC_WM,train,0.242663036757475,0.022349265685363447,-0.108916461617275,-0.0625847448318936,-0.046331716786495,0.0921,0.0752912624287017,0.1213528914313638,0.9999347189833158,0.3984231586302167,0.3046028107550938,raw_stl/F_S_WWC_WM/F_S_WWC_WM_607.stl,normalized/F_S_WWC_WM/F_S_WWC_WM_607_norm.stl,pointclouds/F_S_WWC_WM/F_S_WWC_WM_607_pc.ply,11.6831,5.97576,15.2358,-0.615172,0.73,-1.2,15.2614,8.24795,14.5341,-45.6788,-6.45991,0.2,25.4866,0.8,20.4629,8.83803,-23.8274,8.7543,-9.88547,43.9944,-50.7183,79.2109,-121.484
F_S_WWC_WM_608,F_S_WWC_WM,test,0.262561123730897,0.02662369794631296,-0.118104294416943,-0.138163604431893,0.0200593100422225,0.1014,0.084699480906684,0.129237010969728,0.999858750424756,0.4604340303113118,0.2807248372455645,raw_stl/F_S_WWC_WM/F_S_WWC_WM_608.stl,normalized/F_S_WWC_WM/F_S_WWC_WM_608_norm.stl,pointclouds/F_S_WWC_WM/F_S_WWC_WM_608_pc.ply,-5.46888,4.45433,15.7313,-18.4652,0.23,2.01,14.4762,8.02222,-14.7673,102.215,-7.52675,0.4,-12.6211,0.6,54.1627,2.58285,-29.29,25.7061,15.0914,13.4874,77.8287,-36.9926,51.1106
F_S_WWC_WM_609,F_S_WWC_WM,train,0.293666579810631,0.03536479787369524,0.013699133134784,-0.118277988168438,0.131977121321926,0.120425,0.1019107651093595,0.1574546478655261,0.9999468557357916,0.4991749580233073,0.3154465455262395,raw_stl/F_S_WWC_WM/F_S_WWC_WM_609.stl,normalized/F_S_WWC_WM/F_S_WWC_WM_609_norm.stl,pointclouds/F_S_WWC_WM/F_S_WWC_WM_609_pc.ply,-1.60505,13.3335,-5.94355,-10.3708,-0.53,1.56,1.60238,-3.29662,19.0942,-73.321,-13.3591,-0.2,-34.2125,0.2,19.2931,2.50125,-26.6039,16.4904,-44.2424,-5.38091,70.0409,25.3102,111.681
F_S_WWC_WM_610,F_S_WWC_WM,train,0.257968294372093,0.027776736096515115,-0.0193487383407707,-0.113879121194019,0.0945303828654485,0.107675,0.0923391554521035,0.1423812077994023,0.9998907140412572,0.4607691938485082,0.3090414282638119,raw_stl/F_S_WWC_WM/F_S_WWC_WM_610.stl,normalized/F_S_WWC_WM/F_S_WWC_WM_610_norm.stl,pointclouds/F_S_WWC_WM/F_S_WWC_WM_610_pc.ply,0.716267,0.276843,18.8735,-18.2945,0.87,2.19,4.19496,7.85563,15.788,31.9314,-14.4357,0.0,-34.4508,0.1,14.528,3.60969,29.1905,10.6563,72.6831,8.79912,64.6186,77.3826,-55.8265
F_S_WWC_WM_611,F_S_WWC_WM,train,0.248507203335548,0.027932209654915593,-0.0300577917110963,-0.0776700318348837,0.0476122401202657,0.1124,0.0999769419674791,0.1461094673500276,0.9998220661649032,0.4890758169535517,0.2987992142095437,raw_stl/F_S_WWC_WM/F_S_WWC_WM_611.stl,normalized/F_S_WWC_WM/F_S_WWC_WM_611_norm.stl,pointclouds/F_S_WWC_WM/F_S_WWC_WM_611_pc.ply,7.33329,-7.20446,10.9126,-3.38945,2.14,-1.17,-7.73161,8.707,-3.70739,68.3129,-4.71554,0.5,-5.94578,-0.4,37.9798,16.9562,-19.2109,50.3396,-25.6334,-3.89354,70.2379,-45.8956,112.524
F_S_WWC_WM_612,F_S_WWC_WM,val,0.211096810166112,0.018935383871900247,-0.0578319264460235,-0.0202592197485704,-0.0375727066959402,0.0897,0.0766941314771978,0.1187147622844052,0.9999085079694944,0.4191560183509839,0.2832492426089159,raw_stl/F_S_WWC_WM/F_S_WWC_WM_612.stl,normalized/F_S_WWC_WM/F_S_WWC_WM_612_norm.stl,pointclouds/F_S_WWC_WM/F_S_WWC_WM_612_pc.ply,12.238,-3.01917,13.2362,-3.32001,-0.34,1.5,2.24947,5.62344,24.1958,147.489,4.19226,0.7,-6.42694,0.0,-14.3892,6.26847,-22.79,-18.8832,109.125,-10.2127,5.83501,-14.6009,-14.3981
F_S_WWC_WM_613,F_S_WWC_WM,train,0.239426715953488,0.025169733514610423,-0.0580885466641196,-0.148515480880398,0.0904269342262458,0.105125,0.0891255418104844,0.13498859980851,0.9999785386261644,0.4815355152108443,0.2803354947814861,raw_stl/F_S_WWC_WM/F_S_WWC_WM_613.stl,normalized/F_S_WWC_WM/F_S_WWC_WM_613_norm.stl,pointclouds/F_S_WWC_WM/F_S_WWC_WM_613_pc.ply,-5.03014,4.91857,-5.79647,2.51025,-0.46,-1.07,-8.33386,-3.65379,-4.98514,-70.8767,-2.47683,-0.1,-15.7129,0.6,55.4126,2.03339,29.99,-16.9719,63.3007,-27.8561,132.994,-35.6353,100.016
F_S_WWC_WM_614,F_S_WWC_WM,val,0.247747360631229,0.027276984405498316,-0.0352515876160132,-0.0903874097757475,0.0551358221451827,0.1101,0.0917281280413336,0.1400697504954194,0.9998482209782892,0.4501900580246032,0.3111819349967153,raw_stl/F_S_WWC_WM/F_S_WWC_WM_614.stl,normalized/F_S_WWC_WM/F_S_WWC_WM_614_norm.stl,pointclouds/F_S_WWC_WM/F_S_WWC_WM_614_pc.ply,0.100708,12.3742,16.4925,14.6215,2.39,-1.65,10.0466,3.84393,-26.3305,-45.5067,-7.76669,0.0,21.5442,-0.1,39.1773,14.2903,18.904,-2.7223,-37.9832,42.62,27.6519,22.7945,-30.3691
F_S_WWC_WM_615,F_S_WWC_WM,train,0.244381979684385,0.02215933600788161,-0.112074000846511,-0.0416758881461793,-0.0703981126860465,0.090675,0.0749256788274881,0.1175255667895444,0.9996401524893026,0.430244888664468,0.2732580360478723,raw_stl/F_S_WWC_WM/F_S_WWC_WM_615.stl,normalized/F_S_WWC_WM/F_S_WWC_WM_615_norm.stl,pointclouds/F_S_WWC_WM/F_S_WWC_WM_615_pc.ply,12.5966,6.58033,10.3661,-16.182,2.35,-0.57,17.7241,1.57323,3.55727,-4.0376,-9.30434,0.4,27.268,0.6,-6.19504,27.0065,-17.844,-18.2874,119.105,-6.85966,34.1199,-30.9924,62.1126
F_S_WWC_WM_616,F_S_WWC_WM,train,0.245306553887043,0.024132032238637857,-0.130850701034551,-0.148588163953488,0.0177374629170564,0.098375,0.0807394221816253,0.1247502011508796,0.9996590497055406,0.4320869806171842,0.288813953841516,raw_stl/F_S_WWC_WM/F_S_WWC_WM_616.stl,normalized/F_S_WWC_WM/F_S_WWC_WM_616_norm.stl,pointclouds/F_S_WWC_WM/F_S_WWC_WM_616_pc.ply,-6.81073,11.2804,4.90908,11.5578,-0.66,0.68,-7.45434,2.53469,43.9096,119.238,-7.42486,0.8,-21.7366,0.5,-5.61959,13.0,-20.4819,2.28813,124.059,-34.0716,82.6484,60.6053,-23.0121
F_S_WWC_WM_617,F_S_WWC_WM,train,0.238663553654485,0.022667071008334712,-0.140278677757475,-0.102445339827574,-0.0378333379384677,0.094975,0.0807169517616694,0.1228387522003355,0.9998006566673024,0.4534818610912509,0.2709330950376676,raw_stl/F_S_WWC_WM/F_S_WWC_WM_617.stl,normalized/F_S_WWC_WM/F_S_WWC_WM_617_norm.stl,pointclouds/F_S_WWC_WM/F_S_WWC_WM_617_pc.ply,-1.63974,13.2456,1.48267,-17.9644,2.2,0.51,7.41279,-4.79008,17.8542,58.1814,-0.668011,0.2,35.628,0.7,34.506,-9.46788,5.44871,5.63605,88.6777,25.3404,110.582,-53.1279,-199.063
F_S_WWC_WM_618,F_S_WWC_WM,train,0.263289088730897,0.030087360614723255,-0.0951004054767441,-0.179030252255813,0.0839298467867109,0.114275,0.0958776050140541,0.1482566430075318,0.9998370891494602,0.4760993305366304,0.3114492922969949,raw_stl/F_S_WWC_WM/F_S_WWC_WM_618.stl,normalized/F_S_WWC_WM/F_S_WWC_WM_618_norm.stl,pointclouds/F_S_WWC_WM/F_S_WWC_WM_618_pc.ply,-5.60722,1.2949,7.68768,-1.74459,2.3,-0.24,2.10719,5.09249,23.2228,7.25564,-13.5527,-0.4,15.1693,0.9,8.46223,21.0126,-5.15436,16.4663,13.777,-40.7772,92.9973,85.2275,86.9726
F_S_WWC_WM_619,F_S_WWC_WM,train,0.248854454136212,0.024841895884147362,0.0395429779121993,-0.0119605694873787,0.0515035474054252,0.099825,0.0823938824079663,0.1249962375206369,0.9999183661692698,0.4235829104470923,0.2951168217420323,raw_stl/F_S_WWC_WM/F_S_WWC_WM_619.stl,normalized/F_S_WWC_WM/F_S_WWC_WM_619_norm.stl,pointclouds/F_S_WWC_WM/F_S_WWC_WM_619_pc.ply,8.92915,7.27947,-1.65867,16.6507,1.14,0.31,17.9182,6.3212,-37.0373,127.612,4.83236,0.0,-20.5121,0.6,34.0031,19.0453,-22.835,27.4418,24.1803,-6.11133,14.0236,-1.76436,-67.4281
F_S_WWC_WM_620,F_S_WWC_WM,train,0.243877483691029,0.02645461004338437,-0.0204114687243036,-0.0517883416727574,0.0313768729502794,0.108475,0.096633000941435,0.1417115838358017,0.9999530627938652,0.4676583311173117,0.3030379793625308,raw_stl/F_S_WWC_WM/F_S_WWC_WM_620.stl,normalized/F_S_WWC_WM/F_S_WWC_WM_620_norm.stl,pointclouds/F_S_WWC_WM/F_S_WWC_WM_620_pc.ply,2.6654,-2.5844,17.4051,-5.34354,-1.36,-0.22,-8.13057,5.52991,29.8873,-72.4825,1.03461,-0.4,2.33464,-0.3,45.9834,20.7025,10.173,33.6361,-16.7711,-26.2308,13.2233,-41.4987,29.1317
F_S_WWC_WM_621,F_S_WWC_WM,train,0.259282941332225,0.025519923500624247,-0.123238592669767,-0.0570742780192691,-0.0661643146879734,0.098425,0.0850105359338765,0.1275763279976027,0.9997105640475712,0.4336703463325623,0.2942632922526617,raw_stl/F_S_WWC_WM/F_S_WWC_WM_621.stl,normalized/F_S_WWC_WM/F_S_WWC_WM_621_norm.stl,pointclouds/F_S_WWC_WM/F_S_WWC_WM_621_pc.ply,8.4575,4.20175,10.7587,8.16114,-0.95,-1.25,12.5249,-1.17144,42.2067,146.008,-9.41067,0.3,38.4104,-0.1,4.37704,-0.32454,26.2357,23.989,3.71275,-31.3325,2.94207,-34.3746,-104.253
F_S_WWC_WM_622,F_S_WWC_WM,test,0.282454555112956,0.029050450993367522,0.0245716821474352,-0.133191866730897,0.157763548897009,0.10285,0.0842379404417077,0.1311372711242867,0.9998565359878396,0.4383067016460169,0.2992335887410502,raw_stl/F_S_WWC_WM/F_S_WWC_WM_622.stl,normalized/F_S_WWC_WM/F_S_WWC_WM_622_norm.stl,pointclouds/F_S_WWC_WM/F_S_WWC_WM_622_pc.ply,-6.48858,14.3562,-2.25059,8.43034,1.52,2.31,7.18255,-1.01507,-18.6228,95.1981,-5.79173,0.5,-30.4927,1.0,42.4271,4.42878,-27.311,42.8098,-12.2591,-22.4024,60.7175,51.5428,-140.269
F_S_WWC_WM_623,F_S_WWC_WM,val,0.262192858352159,0.025452371724535832,-0.0644068107182724,-0.166401769504983,0.101994958820598,0.097075,0.0835829771644807,0.1246308347050939,0.9996285696394118,0.4515942247986448,0.2760822365190389,raw_stl/F_S_WWC_WM/F_S_WWC_WM_623.stl,normalized/F_S_WWC_WM/F_S_WWC_WM_623_norm.stl,pointclouds/F_S_WWC_WM/F_S_WWC_WM_623_pc.ply,-7.34743,0.517883,9.51802,-10.0991,1.86,0.26,9.15566,2.36039,-19.8316,131.727,-13.8515,0.1,-32.2373,0.9,-7.32919,-17.2123,2.79894,27.6521,125.505,6.36251,102.135,-30.486,-96.6291
F_S_WWC_WM_624,F_S_WWC_WM,train,0.223905361790697,0.023700382545545278,-0.139174641890697,-0.0935506132498339,-0.045624028679093,0.10585,0.0890715833541402,0.136314234628241,0.9997780469120514,0.4797450882908918,0.2842019648310367,raw_stl/F_S_WWC_WM/F_S_WWC_WM_624.stl,normalized/F_S_WWC_WM/F_S_WWC_WM_624_norm.stl,pointclouds/F_S_WWC_WM/F_S_WWC_WM_624_pc.ply,3.13035,11.4954,14.5212,2.13926,2.13,0.41,-5.74791,9.39902,20.2244,110.128,2.78916,0.3,17.6962,0.7,48.1418,19.7752,-9.28226,-16.7673,-36.8096,-18.2581,130.437,-52.1665,-36.3104
F_S_WWC_WM_625,F_S_WWC_WM,train,0.230331115152823,0.02463967104347324,-0.0632809366777408,-0.0803614992139534,0.0170805625383205,0.106975,0.0926036305343396,0.1418413629118713,0.9995492162334751,0.4762054606054934,0.2979918192270981,raw_stl/F_S_WWC_WM/F_S_WWC_WM_625.stl,normalized/F_S_WWC_WM/F_S_WWC_WM_625_norm.stl,pointclouds/F_S_WWC_WM/F_S_WWC_WM_625_pc.ply,3.49275,-5.93881,7.50694,-17.7318,-1.42,1.87,-7.60599,1.76257,17.948,112.236,-2.94925,0.8,18.1028,0.0,21.0157,-3.67179,-24.7169,8.89853,-26.6365,43.2878,82.9657,3.10714,11.8894
F_S_WWC_WM_626,F_S_WWC_WM,train,0.28436427261794,0.029175774370600642,-0.0146629550766644,-0.124903029401993,0.11024007428372,0.1026,0.0850688371330383,0.1324428085258751,0.9998441310663342,0.4372645188663092,0.3029366659038892,raw_stl/F_S_WWC_WM/F_S_WWC_WM_626.stl,normalized/F_S_WWC_WM/F_S_WWC_WM_626_norm.stl,pointclouds/F_S_WWC_WM/F_S_WWC_WM_626_pc.ply,-4.03789,13.2845,6.4372,-10.8834,2.04,0.34,16.2022,2.29189,11.3486,53.6548,-7.01683,0.7,-22.6999,0.2,26.2982,-8.04703,-1.95898,44.1254,73.527,40.9141,44.6433,84.5899,-96.1021
F_S_WWC_WM_627,F_S_WWC_WM,train,0.228545882269103,0.020312015286666527,-0.0970216031634551,-0.167172548172757,0.0701509450365116,0.088875,0.0741152598907745,0.1146424375442118,0.9997175216809134,0.40532685345943,0.2829194012656428,raw_stl/F_S_WWC_WM/F_S_WWC_WM_627.stl,normalized/F_S_WWC_WM/F_S_WWC_WM_627_norm.stl,pointclouds/F_S_WWC_WM/F_S_WWC_WM_627_pc.ply,-7.39109,3.34317,-4.16627,11.2146,-1.75,-1.45,0.0478577,-1.37427,46.7191,-35.0817,-6.55919,0.5,-29.1673,0.2,18.3195,-4.58128,-6.45637,-22.559,102.593,7.38511,-9.98026,-4.37738,-75.2615
F_S_WWC_WM_628,F_S_WWC_WM,train,0.252013383431893,0.030039995305081647,-0.0336348817721096,-0.11823257826578,0.0845976965003322,0.1192,0.1017635406806842,0.1533963816843521,0.9999465661069208,0.4764694653961747,0.321960985601994,raw_stl/F_S_WWC_WM/F_S_WWC_WM_628.stl,normalized/F_S_WWC_WM/F_S_WWC_WM_628_norm.stl,pointclouds/F_S_WWC_WM/F_S_WWC_WM_628_pc.ply,4.18754,-4.3554,-1.24568,-16.4125,-0.4,0.36,-4.71688,7.81767,-28.2529,54.9436,-11.793,0.4,4.05915,-0.4,-24.3128,23.0518,8.28864,42.0238,-2.69987,-33.8419,64.0143,70.7942,-120.596
F_S_WWC_WM_629,F_S_WWC_WM,train,0.263973509667774,0.026403950304519096,-0.0011967832886956,-0.165025571933554,0.16382878867774,0.100025,0.0862942819589619,0.1299375126666971,0.9999526946297788,0.4391078141455214,0.2959265481359971,raw_stl/F_S_WWC_WM/F_S_WWC_WM_629.stl,normalized/F_S_WWC_WM/F_S_WWC_WM_629_norm.stl,pointclouds/F_S_WWC_WM/F_S_WWC_WM_629_pc.ply,-7.60222,-7.25178,6.93562,-11.7484,0.92,1.95,-4.26541,0.576225,-35.5371,-58.1932,-4.80477,-0.1,-15.5659,0.4,38.7349,-3.50536,-3.01264,49.9202,127.392,-12.1467,42.4128,70.6553,44.8064
F_S_WWC_WM_630,F_S_WWC_WM,train,0.216489648880398,0.023537837074521274,-0.0188489763209368,-0.0391668551112956,0.0203178787896279,0.108725,0.0909671152316681,0.145547002122261,0.9999455697229462,0.4791069957877026,0.3038046323615714,raw_stl/F_S_WWC_WM/F_S_WWC_WM_630.stl,normalized/F_S_WWC_WM/F_S_WWC_WM_630_norm.stl,pointclouds/F_S_WWC_WM/F_S_WWC_WM_630_pc.ply,14.1196,-1.24288,6.00304,-14.7948,-1.39,-1.45,9.06128,-0.507852,-44.9908,82.9066,-6.30292,0.5,34.7055,0.2,36.5503,14.5892,-8.93864,-24.3708,1.62667,8.48769,89.4294,59.3505,107.267
F_S_WWC_WM_631,F_S_WWC_WM,train,0.239201348382059,0.025738065085909548,-0.0059332162708926,-0.119195909499667,0.113262693248504,0.1076,0.0927529923940796,0.1414113296636045,0.999961955556176,0.44424128495066,0.3183331098985593,raw_stl/F_S_WWC_WM/F_S_WWC_WM_631.stl,normalized/F_S_WWC_WM/F_S_WWC_WM_631_norm.stl,pointclouds/F_S_WWC_WM/F_S_WWC_WM_631_pc.ply,4.88157,-5.1143,2.28885,6.36091,2.16,1.63,10.1716,4.0546,36.3251,26.1575,2.18541,0.1,-38.4813,-0.3,-6.11444,-9.26011,14.7616,16.3105,77.3889,38.8238,3.51334,82.0547,128.01
F_S_WWC_WM_632,F_S_WWC_WM,train,0.241801995953488,0.0257398224692488,0.036885251579176,-0.0660500033,0.102935254881063,0.10645,0.0906527004786177,0.1400615632218762,0.9999851486982336,0.4411864530126509,0.3174704082432328,raw_stl/F_S_WWC_WM/F_S_WWC_WM_632.stl,normalized/F_S_WWC_WM/F_S_WWC_WM_632_norm.stl,pointclouds/F_S_WWC_WM/F_S_WWC_WM_632_pc.ply,9.67147,-1.47881,-6.79629,9.83528,2.25,1.53,15.5182,-2.78134,-26.5129,108.195,-9.09356,-0.1,-6.85984,-0.4,57.5234,6.8398,13.2515,-5.50572,46.7184,16.1785,13.6081,62.0319,-125.835
F_S_WWC_WM_633,F_S_WWC_WM,train,0.255391593485049,0.024536747344076078,0.0159582589808039,0.0043069056133657,0.0116513533648372,0.096075,0.0807593051559612,0.1198757798455922,0.9997251835324784,0.4030257512553548,0.2975212684709453,raw_stl/F_S_WWC_WM/F_S_WWC_WM_633.stl,normalized/F_S_WWC_WM/F_S_WWC_WM_633_norm.stl,pointclouds/F_S_WWC_WM/F_S_WWC_WM_633_pc.ply,10.881,-4.68785,13.8075,17.0545,1.28,1.73,14.3976,1.44711,28.8219,100.271,-7.30406,-0.1,31.3132,0.5,10.2606,20.4771,-9.7842,52.0318,-31.0419,-4.07798,-56.1541,-25.2242,-69.2458
F_S_WWC_WM_634,F_S_WWC_WM,train,0.275524556345515,0.028399693645313955,0.0507726030880398,-0.0327202171172757,0.0834928202053156,0.103075,0.0869606578129193,0.1331936114801585,0.9999724589490272,0.4279904274509566,0.3112155584098806,raw_stl/F_S_WWC_WM/F_S_WWC_WM_634.stl,normalized/F_S_WWC_WM/F_S_WWC_WM_634_norm.stl,pointclouds/F_S_WWC_WM/F_S_WWC_WM_634_pc.ply,8.92026,0.743232,-0.182915,-2.58153,2.01,-0.95,11.9752,-2.29422,-30.7901,10.6472,-9.56481,-0.4,13.4055,0.1,-1.68981,9.90983,-19.9425,50.0853,67.4253,2.50672,-41.3256,58.1781,114.527
F_S_WWC_WM_635,F_S_WWC_WM,train,0.238269749521594,0.02229609181148316,-0.111293871282724,-0.173373551352159,0.062079680071196,0.093575,0.0750103610306071,0.1186314171385467,0.99986016117042,0.407342211537836,0.2912735419422643,raw_stl/F_S_WWC_WM/F_S_WWC_WM_635.stl,normalized/F_S_WWC_WM/F_S_WWC_WM_635_norm.stl,pointclouds/F_S_WWC_WM/F_S_WWC_WM_635_pc.ply,-7.2086,13.3778,13.5213,12.3637,1.39,0.92,-6.02653,1.25812,6.55767,94.3083,4.61054,0.6,24.1714,0.9,41.5787,-11.2036,23.0647,20.5607,31.6866,-40.8828,9.07389,60.9193,70.6911
F_S_WWC_WM_636,F_S_WWC_WM,train,0.262511653129568,0.029801635421534207,-0.0173190008602797,-0.103997873167109,0.0866788723269103,0.113525,0.0965105856695981,0.1461884531631939,0.9999713920793376,0.4693994718872006,0.3114461012125736,raw_stl/F_S_WWC_WM/F_S_WWC_WM_636.stl,normalized/F_S_WWC_WM/F_S_WWC_WM_636_norm.stl,pointclouds/F_S_WWC_WM/F_S_WWC_WM_636_pc.ply,-0.357469,-4.33703,-1.77143,-0.954274,2.3,-1.62,-0.578024,-4.62914,16.6036,-2.84335,-8.98883,0.4,3.47603,0.2,10.9374,7.84816,28.2167,50.2406,-48.5693,39.071,59.0862,37.9884,-57.0252
F_S_WWC_WM_637,F_S_WWC_WM,train,0.244751801707641,0.02425490354922722,-0.169675197146179,-0.121351004020598,-0.0483241931480731,0.0991,0.0833466790464638,0.1308488650602931,0.9999286627951832,0.4448369344866574,0.2941711669457653,raw_stl/F_S_WWC_WM/F_S_WWC_WM_637.stl,normalized/F_S_WWC_WM/F_S_WWC_WM_637_norm.stl,pointclouds/F_S_WWC_WM/F_S_WWC_WM_637_pc.ply,0.764904,7.90004,19.7099,-12.9339,1.65,2.29,17.7764,8.98432,39.1704,-84.5359,-6.78225,0.6,-3.50408,0.1,8.85438,23.1629,-15.2673,-5.23918,10.3125,13.3047,35.8837,16.3814,-11.5565
F_S_WWC_WM_638,F_S_WWC_WM,train,0.23846981888372,0.022851370394532465,-0.0525812279329362,-0.0112772053421986,-0.0413040226038903,0.095825,0.0787824582498029,0.1230484143260016,0.9999607251257706,0.4234137072390042,0.2906217846115929,raw_stl/F_S_WWC_WM/F_S_WWC_WM_638.stl,normalized/F_S_WWC_WM/F_S_WWC_WM_638_norm.stl,pointclouds/F_S_WWC_WM/F_S_WWC_WM_638_pc.ply,10.0401,2.94791,10.6834,-12.6899,-1.52,0.82,3.77169,9.96033,27.3679,-72.1825,3.49757,0.6,19.508,0.8,-9.98477,16.7393,14.9701,26.1387,38.5373,-39.4814,28.0688,48.6987,-173.263
F_S_WWC_WM_639,F_S_WWC_WM,train,0.257412196076412,0.027916352664486884,-0.0072820284447388,-0.0658054570352159,0.0585234285940824,0.10845,0.092146323368332,0.1381406591605992,0.9999374716941404,0.4655373518806083,0.2967523375816068,raw_stl/F_S_WWC_WM/F_S_WWC_WM_639.stl,normalized/F_S_WWC_WM/F_S_WWC_WM_639_norm.stl,pointclouds/F_S_WWC_WM/F_S_WWC_WM_639_pc.ply,6.76173,1.75572,-2.16443,-4.61217,2.17,-1.78,2.74223,8.54309,46.983,98.7461,-1.90909,-0.2,30.1073,0.5,4.49291,25.3365,17.3806,47.157,14.5019,9.77373,66.679,-10.2982,7.92333
F_S_WWC_WM_640,F_S_WWC_WM,train,0.238773681348837,0.026157656791765092,-0.0170145315984598,-0.0635388458385382,0.0465243142424099,0.10955,0.0915914009292806,0.1421928148995997,0.9999800912927564,0.4754548265064233,0.2990728832766679,raw_stl/F_S_WWC_WM/F_S_WWC_WM_640.stl,normalized/F_S_WWC_WM/F_S_WWC_WM_640_norm.stl,pointclouds/F_S_WWC_WM/F_S_WWC_WM_640_pc.ply,12.9212,5.56472,-7.38987,3.07793,0.97,0.8,4.23273,6.74524,8.77497,-14.8695,-11.1651,-0.3,-9.02695,0.8,51.2385,-0.957591,3.11821,-19.2389,60.117,-41.5564,138.992,58.5213,-79.8697
F_S_WWC_WM_641,F_S_WWC_WM,train,0.249242909073089,0.025360465998186803,-0.0506735949201063,-0.0979539810770764,0.0472803861589069,0.10175,0.0839361857032751,0.1329603166005104,0.9998324293443192,0.4358406912309759,0.3051174506136448,raw_stl/F_S_WWC_WM/F_S_WWC_WM_641.stl,normalized/F_S_WWC_WM/F_S_WWC_WM_641_norm.stl,pointclouds/F_S_WWC_WM/F_S_WWC_WM_641_pc.ply,-0.12966,7.21909,3.27384,-11.1758,1.88,-1.35,18.5846,6.78635,35.2915,119.041,-10.9403,0.2,21.2683,0.1,42.3273,-7.45628,17.4925,-24.8261,7.59335,19.2118,15.3978,32.867,-189.353
F_S_WWC_WM_642,F_S_WWC_WM,train,0.287201487122923,0.029337631909606584,-0.12141328065681,-0.141461433395348,0.0200481527164362,0.10215,0.0845855947765486,0.1272558571619939,0.9996939582432948,0.4154378360435545,0.306411221238298,raw_stl/F_S_WWC_WM/F_S_WWC_WM_642.stl,normalized/F_S_WWC_WM/F_S_WWC_WM_642_norm.stl,pointclouds/F_S_WWC_WM/F_S_WWC_WM_642_pc.ply,-5.09464,2.76065,13.33,12.08,-1.25,-1.11,-9.72498,9.09608,36.2046,61.5226,-13.622,0.1,-24.3176,0.5,-4.58096,21.5205,21.2681,51.6505,1.52027,-33.2626,-27.2831,42.4568,-47.4626
F_S_WWC_WM_643,F_S_WWC_WM,train,0.238195541591362,0.022003313154502064,-0.0550651652714186,-0.0111188517258003,-0.0439463135514219,0.092375,0.0769825817261575,0.1202781464728612,0.9999238076538444,0.4231320916504349,0.2842783939553013,raw_stl/F_S_WWC_WM/F_S_WWC_WM_643.stl,normalized/F_S_WWC_WM/F_S_WWC_WM_643_norm.stl,pointclouds/F_S_WWC_WM/F_S_WWC_WM_643_pc.ply,11.3972,5.19093,15.4863,2.37547,1.86,1.86,-1.13579,1.38658,9.22828,-10.0574,-10.203,0.0,23.503,0.8,55.681,-16.889,14.3982,-11.1652,-16.2919,10.672,-2.73959,-40.1516,-58.2181
F_S_WWC_WM_644,F_S_WWC_WM,train,0.233081660986711,0.02518447346961412,-0.187108989119601,-0.230913316318936,0.043804327203588,0.10805,0.0936214457838046,0.1433760728147758,0.999781892988208,0.4798498310914749,0.2988588130527556,raw_stl/F_S_WWC_WM/F_S_WWC_WM_644.stl,normalized/F_S_WWC_WM/F_S_WWC_WM_644_norm.stl,pointclouds/F_S_WWC_WM/F_S_WWC_WM_644_pc.ply,-6.97501,5.43781,5.76662,-14.473,-1.38,-1.05,2.40887,8.34568,24.8792,111.287,-9.19082,0.2,7.1948,-0.2,59.8252,22.1166,26.5054,-8.92706,97.2023,-41.2978,126.936,54.1213,-3.82555
F_S_WWC_WM_645,F_S_WWC_WM,train,0.250191689478405,0.024568823906779367,-0.0136313839538637,-0.028971582952,0.0153401989940365,0.0982,0.0796453554770993,0.1236667154108116,0.999525763226096,0.4196202597802252,0.2948508506373657,raw_stl/F_S_WWC_WM/F_S_WWC_WM_645.stl,normalized/F_S_WWC_WM/F_S_WWC_WM_645_norm.stl,pointclouds/F_S_WWC_WM/F_S_WWC_WM_645_pc.ply,10.4494,10.2655,11.0398,10.9353,-0.92,-0.68,11.7248,3.05666,-49.4909,58.3152,0.235262,0.4,36.998,0.7,51.9943,6.33989,23.8169,47.672,58.8346,49.1972,32.5243,83.3368,55.9193
F_S_WWC_WM_646,F_S_WWC_WM,val,0.244340952504983,0.023823242869235844,-0.0062750427207375,-0.0582999476637873,0.0520249049456013,0.0975,0.0843379676773576,0.1271291623996083,0.9999053050986544,0.4556619113926995,0.2790253010935069,raw_stl/F_S_WWC_WM/F_S_WWC_WM_646.stl,normalized/F_S_WWC_WM/F_S_WWC_WM_646_norm.stl,pointclouds/F_S_WWC_WM/F_S_WWC_WM_646_pc.ply,10.33,1.22362,-0.499089,-18.1709,1.96,-1.01,4.66926,7.36683,-48.3127,59.2556,-7.0831,0.0,8.65736,0.4,-8.34413,-19.6513,20.3771,23.3011,123.682,-31.5429,71.0917,-38.7234,71.9545
F_S_WWC_WM_647,F_S_WWC_WM,train,0.225843197521594,0.020997771289570203,-0.0777942701807308,-0.0895544466551495,0.0117601764679176,0.092975,0.0765311655496839,0.1159700363859185,0.9998082719827714,0.4211123930800277,0.2754425594234247,raw_stl/F_S_WWC_WM/F_S_WWC_WM_647.stl,normalized/F_S_WWC_WM/F_S_WWC_WM_647_norm.stl,pointclouds/F_S_WWC_WM/F_S_WWC_WM_647_pc.ply,-0.615806,-0.905738,18.0251,12.7945,-1.14,0.45,-8.45119,-1.66975,18.0234,64.3248,0.728531,0.1,34.9795,0.9,42.0216,-8.69527,-29.8534,9.79953,121.02,-26.9409,78.5386,18.3372,-85.2746
F_S_WWC_WM_648,F_S_WWC_WM,train,0.218925174279069,0.02242341097553364,-0.137290860590033,-0.175957596069767,0.0386667354689833,0.102425,0.0849970068864368,0.1322280835498605,0.9997753362824336,0.4285279006653746,0.3086328728488222,raw_stl/F_S_WWC_WM/F_S_WWC_WM_648.stl,normalized/F_S_WWC_WM/F_S_WWC_WM_648_norm.stl,pointclouds/F_S_WWC_WM/F_S_WWC_WM_648_pc.ply,-7.06221,5.72028,16.4494,11.8465,0.0,2.2,1.27978,3.88061,31.8933,-2.02938,1.07315,-0.2,35.1582,0.4,36.6968,28.2259,-12.855,-12.5742,18.3337,20.6621,12.5537,77.1592,-16.2072
F_S_WWC_WM_649,F_S_WWC_WM,train,0.273273012322259,0.024697048488624154,-0.0070378546173435,-0.0325021038718604,0.0254642492575747,0.090375,0.0739820784599936,0.1142097487763144,0.9999605956352042,0.3983320110212174,0.2867312848481457,raw_stl/F_S_WWC_WM/F_S_WWC_WM_649.stl,normalized/F_S_WWC_WM/F_S_WWC_WM_649_norm.stl,pointclouds/F_S_WWC_WM/F_S_WWC_WM_649_pc.ply,13.4515,11.8105,-0.724237,1.1699,1.29,1.11,9.35298,4.71037,21.7173,-89.1915,-2.18488,0.7,-8.72894,0.2,28.5381,28.0587,-6.96152,48.4513,44.44,-32.4228,-53.7334,-8.29024,-62.0779
F_S_WWC_WM_650,F_S_WWC_WM,train,0.263980918435216,0.025467559106037464,0.0001211758562724,-0.110558626667109,0.110679802526578,0.096475,0.0794393895864371,0.1236729092680301,0.9999345052609572,0.4136253557876688,0.2990169920505965,raw_stl/F_S_WWC_WM/F_S_WWC_WM_650.stl,normalized/F_S_WWC_WM/F_S_WWC_WM_650_norm.stl,pointclouds/F_S_WWC_WM/F_S_WWC_WM_650_pc.ply,-5.74785,8.72528,-7.83262,3.15368,-0.07,1.69,13.8596,-3.70986,10.4614,-7.424,3.65584,0.6,-27.8801,0.2,48.2702,17.6003,7.4116,46.8448,10.6307,17.8059,-37.6934,33.6014,14.4442
F_S_WWC_WM_651,F_S_WWC_WM,train,0.272533986747508,0.033392226726238414,-0.0356609767640963,-0.0770490391475083,0.0413880623821594,0.122525,0.1029638225548775,0.1597809519040359,0.9996726386210896,0.4948850820419034,0.3229704853617909,raw_stl/F_S_WWC_WM/F_S_WWC_WM_651.stl,normalized/F_S_WWC_WM/F_S_WWC_WM_651_norm.stl,pointclouds/F_S_WWC_WM/F_S_WWC_WM_651_pc.ply,11.8991,8.5318,18.2017,-8.82177,0.8,-1.51,-4.03107,3.47031,-14.3908,76.8757,-11.4101,0.1,-10.1655,0.1,33.1491,13.8023,-28.3854,39.1011,-52.3788,45.4762,87.7792,76.2989,45.151
F_S_WWC_WM_652,F_S_WWC_WM,train,0.239322492521594,0.020138987745692134,-0.026660719461887,-0.0185774512010498,-0.0080832682659568,0.08415,0.0705925662484556,0.1069833844039678,0.9997768748346908,0.3982249349823862,0.2687105979975126,raw_stl/F_S_WWC_WM/F_S_WWC_WM_652.stl,normalized/F_S_WWC_WM/F_S_WWC_WM_652_norm.stl,pointclouds/F_S_WWC_WM/F_S_WWC_WM_652_pc.ply,6.37871,-4.3914,15.5957,10.5563,2.19,0.11,2.49968,-4.25102,11.2098,73.2503,-0.569034,0.7,-39.4149,0.8,47.3475,10.9705,7.16593,24.4114,82.2922,25.4514,-1.21948,-46.7595,5.16425
F_S_WWC_WM_653,F_S_WWC_WM,test,0.214483198890365,0.0214483198890365,-0.0398860331432225,-0.107787032815282,0.0679009996813953,0.1,0.0837342313168599,0.1301919431852373,0.9999431549324864,0.4552640401138144,0.2859864450159718,raw_stl/F_S_WWC_WM/F_S_WWC_WM_653.stl,normalized/F_S_WWC_WM/F_S_WWC_WM_653_norm.stl,pointclouds/F_S_WWC_WM/F_S_WWC_WM_653_pc.ply,-0.548153,-5.4625,-0.306051,-5.0992,-1.64,2.17,1.69334,1.09163,37.1911,-31.3437,-3.36425,0.5,-9.56867,0.4,51.7211,-6.0692,-21.4751,-21.7035,72.1543,-47.1879,84.9804,23.1056,82.1942
F_S_WWC_WM_654,F_S_WWC_WM,test,0.224300067445182,0.022811316859175007,-0.0233142073046239,-0.0210708456186771,-0.0022433616854461,0.1017,0.0865511174242756,0.1325155299601235,0.9999599537473776,0.4547904153200262,0.2913888078089436,raw_stl/F_S_WWC_WM/F_S_WWC_WM_654.stl,normalized/F_S_WWC_WM/F_S_WWC_WM_654_norm.stl,pointclouds/F_S_WWC_WM/F_S_WWC_WM_654_pc.ply,12.0451,-5.40904,12.8085,6.58543,-1.09,0.3,13.7501,-3.92397,36.0333,11.0512,-11.2049,0.7,11.8591,0.0,50.2388,16.8318,2.50592,-3.0717,-33.8118,12.6996,39.1891,-27.8196,124.137
F_S_WWC_WM_656,F_S_WWC_WM,train,0.230821129295681,0.023947692164426902,-0.0223717168201129,-0.128924885953488,0.106553169163455,0.10375,0.0899543017807318,0.1328509822555608,0.999582120396438,0.4644605561825333,0.2861524394500143,raw_stl/F_S_WWC_WM/F_S_WWC_WM_656.stl,normalized/F_S_WWC_WM/F_S_WWC_WM_656_norm.stl,pointclouds/F_S_WWC_WM/F_S_WWC_WM_656_pc.ply,-3.06135,-7.16518,9.32299,9.12016,-0.05,1.0,1.05186,8.89138,-10.2844,-71.2809,-7.86969,0.1,38.8328,0.7,-21.5014,12.0606,4.45587,23.8489,112.801,-48.0429,146.173,39.244,13.2679
F_S_WWC_WM_657,F_S_WWC_WM,train,0.274184445,0.026122922997375,0.036813945194186,-0.0669446831764119,0.103758628364784,0.095275,0.079183035343577,0.1183768976464311,0.9998156444018452,0.4129618949859711,0.2867061744722051,raw_stl/F_S_WWC_WM/F_S_WWC_WM_657.stl,normalized/F_S_WWC_WM/F_S_WWC_WM_657_norm.stl,pointclouds/F_S_WWC_WM/F_S_WWC_WM_657_pc.ply,0.21306,8.6935,-2.78645,19.4537,1.85,2.07,10.7363,2.83711,-43.7666,126.067,-3.28942,0.4,8.08556,0.5,-14.9242,-19.4157,15.1054,50.1461,104.803,0.769931,37.9308,12.6017,-182.521
F_S_WWC_WM_658,F_S_WWC_WM,train,0.249967986794019,0.024146907524302236,-0.100127951919269,-0.145477356079734,0.0453494041594684,0.0966,0.0796308460813277,0.1230765462935385,0.9994978962597884,0.4225825682095937,0.2913948274148403,raw_stl/F_S_WWC_WM/F_S_WWC_WM_658.stl,normalized/F_S_WWC_WM/F_S_WWC_WM_658_norm.stl,pointclouds/F_S_WWC_WM/F_S_WWC_WM_658_pc.ply,-4.86201,1.93078,10.0879,-2.9783,1.34,-0.26,12.8039,-1.27733,-48.0158,101.068,2.02304,0.6,25.2935,0.8,-14.6239,19.9064,-17.6415,43.2354,61.8747,-39.162,31.5284,51.196,-63.8137
F_S_WWC_WM_659,F_S_WWC_WM,val,0.236624909657807,0.026992986569214332,-0.0122504897297508,-0.0545498239564784,0.0422993342279069,0.114075,0.0969451397766005,0.148724773024667,0.9998228031293002,0.4824075830994413,0.3083515609433867,raw_stl/F_S_WWC_WM/F_S_WWC_WM_659.stl,normalized/F_S_WWC_WM/F_S_WWC_WM_659_norm.stl,pointclouds/F_S_WWC_WM/F_S_WWC_WM_659_pc.ply,7.23519,-2.75033,10.17,-7.37605,-1.48,-1.6,5.97905,-0.280635,23.3473,-39.294,-1.7173,-0.2,-8.0831,0.9,5.45043,27.6731,-12.9698,16.6766,-58.9085,-16.6665,89.3249,35.0962,-87.1701
F_S_WWC_WM_660,F_S_WWC_WM,train,0.255528146508305,0.029366572237466953,-0.0746673828066445,-0.184792528345514,0.110125145530232,0.114925,0.1007299549930395,0.1466255202754153,0.9996504820997464,0.4855685014083124,0.3020722843685595,raw_stl/F_S_WWC_WM/F_S_WWC_WM_660.stl,normalized/F_S_WWC_WM/F_S_WWC_WM_660_norm.stl,pointclouds/F_S_WWC_WM/F_S_WWC_WM_660_pc.ply,-5.90288,-2.46694,15.6414,-0.0358234,-0.14,-0.23,15.7949,7.55469,-26.6092,-44.4814,-13.4429,-0.3,24.7826,-0.2,48.4333,11.3565,-7.18515,48.2731,66.8221,33.477,110.319,31.4914,74.7253
F_S_WWC_WM_661,F_S_WWC_WM,train,0.257475088056478,0.02214929445005852,-0.11021230960897,-0.124375215269103,0.0141629056365813,0.086025,0.0709540157994861,0.1088223889520918,0.9997039210117245,0.3965354171769194,0.2745142395914782,raw_stl/F_S_WWC_WM/F_S_WWC_WM_661.stl,normalized/F_S_WWC_WM/F_S_WWC_WM_661_norm.stl,pointclouds/F_S_WWC_WM/F_S_WWC_WM_661_pc.ply,-7.24458,9.8841,2.36779,5.1009,-1.65,1.18,2.44185,2.42196,-10.1092,73.4475,-1.34992,0.1,24.6266,0.9,50.502,5.06062,6.51221,32.2828,128.819,34.9304,4.21809,8.83583,-127.547
F_S_WWC_WM_662,F_S_WWC_WM,train,0.252776766438538,0.0256062864402239,-0.0205617904891556,-0.128038485169435,0.107476694633222,0.1013,0.0835779207879311,0.1273423636701764,0.9997369573935052,0.439224416148702,0.2900017946807992,raw_stl/F_S_WWC_WM/F_S_WWC_WM_662.stl,normalized/F_S_WWC_WM/F_S_WWC_WM_662_norm.stl,pointclouds/F_S_WWC_WM/F_S_WWC_WM_662_pc.ply,-1.72328,0.978148,3.66799,4.6315,2.15,1.82,-2.56101,-3.06516,46.4132,55.406,-5.8395,0.3,12.6945,0.9,20.744,24.5449,24.6285,44.1818,112.13,-19.0137,97.8469,72.913,-64.1774
F_S_WWC_WM_663,F_S_WWC_WM,train,0.247068058598006,0.02665864352272485,0.0215471440270033,-0.0347225403951495,0.0562696844222591,0.1079,0.0923510194245537,0.1438912104547043,0.9999782971753208,0.4581158151680468,0.3141003401408662,raw_stl/F_S_WWC_WM/F_S_WWC_WM_663.stl,normalized/F_S_WWC_WM/F_S_WWC_WM_663_norm.stl,pointclouds/F_S_WWC_WM/F_S_WWC_WM_663_pc.ply,14.4602,2.73056,-0.236769,-19.842,-0.75,-0.75,6.56771,-4.4375,0.784581,-45.0964,-4.87226,0.0,-16.7733,-0.3,26.6068,22.6033,22.5804,26.488,24.6156,-0.988351,-14.3906,47.7861,144.523
F_S_WWC_WM_664,F_S_WWC_WM,train,0.281438569089701,0.03096527856409435,-0.0047627881681449,-0.154039084196013,0.149276296035548,0.110025,0.0934121551385016,0.1426316922664362,0.9998469853474732,0.4621569231914815,0.3086690108636092,raw_stl/F_S_WWC_WM/F_S_WWC_WM_664.stl,normalized/F_S_WWC_WM/F_S_WWC_WM_664_norm.stl,pointclouds/F_S_WWC_WM/F_S_WWC_WM_664_pc.ply,-5.58072,9.63668,-3.67587,2.27114,-0.16,0.35,-6.07674,5.44685,-43.9785,102.681,-14.3125,-0.4,18.2561,0.4,-8.46242,-5.10835,11.7259,12.3721,-43.2089,-43.3116,31.9609,-6.20915,-95.6567
F_S_WWC_WM_665,F_S_WWC_WM,train,0.255681682903654,0.0254211513226958,-0.0282811792787019,-0.118366264797009,0.0900850855196013,0.099425,0.0814077738569009,0.1283413843829701,0.9997602870364884,0.4113569699592574,0.312069968975696,raw_stl/F_S_WWC_WM/F_S_WWC_WM_665.stl,normalized/F_S_WWC_WM/F_S_WWC_WM_665_norm.stl,pointclouds/F_S_WWC_WM/F_S_WWC_WM_665_pc.ply,-4.00355,6.51376,3.71245,11.7828,2.04,2.2,11.145,-0.450606,-19.0952,-85.8349,-6.94604,0.3,-19.5622,0.1,30.3474,6.48348,23.701,7.18941,31.9697,5.05007,-47.8863,89.1595,149.291
F_S_WWC_WM_666,F_S_WWC_WM,train,0.269375743016611,0.02870871981199532,0.0007788811529707,-0.0772430684717608,0.0780219496122325,0.106575,0.090211399418921,0.133140776928831,0.9998373938997304,0.4499773541383832,0.2959314034975103,raw_stl/F_S_WWC_WM/F_S_WWC_WM_666.stl,normalized/F_S_WWC_WM/F_S_WWC_WM_666_norm.stl,pointclouds/F_S_WWC_WM/F_S_WWC_WM_666_pc.ply,1.60259,9.05816,16.7964,14.7924,0.99,2.38,14.3466,0.102146,38.5525,75.9177,-11.3214,0.0,6.63711,0.2,23.765,-14.1531,10.4434,49.3825,64.8038,-22.7958,68.8717,19.1285,120.244
F_S_WWC_WM_667,F_S_WWC_WM,train,0.240120901644518,0.024366268494377463,-0.030065430997372,-0.0850919983601329,0.0550265673691029,0.101475,0.0853418836519681,0.1310157567381275,0.9999194336373468,0.4465097840117213,0.293445558738624,raw_stl/F_S_WWC_WM/F_S_WWC_WM_667.stl,normalized/F_S_WWC_WM/F_S_WWC_WM_667_norm.stl,pointclouds/F_S_WWC_WM/F_S_WWC_WM_667_pc.ply,1.29557,8.61282,1.76388,1.80805,-0.06,2.03,-3.97907,6.13164,39.9716,-85.3367,-4.53901,0.3,-25.6441,0.1,37.8127,4.66907,25.9741,-4.27476,-49.1799,-31.2785,-1.58575,-59.9832,-9.60573
F_S_WWC_WM_668,F_S_WWC_WM,train,0.217052284209302,0.018666496441999973,-0.0536233861897342,-0.0534277309684385,-0.0001956552278936,0.086,0.0741247752651268,0.1139516273436336,0.9998633294092384,0.410976157145288,0.2773085526427454,raw_stl/F_S_WWC_WM/F_S_WWC_WM_668.stl,normalized/F_S_WWC_WM/F_S_WWC_WM_668_norm.stl,pointclouds/F_S_WWC_WM/F_S_WWC_WM_668_pc.ply,2.49977,-2.62006,5.49599,-14.0463,-0.38,1.75,16.0711,-2.03617,-30.6323,-56.3825,-2.22682,-0.3,33.8572,0.4,52.2886,-4.89548,-7.54908,-3.32784,102.109,-38.2885,-22.5075,-37.9899,-77.0602
F_S_WWC_WM_669,F_S_WWC_WM,train,0.25912525698671,0.024778852699354145,-0.0200587388509966,-0.0068673100686179,-0.0131914287851461,0.095625,0.0811243706141293,0.1213050436415953,0.9998780071697726,0.4131310509590202,0.2936594659517289,raw_stl/F_S_WWC_WM/F_S_WWC_WM_669.stl,normalized/F_S_WWC_WM/F_S_WWC_WM_669_norm.stl,pointclouds/F_S_WWC_WM/F_S_WWC_WM_669_pc.ply,13.3402,11.199,4.92569,17.1536,0.38,1.37,-6.28889,3.64302,-1.45206,-91.8862,-13.1436,-0.3,6.34737,-0.1,35.5202,19.415,6.51483,3.01426,25.0402,32.9121,-44.2028,-51.973,-85.5948
F_S_WWC_WM_670,F_S_WWC_WM,test,0.263538078551495,0.030642890083575083,-0.026249828751501,-0.197241510541528,0.170991681767441,0.116275,0.1005884075702594,0.1484360232696851,0.9999006387570748,0.4815542510996594,0.308274245703488,raw_stl/F_S_WWC_WM/F_S_WWC_WM_670.stl,normalized/F_S_WWC_WM/F_S_WWC_WM_670_norm.stl,pointclouds/F_S_WWC_WM/F_S_WWC_WM_670_pc.ply,-5.67476,-7.2277,1.47352,15.6346,1.72,0.0,12.0998,4.51472,38.7112,106.344,-14.0781,-0.4,-7.18514,0.5,53.9478,2.4151,-23.1253,26.9966,26.9653,38.3217,136.193,53.0754,-7.45913
F_S_WWC_WM_671,F_S_WWC_WM,train,0.224982365501661,0.02491679697930896,0.0147282623395099,-0.0770021011551495,0.0917303634770764,0.11075,0.0926535048968812,0.1453945520924957,0.9998823449831036,0.4523866637242103,0.3214322440603974,raw_stl/F_S_WWC_WM/F_S_WWC_WM_671.stl,normalized/F_S_WWC_WM/F_S_WWC_WM_671_norm.stl,pointclouds/F_S_WWC_WM/F_S_WWC_WM_671_pc.ply,5.82777,4.58184,9.07404,4.02426,2.38,0.26,-8.29727,-4.35918,21.7038,44.3813,4.67482,0.2,-19.7884,-0.2,40.21,15.0771,29.0557,-8.35653,-1.97348,-17.7841,10.9543,74.9937,53.9155
F_S_WWC_WM_672,F_S_WWC_WM,test,0.242687707415282,0.022424344165172055,-0.114983178324252,-0.193302958498338,0.0783197801774086,0.0924,0.0772503450019531,0.1218830096709153,0.9999072313393575,0.4048092705576257,0.3011154301767677,raw_stl/F_S_WWC_WM/F_S_WWC_WM_672.stl,normalized/F_S_WWC_WM/F_S_WWC_WM_672_norm.stl,pointclouds/F_S_WWC_WM/F_S_WWC_WM_672_pc.ply,-7.52904,4.73333,-7.97739,-14.4221,-0.65,1.0,-5.05428,4.16714,22.128,122.637,-1.97015,-0.1,-8.90403,0.4,11.9368,-15.413,-6.59796,17.9752,75.0628,-3.15975,-49.6834,49.2412,-130.722
F_S_WWC_WM_673,F_S_WWC_WM,train,0.272316430950166,0.030812604162011283,0.0953681209707641,-0.110200227508637,0.205568348498338,0.11315,0.0949034009680657,0.1448235968787677,0.9998575686871952,0.4742007386970614,0.3054491809316579,raw_stl/F_S_WWC_WM/F_S_WWC_WM_673.stl,normalized/F_S_WWC_WM/F_S_WWC_WM_673_norm.stl,pointclouds/F_S_WWC_WM/F_S_WWC_WM_673_pc.ply,1.45564,3.51997,-5.90472,8.47689,2.35,1.23,-1.40314,4.06437,19.2036,22.3813,-10.9032,0.1,7.96427,0.5,-18.3424,-7.94585,-20.7405,10.3278,85.1278,44.3613,147.229,87.9912,-117.961
F_S_WWC_WM_674,F_S_WWC_WM,train,0.254239728747508,0.028640105443406776,-0.0139959309668707,-0.101010478843189,0.0870145478627907,0.11265,0.0953860850590496,0.1466444293695154,0.999763133081668,0.4485742392864218,0.326989737632941,raw_stl/F_S_WWC_WM/F_S_WWC_WM_674.stl,normalized/F_S_WWC_WM/F_S_WWC_WM_674_norm.stl,pointclouds/F_S_WWC_WM/F_S_WWC_WM_674_pc.ply,0.799976,6.21425,6.74231,13.6789,1.67,-0.28,3.59959,4.63519,-23.1197,135.175,-11.0434,-0.2,-37.1664,-0.4,-18.1788,17.0091,9.03141,-15.2615,70.759,11.295,12.6264,85.7089,64.4904
F_S_WWC_WM_675,F_S_WWC_WM,train,0.246766533817275,0.020222517446325687,-0.0882133307176079,-0.0377531193049501,-0.0504602114049833,0.08195,0.0672320805835833,0.104645578241756,0.9997333810551006,0.3874359753080724,0.2701697644184112,raw_stl/F_S_WWC_WM/F_S_WWC_WM_675.stl,normalized/F_S_WWC_WM/F_S_WWC_WM_675_norm.stl,pointclouds/F_S_WWC_WM/F_S_WWC_WM_675_pc.ply,4.7714,-4.85098,6.2876,-12.6024,-0.25,1.57,-6.21613,-1.32577,-8.27849,129.07,-12.1652,0.6,29.5836,1.0,18.9732,5.15889,-11.7164,33.7888,81.0894,-4.60111,-35.079,-26.9094,-163.514
F_S_WWC_WM_676,F_S_WWC_WM,train,0.225772849624584,0.026104985737842524,-0.034914103316774,-0.12768405144186,0.0927699481455149,0.115625,0.0984820909000925,0.1506613402141804,0.9999144358109004,0.4682048171024841,0.3218126491418062,raw_stl/F_S_WWC_WM/F_S_WWC_WM_676.stl,normalized/F_S_WWC_WM/F_S_WWC_WM_676_norm.stl,pointclouds/F_S_WWC_WM/F_S_WWC_WM_676_pc.ply,-1.77687,-0.899217,5.82266,3.82373,-1.35,1.97,-9.27498,8.69263,25.3634,91.3046,-0.27493,-0.2,-22.3548,-0.1,25.9672,21.862,11.5319,11.4068,24.7887,42.8154,48.0168,86.9035,75.671
F_S_WWC_WM_677,F_S_WWC_WM,train,0.25136788844186,0.021856437900019725,-0.13286750733887,-0.11495864646578,-0.0179088608509364,0.08695,0.071755120223893,0.1124255670650472,0.9995987656503322,0.3972399554224409,0.2831303665092645,raw_stl/F_S_WWC_WM/F_S_WWC_WM_677.stl,normalized/F_S_WWC_WM/F_S_WWC_WM_677_norm.stl,pointclouds/F_S_WWC_WM/F_S_WWC_WM_677_pc.ply,-3.35211,14.0997,19.8605,4.91664,1.45,0.6,2.9083,2.08426,0.889515,84.2305,0.201602,0.0,4.60924,0.6,-24.6637,22.1957,-5.83504,-6.41052,51.24,33.7763,-55.7472,-41.191,-40.904
F_S_WWC_WM_678,F_S_WWC_WM,train,0.249971637215946,0.029177939354031297,0.0476672943222591,-0.0485840227252491,0.0962513170415282,0.116725,0.1007675544256728,0.1507305151961127,0.9999857865812534,0.4872306953159847,0.3093660950994463,raw_stl/F_S_WWC_WM/F_S_WWC_WM_678.stl,normalized/F_S_WWC_WM/F_S_WWC_WM_678_norm.stl,pointclouds/F_S_WWC_WM/F_S_WWC_WM_678_pc.ply,14.9612,-1.7482,-2.00879,-16.0151,0.6,-1.39,0.409288,3.29448,-5.71133,28.5999,-1.28116,-0.3,3.93027,0.2,26.4148,-19.2361,-14.2297,53.0906,51.4293,24.2522,117.52,59.7062,-80.9827
F_S_WWC_WM_679,F_S_WWC_WM,train,0.253537071455149,0.026114318359880342,0.0182136875933189,-0.0583443749475083,0.0765580625485049,0.103,0.0840799499987251,0.1324079781288728,0.9998355448017512,0.4582565293015562,0.2889860774982015,raw_stl/F_S_WWC_WM/F_S_WWC_WM_679.stl,normalized/F_S_WWC_WM/F_S_WWC_WM_679_norm.stl,pointclouds/F_S_WWC_WM/F_S_WWC_WM_679_pc.ply,7.76582,14.1689,1.19552,-7.43203,-0.04,1.94,7.12814,9.2934,-15.2094,32.6501,-8.8746,0.3,-25.2017,1.0,17.2074,-8.76952,-15.6008,1.40378,111.2,17.2422,123.918,65.8777,-9.4962
F_S_WWC_WM_680,F_S_WWC_WM,train,0.26595939854485,0.025239546921906265,-0.0883896053598006,-0.109721201996345,0.0213315966279767,0.0949,0.0797741345350463,0.1183778126150582,0.9995106089195694,0.4296083107156035,0.2756831538691391,raw_stl/F_S_WWC_WM/F_S_WWC_WM_680.stl,normalized/F_S_WWC_WM/F_S_WWC_WM_680_norm.stl,pointclouds/F_S_WWC_WM/F_S_WWC_WM_680_pc.ply,-2.48645,12.3649,9.87665,14.2848,1.55,-1.38,-4.38741,-2.16703,-49.6033,47.119,-6.01564,-0.1,26.3565,0.9,36.297,23.8644,8.31832,28.043,61.2235,-9.00923,64.9416,-46.3293,-150.934
F_S_WWC_WM_681,F_S_WWC_WM,val,0.261059835149501,0.027665816029968367,-0.0123732797096112,-0.0866507427976744,0.0742774630973421,0.105975,0.09181037793546,0.1349823728805954,0.9999707962250224,0.4673244795506024,0.2888492276723265,raw_stl/F_S_WWC_WM/F_S_WWC_WM_681.stl,normalized/F_S_WWC_WM/F_S_WWC_WM_681_norm.stl,pointclouds/F_S_WWC_WM/F_S_WWC_WM_681_pc.ply,-0.578123,6.33684,3.79055,7.9076,-0.5,2.37,18.0014,1.63973,-34.8121,98.1723,3.17253,-0.2,8.41164,0.0,15.628,20.33,13.4196,30.0554,125.336,31.4011,101.384,-7.59267,129.067
F_S_WWC_WM_682,F_S_WWC_WM,train,0.234778181654485,0.026441892708836373,-0.0212425485480033,-0.0727987135990033,0.0515561650505647,0.112625,0.0961754904731485,0.1480076825066966,0.9998451204749916,0.4674938607731975,0.316647173018142,raw_stl/F_S_WWC_WM/F_S_WWC_WM_682.stl,normalized/F_S_WWC_WM/F_S_WWC_WM_682_norm.stl,pointclouds/F_S_WWC_WM/F_S_WWC_WM_682_pc.ply,7.87336,2.92595,9.30914,6.32041,2.29,-0.13,12.2676,2.99789,43.458,29.6314,-2.89352,0.6,-9.62174,-0.2,48.9547,-17.5313,-9.44041,-2.98264,-51.8421,15.7335,67.074,48.1612,-186.6
F_S_WWC_WM_683,F_S_WWC_WM,train,0.247742128013289,0.02731356961346511,-0.0681962772660867,-0.0258840654202657,-0.0423122118468106,0.11025,0.0924251106601677,0.1424124880525496,0.999875136523558,0.4774201265531406,0.2983331964235014,raw_stl/F_S_WWC_WM/F_S_WWC_WM_683.stl,normalized/F_S_WWC_WM/F_S_WWC_WM_683_norm.stl,pointclouds/F_S_WWC_WM/F_S_WWC_WM_683_pc.ply,14.225,14.0428,8.48388,6.2545,-1.23,1.36,5.1749,-2.87182,31.4852,-52.2153,-12.2084,-0.2,28.4951,0.3,6.97536,7.40338,16.9986,-24.2034,31.3474,3.13608,99.0032,9.83525,32.3426
F_S_WWC_WM_684,F_S_WWC_WM,test,0.225844458757475,0.021054349667665607,-0.0480877774213322,-0.0134626970285046,-0.0346250803955049,0.093225,0.0755319310029557,0.1186789849946068,0.9998285869478588,0.4054555848356405,0.2927554485590381,raw_stl/F_S_WWC_WM/F_S_WWC_WM_684.stl,normalized/F_S_WWC_WM/F_S_WWC_WM_684_norm.stl,pointclouds/F_S_WWC_WM/F_S_WWC_WM_684_pc.ply,8.97993,7.11873,7.82808,14.8911,-1.59,1.48,5.32439,-1.06147,-48.8044,-33.9988,-2.49146,0.6,-37.323,0.5,4.72482,-15.6274,29.7005,-7.95544,93.5208,-11.5578,-1.03522,60.2739,-32.3928
F_S_WWC_WM_685,F_S_WWC_WM,train,0.234079259667774,0.02677281532450165,-0.113159222820598,-0.142355522787375,0.0291962999528571,0.114375,0.0947347148092644,0.1468050212906725,0.999942248733413,0.4963997463780287,0.2957565974347669,raw_stl/F_S_WWC_WM/F_S_WWC_WM_685.stl,normalized/F_S_WWC_WM/F_S_WWC_WM_685_norm.stl,pointclouds/F_S_WWC_WM/F_S_WWC_WM_685_pc.ply,-2.46233,3.70282,13.9702,-18.6714,-1.33,1.67,9.55295,6.4806,28.2581,20.4572,0.796125,0.8,-25.0312,0.6,16.1551,-19.0507,3.61427,21.8427,-31.3631,-29.9379,142.527,28.7896,80.5362
F_S_WWC_WM_686,F_S_WWC_WM,train,0.25867608210299,0.03305880329276212,0.0796465316106976,-0.025601667933986,0.10524819953588,0.1278,0.1077083338410773,0.165283231908103,0.9999202409165626,0.5172010624418153,0.3195979819111804,raw_stl/F_S_WWC_WM/F_S_WWC_WM_686.stl,normalized/F_S_WWC_WM/F_S_WWC_WM_686_norm.stl,pointclouds/F_S_WWC_WM/F_S_WWC_WM_686_pc.ply,14.9117,11.6903,8.42473,-7.78832,1.3,1.54,-1.10682,-4.04779,36.4446,80.8977,3.43432,-0.1,-2.35146,0.3,20.8245,26.7196,3.4496,30.212,-37.1721,-32.0346,143.825,57.7055,11.3666
F_S_WWC_WM_687,F_S_WWC_WM,train,0.265678900468438,0.027982630191838234,-0.120309539481727,-0.186893184504983,0.0665836449870432,0.105325,0.0895615262548445,0.1362294264607776,0.9996938855581408,0.4435426009302878,0.3072334894985025,raw_stl/F_S_WWC_WM/F_S_WWC_WM_687.stl,normalized/F_S_WWC_WM/F_S_WWC_WM_687_norm.stl,pointclouds/F_S_WWC_WM/F_S_WWC_WM_687_pc.ply,-7.56836,7.25832,1.22504,-8.21326,1.01,-1.3,10.9997,-0.605805,-6.77908,41.1993,4.87345,0.5,-37.7032,-0.3,-20.7657,11.8264,-8.09008,33.883,-8.36711,-9.30651,-16.0296,-6.43075,-111.395
F_S_WWC_WM_688,F_S_WWC_WM,train,0.223392016787375,0.02470157225626399,-0.0368557031265946,-0.091543835530897,0.0546881324102325,0.110575,0.0956942713944685,0.1448105256159598,0.9999595702316182,0.4890170122650872,0.2961377147962685,raw_stl/F_S_WWC_WM/F_S_WWC_WM_688.stl,normalized/F_S_WWC_WM/F_S_WWC_WM_688_norm.stl,pointclouds/F_S_WWC_WM/F_S_WWC_WM_688_pc.ply,2.2952,3.42508,18.1855,-11.1309,-0.91,0.57,7.24799,6.14556,31.8177,-58.9711,3.92818,0.1,-34.7095,-0.2,33.8697,-10.9198,-11.5174,-11.9691,122.109,34.4452,145.534,43.4288,-8.75718
F_S_WWC_WM_689,F_S_WWC_WM,train,0.236814070292358,0.02317817712986454,0.0068600839979966,-0.104542152603654,0.111402236614617,0.097875,0.0874451574326112,0.1291008490249154,0.9999682293444968,0.438866638480466,0.2941780929642861,raw_stl/F_S_WWC_WM/F_S_WWC_WM_689.stl,normalized/F_S_WWC_WM/F_S_WWC_WM_689_norm.stl,pointclouds/F_S_WWC_WM/F_S_WWC_WM_689_pc.ply,-2.42027,-5.27693,1.8372,13.0724,0.67,-1.25,17.6627,-0.812788,33.7603,48.618,-12.6005,-0.4,-27.6258,-0.1,-12.6768,20.2159,14.4443,-18.4996,103.026,-25.1644,24.9894,-30.1989,-95.1769
F_S_WWC_WM_690,F_S_WWC_WM,train,0.238890483697674,0.0200070780096802,-0.0932169992641196,-0.146318521229235,0.0531015219295681,0.08375,0.0674733783994502,0.1085882121978335,0.9998802164940546,0.3767811485942368,0.2882342209476347,raw_stl/F_S_WWC_WM/F_S_WWC_WM_690.stl,normalized/F_S_WWC_WM/F_S_WWC_WM_690_norm.stl,pointclouds/F_S_WWC_WM/F_S_WWC_WM_690_pc.ply,-6.0247,-5.96851,17.9524,6.4,1.69,-0.46,15.4196,5.13453,-40.7466,32.2258,-4.08795,0.7,4.30522,0.9,43.265,12.1007,12.358,0.196185,56.9466,48.2634,-49.0516,74.2109,-59.6409
F_S_WWC_WM_691,F_S_WWC_WM,train,0.250920830943521,0.028937444828561563,-0.02988601354276,-0.058878266326578,0.0289922527844019,0.115325,0.0960181241424991,0.1463441699798135,0.9995915520384012,0.4680517632577047,0.3127943955670149,raw_stl/F_S_WWC_WM/F_S_WWC_WM_691.stl,normalized/F_S_WWC_WM/F_S_WWC_WM_691_norm.stl,pointclouds/F_S_WWC_WM/F_S_WWC_WM_691_pc.ply,8.3489,2.0005,4.31193,16.4241,-0.44,-1.4,-1.00204,8.49113,44.0123,41.6157,-7.19333,0.8,-25.7833,0.2,15.3162,28.4966,6.79044,18.9536,-30.7934,26.1719,98.7231,74.5018,-17.8464
F_S_WWC_WM_692,F_S_WWC_WM,train,0.256112456614617,0.02858215015819126,-0.0885433084056478,-0.091002537188372,0.0024592287781993,0.1116,0.0951973774191797,0.1379875676255584,0.9998998013128392,0.472235696051428,0.2922299104834155,raw_stl/F_S_WWC_WM/F_S_WWC_WM_692.stl,normalized/F_S_WWC_WM/F_S_WWC_WM_692_norm.stl,pointclouds/F_S_WWC_WM/F_S_WWC_WM_692_pc.ply,-0.984406,8.56897,12.7023,11.0611,-1.18,1.79,8.4556,8.50611,-17.9458,7.09599,-6.19086,0.5,-17.7082,-0.1,-22.3219,-19.9227,-22.1116,51.8572,83.587,-43.2823,127.814,4.8239,-33.4671
F_S_WWC_WM_693,F_S_WWC_WM,train,0.211346980365448,0.022238986008954267,0.0137885606211511,-0.0257880924846988,0.0395766531079734,0.105225,0.088924491632234,0.1386631437260209,0.999954596297845,0.4842854599053442,0.2863382267538419,raw_stl/F_S_WWC_WM/F_S_WWC_WM_693.stl,normalized/F_S_WWC_WM/F_S_WWC_WM_693_norm.stl,pointclouds/F_S_WWC_WM/F_S_WWC_WM_693_pc.ply,10.6885,-3.35733,1.64205,-18.7413,1.21,-1.21,5.27698,6.99778,13.3546,-22.0784,1.70953,0.3,-0.00628341,0.8,57.7151,-15.1186,-6.14367,-5.05854,-27.2674,-36.421,101.413,-27.0193,131.183
F_S_WWC_WM_694,F_S_WWC_WM,train,0.227160941013289,0.021495104043382472,-0.1285091299299,-0.0496227403076412,-0.0788863896491694,0.094625,0.0767377038206773,0.1182034321450034,0.9998327752139538,0.4459942105627696,0.2650778848574847,raw_stl/F_S_WWC_WM/F_S_WWC_WM_694.stl,normalized/F_S_WWC_WM/F_S_WWC_WM_694_norm.stl,pointclouds/F_S_WWC_WM/F_S_WWC_WM_694_pc.ply,4.99589,9.51522,17.9732,0.746453,0.98,1.86,10.6332,-1.45041,-24.0492,72.0605,-0.388454,0.8,36.5369,0.5,17.623,10.1165,21.0387,-10.0019,129.134,19.4551,132.599,-29.936,-22.2441
F_S_WWC_WM_695,F_S_WWC_WM,test,0.240866596684385,0.022454788475901793,-0.0629773047576445,-0.0962971063461794,0.0333198015858438,0.093225,0.0782779066345067,0.1211505498649809,0.999615513245432,0.4132160440262936,0.2933021365346185,raw_stl/F_S_WWC_WM/F_S_WWC_WM_695.stl,normalized/F_S_WWC_WM/F_S_WWC_WM_695_norm.stl,pointclouds/F_S_WWC_WM/F_S_WWC_WM_695_pc.ply,-1.72994,-3.32696,18.2957,-1.80484,-1.66,-0.3,8.72573,-2.55329,-6.16984,-81.0808,-0.51302,0.0,24.2504,0.6,32.2072,2.29186,27.9652,33.3519,71.562,6.4821,-9.75925,65.2299,4.13438
F_S_WWC_WM_696,F_S_WWC_WM,train,0.259413536053156,0.023820647948081048,-0.178008241734219,-0.140500003415282,-0.0375082383162109,0.091825,0.0795182958032679,0.1192982451591482,0.9999701778067364,0.423320669541493,0.2818237132852316,raw_stl/F_S_WWC_WM/F_S_WWC_WM_696.stl,normalized/F_S_WWC_WM/F_S_WWC_WM_696_norm.stl,pointclouds/F_S_WWC_WM/F_S_WWC_WM_696_pc.ply,-6.78225,7.35284,12.5561,-3.63019,-0.24,0.55,10.0909,-3.11099,48.0564,50.5379,-11.2561,-0.3,18.836,0.1,41.6691,15.0459,-13.3777,4.98423,83.2855,34.2759,-6.21867,-56.0253,-100.029
F_S_WWC_WM_697,F_S_WWC_WM,train,0.201641253897009,0.024328017282674134,0.0638923805700996,-0.0563456659837209,0.120238046568106,0.12065,0.1034813003306419,0.1605689092204351,0.9999512769988864,0.4961867711131863,0.3236215521033034,raw_stl/F_S_WWC_WM/F_S_WWC_WM_697.stl,normalized/F_S_WWC_WM/F_S_WWC_WM_697_norm.stl,pointclouds/F_S_WWC_WM/F_S_WWC_WM_697_pc.ply,9.57647,-4.20234,2.92762,-2.38679,1.25,1.03,14.0645,-4.66051,44.2323,132.149,2.62056,-0.2,29.0986,-0.1,31.5132,15.3858,-8.45925,-24.7427,-27.6356,40.1925,99.6222,62.1508,-76.3287
F_S_WWC_WM_698,F_S_WWC_WM,val,0.227135728122923,0.022770356744323032,-0.0147734082177923,-0.0013170636993406,-0.0134563445194636,0.10025,0.0816834025474827,0.1244947974149061,0.9998489110018832,0.4293111413198442,0.2900311640380559,raw_stl/F_S_WWC_WM/F_S_WWC_WM_698.stl,normalized/F_S_WWC_WM/F_S_WWC_WM_698_norm.stl,pointclouds/F_S_WWC_WM/F_S_WWC_WM_698_pc.ply,14.7942,-1.70443,4.66415,12.5388,-1.1,-0.61,8.54318,2.16372,49.087,29.2328,0.489951,0.6,37.5516,0.8,51.8538,18.3489,-3.55027,44.5543,-19.8305,-33.9209,54.3266,26.6718,-145.471
F_S_WWC_WM_699,F_S_WWC_WM,train,0.271189188302325,0.030617259359332495,0.0219798442578405,-0.110131519599667,0.132111363878073,0.1129,0.0926506777746123,0.1440685278839915,0.9999051225563296,0.4676401390036045,0.3081048567422244,raw_stl/F_S_WWC_WM/F_S_WWC_WM_699.stl,normalized/F_S_WWC_WM/F_S_WWC_WM_699_norm.stl,pointclouds/F_S_WWC_WM/F_S_WWC_WM_699_pc.ply,3.22923,7.82559,-7.11964,0.299608,-0.66,-0.18,4.94164,-0.958639,38.9943,59.7656,-5.32869,0.6,-26.6591,0.7,-21.2378,-6.31918,19.736,35.7931,-38.7778,-2.36745,89.7489,55.6363,-187.533
F_S_WWC_WM_700,F_S_WWC_WM,train,0.288409061963455,0.033520343226702554,0.0132796697585049,-0.0893605852916943,0.102640255050498,0.116225,0.0956899936337344,0.1471723375313812,0.9995569463888933,0.4552505983155009,0.3234209295144303,raw_stl/F_S_WWC_WM/F_S_WWC_WM_700.stl,normalized/F_S_WWC_WM/F_S_WWC_WM_700_norm.stl,pointclouds/F_S_WWC_WM/F_S_WWC_WM_700_pc.ply,-0.656325,10.4698,9.9764,9.62379,-0.09,-1.57,18.28,-2.66116,7.14904,149.948,-9.22691,0.0,-27.7653,0.4,4.98828,-8.39301,-12.7634,47.0086,-35.9059,-37.4068,26.6962,79.922,8.04395
